case,assumption,parameter,unit,truth,estimate,assumed_bound,noiseless_recovery_passed,converged,active_parameters,fit_nuisance_rank,truth_tangent_rank,local_sigma,sigma_to_assumed_bound,covariance_sha256,residual_evaluations,diagnostic_predictions,covariance_calibrated,empirical_earth_fit_attempts
bias,formal_only,accel_bias_x,m/s2,0.04,0.04000000009214149,0.1,True,True,1,1,1,0.0004492737030091126,0.004492737030091126,461566928274c56f64fbe1721ff2dfd8c41d43663f08963627d46179de2c72a0,23,3,False,0
bias,h1_v3_tau0,accel_bias_x,m/s2,0.04,0.039999999590961344,0.1,True,True,1,1,1,0.9386178880171837,9.386178880171837,53b74029e7cc8eb0e5fd4f90454ea77fb4d15f8bd6e7463008ff94f8f37127aa,16,3,False,0
bias,h1_v3_tau10,accel_bias_x,m/s2,0.04,0.039999998551273,0.1,True,True,1,1,1,0.5637568296918446,5.637568296918446,81bc9bbef80a7ca353ca7742e49e18a6cf6fc0c287ef842b34ce43cc1ca025b5,16,3,False,0
bias,h1_v3_tau60,accel_bias_x,m/s2,0.04,0.03999999877141742,0.1,True,True,1,1,1,0.3108534335304262,3.108534335304262,e5a69a7d46b14401b6fec19bf190619523e4961b81f1aa146d822a14eea6f3ad,23,3,False,0
bias,h1_v3_tau300,accel_bias_x,m/s2,0.04,0.039999998673580554,0.1,True,True,1,1,1,0.15211091244353328,1.5211091244353327,5f200d0eff426f1c6f5ffbf74ce7e95fa19a5f5004d1d79491c31b9b14eed6e8,23,3,False,0
bias,h3_v10_tau0,accel_bias_x,m/s2,0.04,0.03999999679594696,0.1,True,True,1,1,1,2.8158530451932107,28.158530451932105,9ee1753869c11914ba12d15cb516f8e53af79bd018842a6e39377789dc80c34f,14,3,False,0
bias,h3_v10_tau10,accel_bias_x,m/s2,0.04,0.0399999985503044,0.1,True,True,1,1,1,1.6912631879183366,16.912631879183365,886eece9fcbcea7109e4721ef53263a14c56f41c947fface22d7f2a756264da7,16,3,False,0
bias,h3_v10_tau60,accel_bias_x,m/s2,0.04,0.039999998096873525,0.1,True,True,1,1,1,0.9325206754117122,9.325206754117122,1ce0bf1c5e9fdeaca4d0d0460cdc5da1ce992429280135662d179221118ef760,16,3,False,0
bias,h3_v10_tau300,accel_bias_x,m/s2,0.04,0.03999999866616824,0.1,True,True,1,1,1,0.4562173778842629,4.562173778842629,4babaa3118a31d5de9d3119147248eccaf244b2cd1812ad915f4b97e10ad357c,23,3,False,0
bias,h10_v30_tau0,accel_bias_x,m/s2,0.04,0.039999974304937826,0.1,True,True,1,1,1,9.386176582660172,93.86176582660171,2b13d1c76343d75668a5673e53b2498c00c17685b8a83aa1bc5c74b48895d0ca,12,3,False,0
bias,h10_v30_tau10,accel_bias_x,m/s2,0.04,0.03999997320511085,0.1,True,True,1,1,1,5.637541191313569,56.375411913135686,03ef575b766411df9bdf3295f6279165dc6448012fcfad82061c701ec9ca4f30,12,3,False,0
bias,h10_v30_tau60,accel_bias_x,m/s2,0.04,0.04000000207550447,0.1,True,True,1,1,1,3.108387225233775,31.08387225233775,fcecf2edeabf726e0d462a983d31e3a5ceb58618f18ee720ce16b17411da086f,14,3,False,0
bias,h10_v30_tau300,accel_bias_x,m/s2,0.04,0.03999999795465851,0.1,True,True,1,1,1,1.5206808322547547,15.206808322547547,5e6d2e35bdd3c7127837f2a06f94d459a965f74054fc7927f7cb2b2388f471be,16,3,False,0
effective_orientation,formal_only,attitude_y,rad,0.002,0.001999999120640333,0.01,True,True,1,1,1,4.581534296121881e-05,0.004581534296121881,461566928274c56f64fbe1721ff2dfd8c41d43663f08963627d46179de2c72a0,21,3,False,0
effective_orientation,h1_v3_tau0,attitude_y,rad,0.002,0.001999999346954737,0.01,True,True,1,1,1,0.09570725429471583,9.570725429471583,53b74029e7cc8eb0e5fd4f90454ea77fb4d15f8bd6e7463008ff94f8f37127aa,21,3,False,0
effective_orientation,h1_v3_tau10,attitude_y,rad,0.002,0.002000000006797554,0.01,True,True,1,1,1,0.05747685325026007,5.747685325026007,81bc9bbef80a7ca353ca7742e49e18a6cf6fc0c287ef842b34ce43cc1ca025b5,20,3,False,0
effective_orientation,h1_v3_tau60,attitude_y,rad,0.002,0.0019999998395052866,0.01,True,True,1,1,1,0.031689265383157424,3.168926538315742,e5a69a7d46b14401b6fec19bf190619523e4961b81f1aa146d822a14eea6f3ad,19,3,False,0
effective_orientation,h1_v3_tau300,attitude_y,rad,0.002,0.0020000000324323208,0.01,True,True,1,1,1,0.015505925262589105,1.5505925262589104,5f200d0eff426f1c6f5ffbf74ce7e95fa19a5f5004d1d79491c31b9b14eed6e8,18,3,False,0
effective_orientation,h3_v10_tau0,attitude_y,rad,0.002,0.001999999261950138,0.01,True,True,1,1,1,0.28712169977343865,28.712169977343866,9ee1753869c11914ba12d15cb516f8e53af79bd018842a6e39377789dc80c34f,15,3,False,0
effective_orientation,h3_v10_tau10,attitude_y,rad,0.002,0.002000000008399379,0.01,True,True,1,1,1,0.17242981512680633,17.242981512680633,886eece9fcbcea7109e4721ef53263a14c56f41c947fface22d7f2a756264da7,20,3,False,0
effective_orientation,h3_v10_tau60,attitude_y,rad,0.002,0.002000000109916837,0.01,True,True,1,1,1,0.09506375591864447,9.506375591864446,1ce0bf1c5e9fdeaca4d0d0460cdc5da1ce992429280135662d179221118ef760,19,3,False,0
effective_orientation,h3_v10_tau300,attitude_y,rad,0.002,0.0020000000467314556,0.01,True,True,1,1,1,0.04650601513107251,4.650601513107251,4babaa3118a31d5de9d3119147248eccaf244b2cd1812ad915f4b97e10ad357c,18,3,False,0
effective_orientation,h10_v30_tau0,attitude_y,rad,0.002,0.0020000000001014363,0.01,True,True,1,1,1,0.9570723086483638,95.70723086483638,2b13d1c76343d75668a5673e53b2498c00c17685b8a83aa1bc5c74b48895d0ca,12,3,False,0
effective_orientation,h10_v30_tau10,attitude_y,rad,0.002,0.0020000000342393497,0.01,True,True,1,1,1,0.5747657680799446,57.476576807994455,03ef575b766411df9bdf3295f6279165dc6448012fcfad82061c701ec9ca4f30,12,3,False,0
effective_orientation,h10_v30_tau60,attitude_y,rad,0.002,0.0020000000816182556,0.01,True,True,1,1,1,0.316877654312336,31.6877654312336,fcecf2edeabf726e0d462a983d31e3a5ceb58618f18ee720ce16b17411da086f,12,3,False,0
effective_orientation,h10_v30_tau300,attitude_y,rad,0.002,0.002000000209626287,0.01,True,True,1,1,1,0.15501558912490881,15.501558912490882,5e6d2e35bdd3c7127837f2a06f94d459a965f74054fc7927f7cb2b2388f471be,12,3,False,0
gain,formal_only,accel_gain_x,fraction,0.003,0.003013468333290478,0.01,True,True,1,1,1,0.0007975132948977307,0.07975132948977307,461566928274c56f64fbe1721ff2dfd8c41d43663f08963627d46179de2c72a0,22,3,False,0
gain,h1_v3_tau0,accel_gain_x,fraction,0.003,0.003008860942607607,0.01,True,True,1,1,1,1.5183156573475163,151.83156573475162,53b74029e7cc8eb0e5fd4f90454ea77fb4d15f8bd6e7463008ff94f8f37127aa,12,3,False,0
gain,h1_v3_tau10,accel_gain_x,fraction,0.003,0.0030035798654696605,0.01,True,True,1,1,1,0.7469523162496137,74.69523162496137,81bc9bbef80a7ca353ca7742e49e18a6cf6fc0c287ef842b34ce43cc1ca025b5,12,3,False,0
gain,h1_v3_tau60,accel_gain_x,fraction,0.003,0.0030010161397576824,0.01,True,True,1,1,1,0.3640966493482856,36.40966493482856,e5a69a7d46b14401b6fec19bf190619523e4961b81f1aa146d822a14eea6f3ad,20,3,False,0
gain,h1_v3_tau300,accel_gain_x,fraction,0.003,0.0030002318501182353,0.01,True,True,1,1,1,0.17025504845910935,17.025504845910934,5f200d0eff426f1c6f5ffbf74ce7e95fa19a5f5004d1d79491c31b9b14eed6e8,20,3,False,0
gain,h3_v10_tau0,accel_gain_x,fraction,0.003,0.003008860938053527,0.01,True,True,1,1,1,4.554945828143092,455.4945828143092,9ee1753869c11914ba12d15cb516f8e53af79bd018842a6e39377789dc80c34f,12,3,False,0
gain,h3_v10_tau10,accel_gain_x,fraction,0.003,0.0030035797368069225,0.01,True,True,1,1,1,2.2408430273921756,224.08430273921755,886eece9fcbcea7109e4721ef53263a14c56f41c947fface22d7f2a756264da7,12,3,False,0
gain,h3_v10_tau60,accel_gain_x,fraction,0.003,0.003001015587581467,0.01,True,True,1,1,1,1.092236691576166,109.22366915761661,1ce0bf1c5e9fdeaca4d0d0460cdc5da1ce992429280135662d179221118ef760,12,3,False,0
gain,h3_v10_tau300,accel_gain_x,fraction,0.003,0.0030002320824739867,0.01,True,True,1,1,1,0.5106304649790251,51.06304649790251,4babaa3118a31d5de9d3119147248eccaf244b2cd1812ad915f4b97e10ad357c,20,3,False,0
gain,h10_v30_tau0,accel_gain_x,fraction,0.003,0.0030083896156587763,0.01,True,True,1,1,1,15.183152326748289,1518.3152326748288,2b13d1c76343d75668a5673e53b2498c00c17685b8a83aa1bc5c74b48895d0ca,10,3,False,0
gain,h10_v30_tau10,accel_gain_x,fraction,0.003,0.003003107457917982,0.01,True,True,1,1,1,7.469471479356948,746.9471479356948,03ef575b766411df9bdf3295f6279165dc6448012fcfad82061c701ec9ca4f30,10,3,False,0
gain,h10_v30_tau60,accel_gain_x,fraction,0.003,0.0030010172181937017,0.01,True,True,1,1,1,3.640768776866309,364.0768776866309,fcecf2edeabf726e0d462a983d31e3a5ceb58618f18ee720ce16b17411da086f,12,3,False,0
gain,h10_v30_tau300,accel_gain_x,fraction,0.003,0.003000232008964922,0.01,True,True,1,1,1,1.7020504604499074,170.20504604499072,5e6d2e35bdd3c7127837f2a06f94d459a965f74054fc7927f7cb2b2388f471be,12,3,False,0
timing,formal_only,time_offset,s,0.035,0.03499470099150729,0.08,True,True,1,1,1,0.00028803624568288336,0.003600453071036042,461566928274c56f64fbe1721ff2dfd8c41d43663f08963627d46179de2c72a0,18,3,False,0
timing,h1_v3_tau0,time_offset,s,0.035,0.034994479994681096,0.08,True,True,1,1,1,0.8258930235356572,10.323662794195714,53b74029e7cc8eb0e5fd4f90454ea77fb4d15f8bd6e7463008ff94f8f37127aa,14,3,False,0
timing,h1_v3_tau10,time_offset,s,0.035,0.03499572157939924,0.08,True,True,1,1,1,0.6398946815663006,7.998683519578758,81bc9bbef80a7ca353ca7742e49e18a6cf6fc0c287ef842b34ce43cc1ca025b5,14,3,False,0
timing,h1_v3_tau60,time_offset,s,0.035,0.03499791621965568,0.08,True,True,1,1,1,0.4068276383713711,5.085345479642139,e5a69a7d46b14401b6fec19bf190619523e4961b81f1aa146d822a14eea6f3ad,21,3,False,0
timing,h1_v3_tau300,time_offset,s,0.035,0.034999437319217,0.08,True,True,1,1,1,0.212407889368522,2.655098617106525,5f200d0eff426f1c6f5ffbf74ce7e95fa19a5f5004d1d79491c31b9b14eed6e8,24,3,False,0
timing,h3_v10_tau0,time_offset,s,0.035,0.03499447998869986,0.08,True,True,1,1,1,2.4776787879976134,30.970984849970165,9ee1753869c11914ba12d15cb516f8e53af79bd018842a6e39377789dc80c34f,14,3,False,0
timing,h3_v10_tau10,time_offset,s,0.035,0.03499572194238239,0.08,True,True,1,1,1,1.9196781914569505,23.99597739321188,886eece9fcbcea7109e4721ef53263a14c56f41c947fface22d7f2a756264da7,14,3,False,0
timing,h3_v10_tau60,time_offset,s,0.035,0.03499799129926412,0.08,True,True,1,1,1,1.2204386500016653,15.255483125020817,1ce0bf1c5e9fdeaca4d0d0460cdc5da1ce992429280135662d179221118ef760,14,3,False,0
timing,h3_v10_tau300,time_offset,s,0.035,0.03499943740641941,0.08,True,True,1,1,1,0.6370692648469294,7.963365810586617,4babaa3118a31d5de9d3119147248eccaf244b2cd1812ad915f4b97e10ad357c,26,3,False,0
timing,h10_v30_tau0,time_offset,s,0.035,0.034994415891478996,0.08,True,True,1,1,1,8.258929186169294,103.23661482711616,2b13d1c76343d75668a5673e53b2498c00c17685b8a83aa1bc5c74b48895d0ca,12,3,False,0
timing,h10_v30_tau10,time_offset,s,0.035,0.03499565349540775,0.08,True,True,1,1,1,6.398925085451166,79.98656356813957,03ef575b766411df9bdf3295f6279165dc6448012fcfad82061c701ec9ca4f30,12,3,False,0
timing,h10_v30_tau60,time_offset,s,0.035,0.034997991205744754,0.08,True,True,1,1,1,4.06811204753388,50.851400594173505,fcecf2edeabf726e0d462a983d31e3a5ceb58618f18ee720ce16b17411da086f,14,3,False,0
timing,h10_v30_tau300,time_offset,s,0.035,0.034999438300479045,0.08,True,True,1,1,1,2.123505643474339,26.543820543429238,5e6d2e35bdd3c7127837f2a06f94d459a965f74054fc7927f7cb2b2388f471be,14,3,False,0
orientation_acceleration_ambiguity,formal_only,accel_bias_x,m/s2,0.0,0.009905174770231014,0.1,True,True,3,2,2,,,461566928274c56f64fbe1721ff2dfd8c41d43663f08963627d46179de2c72a0,56,7,False,0
orientation_acceleration_ambiguity,formal_only,accel_bias_z,m/s2,0.0,1.4809690388879022e-05,0.1,True,True,3,2,2,,,461566928274c56f64fbe1721ff2dfd8c41d43663f08963627d46179de2c72a0,56,7,False,0
orientation_acceleration_ambiguity,formal_only,attitude_y,rad,0.002,0.0009902961107022016,0.01,True,True,3,2,2,,,461566928274c56f64fbe1721ff2dfd8c41d43663f08963627d46179de2c72a0,56,7,False,0
orientation_acceleration_ambiguity,h1_v3_tau0,accel_bias_x,m/s2,0.0,0.00990408405853789,0.1,True,True,3,2,2,,,53b74029e7cc8eb0e5fd4f90454ea77fb4d15f8bd6e7463008ff94f8f37127aa,32,7,False,0
orientation_acceleration_ambiguity,h1_v3_tau0,accel_bias_z,m/s2,0.0,1.4808684189399265e-05,0.1,True,True,3,2,2,,,53b74029e7cc8eb0e5fd4f90454ea77fb4d15f8bd6e7463008ff94f8f37127aa,32,7,False,0
orientation_acceleration_ambiguity,h1_v3_tau0,attitude_y,rad,0.002,0.0009904080510405697,0.01,True,True,3,2,2,,,53b74029e7cc8eb0e5fd4f90454ea77fb4d15f8bd6e7463008ff94f8f37127aa,32,7,False,0
orientation_acceleration_ambiguity,h1_v3_tau10,accel_bias_x,m/s2,0.0,0.009904084142473948,0.1,True,True,3,2,2,,,81bc9bbef80a7ca353ca7742e49e18a6cf6fc0c287ef842b34ce43cc1ca025b5,35,7,False,0
orientation_acceleration_ambiguity,h1_v3_tau10,accel_bias_z,m/s2,0.0,1.4808684290472631e-05,0.1,True,True,3,2,2,,,81bc9bbef80a7ca353ca7742e49e18a6cf6fc0c287ef842b34ce43cc1ca025b5,35,7,False,0
orientation_acceleration_ambiguity,h1_v3_tau10,attitude_y,rad,0.002,0.0009904080245985796,0.01,True,True,3,2,2,,,81bc9bbef80a7ca353ca7742e49e18a6cf6fc0c287ef842b34ce43cc1ca025b5,35,7,False,0
orientation_acceleration_ambiguity,h1_v3_tau60,accel_bias_x,m/s2,0.0,0.009904083498461072,0.1,True,True,3,2,2,,,e5a69a7d46b14401b6fec19bf190619523e4961b81f1aa146d822a14eea6f3ad,42,7,False,0
orientation_acceleration_ambiguity,h1_v3_tau60,accel_bias_z,m/s2,0.0,1.480867488470131e-05,0.1,True,True,3,2,2,,,e5a69a7d46b14401b6fec19bf190619523e4961b81f1aa146d822a14eea6f3ad,42,7,False,0
orientation_acceleration_ambiguity,h1_v3_tau60,attitude_y,rad,0.002,0.0009904078395465284,0.01,True,True,3,2,2,,,e5a69a7d46b14401b6fec19bf190619523e4961b81f1aa146d822a14eea6f3ad,42,7,False,0
orientation_acceleration_ambiguity,h1_v3_tau300,accel_bias_x,m/s2,0.0,0.00990409110916556,0.1,True,True,3,2,2,,,5f200d0eff426f1c6f5ffbf74ce7e95fa19a5f5004d1d79491c31b9b14eed6e8,62,7,False,0
orientation_acceleration_ambiguity,h1_v3_tau300,accel_bias_z,m/s2,0.0,1.4808646003863316e-05,0.1,True,True,3,2,2,,,5f200d0eff426f1c6f5ffbf74ce7e95fa19a5f5004d1d79491c31b9b14eed6e8,62,7,False,0
orientation_acceleration_ambiguity,h1_v3_tau300,attitude_y,rad,0.002,0.000990408381523184,0.01,True,True,3,2,2,,,5f200d0eff426f1c6f5ffbf74ce7e95fa19a5f5004d1d79491c31b9b14eed6e8,62,7,False,0
orientation_acceleration_ambiguity,h3_v10_tau0,accel_bias_x,m/s2,0.0,0.009904083823049893,0.1,True,True,3,2,2,,,9ee1753869c11914ba12d15cb516f8e53af79bd018842a6e39377789dc80c34f,32,7,False,0
orientation_acceleration_ambiguity,h3_v10_tau0,accel_bias_z,m/s2,0.0,1.4808687438202514e-05,0.1,True,True,3,2,2,,,9ee1753869c11914ba12d15cb516f8e53af79bd018842a6e39377789dc80c34f,32,7,False,0
orientation_acceleration_ambiguity,h3_v10_tau0,attitude_y,rad,0.002,0.0009904080787194766,0.01,True,True,3,2,2,,,9ee1753869c11914ba12d15cb516f8e53af79bd018842a6e39377789dc80c34f,32,7,False,0
orientation_acceleration_ambiguity,h3_v10_tau10,accel_bias_x,m/s2,0.0,0.00990408385804564,0.1,True,True,3,2,2,,,886eece9fcbcea7109e4721ef53263a14c56f41c947fface22d7f2a756264da7,32,7,False,0
orientation_acceleration_ambiguity,h3_v10_tau10,accel_bias_z,m/s2,0.0,1.4808687532017932e-05,0.1,True,True,3,2,2,,,886eece9fcbcea7109e4721ef53263a14c56f41c947fface22d7f2a756264da7,32,7,False,0
orientation_acceleration_ambiguity,h3_v10_tau10,attitude_y,rad,0.002,0.00099040805352321,0.01,True,True,3,2,2,,,886eece9fcbcea7109e4721ef53263a14c56f41c947fface22d7f2a756264da7,32,7,False,0
orientation_acceleration_ambiguity,h3_v10_tau60,accel_bias_x,m/s2,0.0,0.009904084485752584,0.1,True,True,3,2,2,,,1ce0bf1c5e9fdeaca4d0d0460cdc5da1ce992429280135662d179221118ef760,44,7,False,0
orientation_acceleration_ambiguity,h3_v10_tau60,accel_bias_z,m/s2,0.0,1.4808689110062956e-05,0.1,True,True,3,2,2,,,1ce0bf1c5e9fdeaca4d0d0460cdc5da1ce992429280135662d179221118ef760,44,7,False,0
orientation_acceleration_ambiguity,h3_v10_tau60,attitude_y,rad,0.002,0.000990407989604016,0.01,True,True,3,2,2,,,1ce0bf1c5e9fdeaca4d0d0460cdc5da1ce992429280135662d179221118ef760,44,7,False,0
orientation_acceleration_ambiguity,h3_v10_tau300,accel_bias_x,m/s2,0.0,0.00990796091301292,0.1,True,True,3,2,2,,,4babaa3118a31d5de9d3119147248eccaf244b2cd1812ad915f4b97e10ad357c,46,7,False,0
orientation_acceleration_ambiguity,h3_v10_tau300,accel_bias_z,m/s2,0.0,1.4812475810567275e-05,0.1,True,True,3,2,2,,,4babaa3118a31d5de9d3119147248eccaf244b2cd1812ad915f4b97e10ad357c,46,7,False,0
orientation_acceleration_ambiguity,h3_v10_tau300,attitude_y,rad,0.002,0.0009900127572234926,0.01,True,True,3,2,2,,,4babaa3118a31d5de9d3119147248eccaf244b2cd1812ad915f4b97e10ad357c,46,7,False,0
orientation_acceleration_ambiguity,h10_v30_tau0,accel_bias_x,m/s2,0.0,0.009904084058422186,0.1,True,True,3,2,2,,,2b13d1c76343d75668a5673e53b2498c00c17685b8a83aa1bc5c74b48895d0ca,22,7,False,0
orientation_acceleration_ambiguity,h10_v30_tau0,accel_bias_z,m/s2,0.0,1.480868417283804e-05,0.1,True,True,3,2,2,,,2b13d1c76343d75668a5673e53b2498c00c17685b8a83aa1bc5c74b48895d0ca,22,7,False,0
orientation_acceleration_ambiguity,h10_v30_tau0,attitude_y,rad,0.002,0.0009904080510436722,0.01,True,True,3,2,2,,,2b13d1c76343d75668a5673e53b2498c00c17685b8a83aa1bc5c74b48895d0ca,22,7,False,0
orientation_acceleration_ambiguity,h10_v30_tau10,accel_bias_x,m/s2,0.0,0.009904084139476382,0.1,True,True,3,2,2,,,03ef575b766411df9bdf3295f6279165dc6448012fcfad82061c701ec9ca4f30,22,7,False,0
orientation_acceleration_ambiguity,h10_v30_tau10,accel_bias_z,m/s2,0.0,1.4808684284044758e-05,0.1,True,True,3,2,2,,,03ef575b766411df9bdf3295f6279165dc6448012fcfad82061c701ec9ca4f30,22,7,False,0
orientation_acceleration_ambiguity,h10_v30_tau10,attitude_y,rad,0.002,0.0009904080245813525,0.01,True,True,3,2,2,,,03ef575b766411df9bdf3295f6279165dc6448012fcfad82061c701ec9ca4f30,22,7,False,0
orientation_acceleration_ambiguity,h10_v30_tau60,accel_bias_x,m/s2,0.0,0.009904084677953583,0.1,True,True,3,2,2,,,fcecf2edeabf726e0d462a983d31e3a5ceb58618f18ee720ce16b17411da086f,22,7,False,0
orientation_acceleration_ambiguity,h10_v30_tau60,accel_bias_z,m/s2,0.0,1.4808683774364266e-05,0.1,True,True,3,2,2,,,fcecf2edeabf726e0d462a983d31e3a5ceb58618f18ee720ce16b17411da086f,22,7,False,0
orientation_acceleration_ambiguity,h10_v30_tau60,attitude_y,rad,0.002,0.0009904079977745427,0.01,True,True,3,2,2,,,fcecf2edeabf726e0d462a983d31e3a5ceb58618f18ee720ce16b17411da086f,22,7,False,0
orientation_acceleration_ambiguity,h10_v30_tau300,accel_bias_x,m/s2,0.0,0.009904085914307227,0.1,True,True,3,2,2,,,5e6d2e35bdd3c7127837f2a06f94d459a965f74054fc7927f7cb2b2388f471be,22,7,False,0
orientation_acceleration_ambiguity,h10_v30_tau300,accel_bias_z,m/s2,0.0,1.480870913179882e-05,0.1,True,True,3,2,2,,,5e6d2e35bdd3c7127837f2a06f94d459a965f74054fc7927f7cb2b2388f471be,22,7,False,0
orientation_acceleration_ambiguity,h10_v30_tau300,attitude_y,rad,0.002,0.0009904080394256669,0.01,True,True,3,2,2,,,5e6d2e35bdd3c7127837f2a06f94d459a965f74054fc7927f7cb2b2388f471be,22,7,False,0
