task_id,filename,classification,native_longest_motion_s,without_course_limit_longest_s,course_excursions,course_excursions_under_1s,course_longest_excursion_s,navigation_2s_longest_s,navigation_6s_longest_s,navigation_12s_longest_s,receiver_2s_longest_s,receiver_6s_longest_s,receiver_12s_longest_s,receiver_associated_samples,source_sha256,storage_decision,scientific_eligible
594999d9bb7345ad87d3,ILVIS0_gyro_54935_lvis_applanix_POSAV.013,course_rate_resolution_sensitive,4.960007735498948,189.97991370377713,2227,2227,0.14000799212954007,105.07996180976625,120.0999446081114,189.97991370377713,104.0,190.0,190.0,489,c83dfe2728b03bcdcd84edce7c538adf730380d7f7eb78cdbe068103094fb79a,keep,False
55459ded925fbb5b286f,ILVIS0_applanix_55120_LVIS_GSFC_510_POSAV.013,course_rate_resolution_sensitive,17.900018992368132,235.980010137544,189,189,0.04010876617394388,235.980010137544,235.980010137544,235.980010137544,236.0,236.0,236.0,475,c8c4285ffeaf1ef8dbd474c17f0b2c52edf60644cb060508bf3b7fa3d6960afa,keep,False
b007185bd3fe112c44c3,ILVIS0_applanix_55124_LVIS_GSFC_510_POSAV.013,course_rate_resolution_sensitive,35.180006085603964,430.98003862969927,174,174,0.040026149872574024,430.98003862969927,430.98003862969927,430.98003862969927,431.0,431.0,431.0,482,b696f62ba33fe7c06d5608c44449b0100e7416928c788ef82328769c92729986,keep,False
4e045339dc4bf2ba0589,ILVIS0_applanix_55125_LVIS_GSFC_510_POSAV.013,course_rate_resolution_sensitive,20.279999942344148,446.98003837367287,237,237,0.04001001222059131,446.98003837367287,446.98003837367287,446.98003837367287,447.0,447.0,447.0,498,5f224779f7debf7e7418a8f7086f8c20978c020612e912aa3af05535b48d5e5d,keep,False
dd4066b4761ccf5f031d,ILVIS0_applanix_55128_LVIS_GSFC_510_POSAV.013,course_rate_resolution_sensitive,16.97999650100246,431.9800087537151,285,285,0.04001293471083045,431.9800087537151,431.9800087537151,431.9800087537151,432.0,432.0,432.0,483,65d338b71cd0da67a7a073cd287af24390e02613da2ee810cddffd6aba284ad3,keep,False
798c004bb4435dcf2723,ILVIS0_applanix_55131_LVIS_GSFC_510_POSAV.013,course_rate_resolution_sensitive,16.200006309867604,439.9800527820771,418,418,0.13999798439908773,223.40001314910478,439.9800527820771,439.9800527820771,222.0,440.0,440.0,491,2dbe8a2882ba9a8a476c91f2857b3e422f19194944eee08fca8f508eb3c9c385,keep,False
80ec450f8cedbc70215e,ILVIS0_applanix_55133_LVIS_GSFC_510_POSAV.013,course_rate_resolution_sensitive,33.17999713064637,437.9800310548744,391,391,0.13999695429811254,294.70001934142783,437.9800310548744,437.9800310548744,152.0,438.0,438.0,489,7d6ee14f3a265c00ca753cc29a591c4a27e8fde29e35864289467e8464b445e9,keep,False
4ad8d8525fc91ac7243d,ILVIS0_applanix_55135_LVIS_GSFC_510_POSAV.013,course_rate_resolution_sensitive,27.43999957293272,439.9600488257129,400,400,0.08000324387103319,439.9600488257129,439.9600488257129,439.9600488257129,440.0,440.0,440.0,490,d05c9e479b1365c85abc2490aeb0276035c1bddac9adbd97672b6e2d2030f6fa,keep,False
c98891d2a38c480fe3e6,ILVIS0_applanix_55139_LVIS_GSFC_510_POSAV.013,course_rate_resolution_sensitive,47.66001374425832,436.9800134343677,68,68,0.04003959282999858,436.9800134343677,436.9800134343677,436.9800134343677,437.0,437.0,437.0,488,0609af5f0d407b1016cba639abb47ed0a0428f5e12b6d36d1bbb679f73a7aac0,keep,False
29a285ee434f73726bb5,ILVIS0_applanix_55140_LVIS_GSFC_510_POSAV.013,course_rate_resolution_sensitive,12.73999803722836,430.98004132538335,257,257,0.05999476643046364,430.98004132538335,430.98004132538335,430.98004132538335,431.0,431.0,431.0,482,42865f388e0fa3d7544b10b7b634f4192fc6bcc13544bf68bb9580ab4e2592db,keep,False
0d906637c82059f4b956,ILVIS0_applanix_55278_20100323_510_LVIS_POSAV.013,course_rate_resolution_sensitive,5.019988722429844,196.9800282390206,507,507,0.12001234869239852,136.6800284825149,196.9800282390206,196.9800282390206,197.0,197.0,197.0,483,b315d46ac969ce1b03534e732390ffef46f94ed38e575e24cbc769d121696821,keep,False
d148e0852763f01663d4,ILVIS0_applanix_55279_20100324_510_LVIS_POSAV.013,course_rate_resolution_sensitive,9.499999243300408,133.98001175798709,120,120,0.040011003438849,133.98001175798709,133.98001175798709,133.98001175798709,134.0,134.0,134.0,482,ba025494e62e91ba6f1dd7dbd1f1a3c36824915cf043603cb590409e287fc77a,keep,False
e3ab04fb98d3e143dde9,ILVIS0_applanix_55281_20100326_510_LVIS_POSAV.013,course_rate_resolution_sensitive,2.740004747756757,161.54002657416277,1866,1866,0.9799830934498459,105.60000119189499,151.8000198592199,152.38001796754543,124.0,246.0,248.0,482,245a4590984b5d3be818d98c7cd14035f316d4285dd811472a18a6cbebe612a5,keep,False
7fe534a78767ef149e22,ILVIS0_applanix_55288_20100402_510_LVIS_POSAV.013,course_rate_resolution_sensitive,2.2200191630399786,313.98006668535527,1715,1715,0.12000739912036806,168.4800345346448,168.76005344517762,313.98006668535527,167.0,168.0,314.0,482,7ae961a02f336381e7e1001fbee1cfbe9f6e2fc3964611031f7826d586ec78d2,keep,False
d2ec4f1e1707c0d93dc2,ILVIS0_applanix_55291_20100405_510_LVIS_POSAV.013,course_rate_resolution_sensitive,2.2399960044567706,430.9800636129803,1983,1983,0.22000928118359298,171.76002572597645,273.02003909599443,430.9800636129803,270.0,273.0,431.0,482,e29e65a69071264544d14d38d9b0015dffa5f6a4dedd5ade6543b2d767d6fddc,keep,False
cd66a80e294af3d53697,ILVIS0_applanix_55295_20100409_510_LVIS_POSAV.013,course_rate_resolution_sensitive,31.460001336061396,137.98003105947282,175,175,0.3200141114066355,117.9200105718337,117.98003204725683,119.08002798131201,118.0,118.0,119.0,489,028bc903367d9cef5854ff8922ae777d9c1a058b1bb610bb589f0c9245a6e489,keep,False
024088f20237d75d91ce,ILVIS0_applanix_55299_20100413_LVIS_510_POSAV.013,additional_roll_or_climb_fragmentation,1.860010418924503,35.67998999165138,320,320,0.39999152219388634,15.840004914061865,27.83999055097229,29.07999731771997,26.0,31.0,64.0,490,2c35698af64c154cffa9207c6ed10b30d4d572360be3554531cd1df4d128ee83,keep,False
9144c20384fb71e4b1e3,ILVIS0_applanix_55300_20100414_LVIS510_POSAV.013,course_rate_resolution_sensitive,11.379990989924408,435.9800573656685,363,363,0.0400198990246281,435.9800573656685,435.9800573656685,435.9800573656685,436.0,436.0,436.0,487,db5dbda2fc2385c762fc35659959e1663b479c718a09090722fb8f44d3435f91,keep,False
abe6956666c05eecbbf9,ILVIS0_applanix_55305_20100419_LVIS510_POSAV.013,course_rate_resolution_sensitive,4.480008626414929,374.2400295318366,1037,1037,0.10000084857165348,374.2400295318366,374.2400295318366,374.2400295318366,446.0,446.0,446.0,497,7efb02b6cf37e7581b561ce2d698ac8280b43ca97f7457fb11d66c4d364ac47e,keep,False
4daae299476a856df920,ILVIS0_applanix_55306_20100420_LVIS510_POSAV.013,course_rate_resolution_sensitive,8.94001308523002,142.9800184155174,1091,1091,0.1400020669971127,101.08002206048695,102.48002669634297,142.9800184155174,101.0,143.0,143.0,497,9ff8cb138981b86b1585f0f5c729d0f2c585c35d8aa3546204a86d123e5b268e,keep,False
1fec3d39099d0e619100,ILVIS0_applanix_55307_20100421_LVIS510_POSAV.013,course_rate_resolution_sensitive,8.920007571112365,437.98006678768434,674,674,0.08001613867236301,437.98006678768434,437.98006678768434,437.98006678768434,438.0,438.0,438.0,489,c2e58674c46974395abe5735949fd32ebcf076f1c7e6fb130078128673b96afb,keep,False
f166954fecd1d93111ee,ILVIS0_applanix_55495_20101026_510_lvis_LVIS.013,course_rate_resolution_sensitive,28.399996729014674,197.98001750954427,621,621,0.10002313161385246,197.98001750954427,197.98001750954427,197.98001750954427,198.0,198.0,198.0,486,3509e0d5099f758d963684048dc7043f9c70d33dda23345c0d74f710a4433ccb,keep,False
953bf000f10421faad04,ILVIS0_applanix_55497_20101028_510_LVIS.013,course_rate_resolution_sensitive,41.160000056086574,251.9800390120945,239,239,0.27998921362450346,170.96003456105245,170.56003445066744,251.9800390120945,168.0,170.0,252.0,474,e3d28f00cb3fd1acde8ac38a307110b331fc4775058b012bdf74a850920c0492,keep,False
de0755286667fab3c707,ILVIS0_applanix_55499_20101030_510_LVIS.013,course_rate_resolution_sensitive,34.80000539449975,394.98005077568814,272,272,0.0400238789152354,394.98005077568814,394.98005077568814,394.98005077568814,395.0,395.0,395.0,484,7f35e6476568a8f7ed8c96f3da489af6ea1e45be03e14b18946eac81dabbe55b,keep,False
45d2c3d47421eb1af468,ILVIS0_applanix_55504_20101104_510_lvis_LVIS.013,course_rate_resolution_sensitive,31.779984155728016,432.9800627484801,60,60,0.019999466428998858,432.9800627484801,432.9800627484801,432.9800627484801,433.0,433.0,433.0,484,1acc7dc22109bc8768cfb2219be59f4818b326e27faa404e1d8bcab72f248ab2,keep,False
f2a610caa1c8af459d3f,ILVIS0_applanix_55505_20101105_510_lvis_LVIS.013,course_rate_resolution_sensitive,44.30002105148742,113.98001959518297,47,47,0.04000157956033945,113.98001959518297,113.98001959518297,113.98001959518297,114.0,114.0,114.0,484,43e28a6a910974116d4227bceb33e681482b7d6b9b402c2330e86ea0e1814f49,keep,False
010c70375fc8e3a31be0,ILVIS0_applanix_55506_20101106_510_lvis_LVIS.013,course_rate_resolution_sensitive,18.14000526687596,93.98000627453439,77,77,0.039979205233976245,93.98000627453439,93.98000627453439,93.98000627453439,94.0,94.0,94.0,483,adc153b603d2c5c14515cbc6564da203755648fae3e4cde986c0baa3b1be17b1,keep,False
54ce1ae47ed03618d558,ILVIS0_applanix_55513_20101113_510_lvis_LVIS.013,course_rate_resolution_sensitive,21.080013828352094,399.98004982445855,359,359,0.0400187618797645,399.98004982445855,399.98004982445855,399.98004982445855,400.0,400.0,400.0,480,75875911659fbef3fb9c938681fce65538a1f7aa4ecb8b9d21ae88762726ab39,keep,False
2ed4b764824f93ef7b89,ILVIS0_applanix_55519_20101119_510_lvis_LVIS.013,course_rate_resolution_sensitive,13.319998916180339,236.98002246418037,460,460,0.09999952532234602,145.98001650942024,236.98002246418037,236.98002246418037,145.0,237.0,237.0,476,8987b7e95358fe74ec1079862ec8bc0f5b66f3c34416ac4fbbaa844e64af06b8,keep,False
a80a0998487b4fc283e1,ILVIS0_applanix_55666_510_POSAV.013,course_rate_resolution_sensitive,29.95999199070502,91.98001201741863,160,160,0.3999990875017829,91.98001201741863,91.98001201741863,91.98001201741863,92.0,92.0,92.0,483,534de564eca4b33c1526321fad3f798d1d14b0ad293d27be41f3aafda291af2b,keep,False
9e8d6fa9271922043b11,ILVIS0_applanix_55667_20110416_510_POSAV.013,navigation_receiver_disagreement,14.179994922480546,80.98001330648549,189,186,3.4000017798971385,40.800002567702904,40.960005846922286,42.580003615119494,23.0,41.0,72.0,488,abb758c3067b59ed17f102e673c14f2ce908fc6d4a1005a2473f52b3c9ee3445,keep,False
c8fb72ed074def26d0be,ILVIS0_applanix_55669_510_20110418_POSAV.013,course_rate_resolution_sensitive,57.53999402617046,168.98002154605638,522,522,0.8200028539285995,168.98002154605638,168.98002154605638,168.98002154605638,169.0,169.0,169.0,486,f76c770b2251089c2fd85f8fc2e59fcd1f4619a2c07596c1e24815ed46daf897,keep,False
3a4cabe9ba8dc34d25fc,ILVIS0_applanix_55683_20110502_510_POSAV.013,course_rate_resolution_sensitive,59.52000214916188,373.98006247828016,331,331,0.5399987621640321,229.90002956285025,373.98006247828016,373.98006247828016,226.0,374.0,374.0,470,8fffae12c2e2481f2d9025d4b8a4de914114ace675cdffed427d2eb499440215,keep,False
30995bd9f248cd9025d9,ILVIS0_applanix_55686_20110505_510_POSAV.013,course_rate_resolution_sensitive,36.64001357508823,430.9800816810457,536,536,0.9200075636035763,144.78002523974283,265.7800410457421,430.9800816810457,153.0,266.0,431.0,482,54800ed1925759a3486e546f27398f4ca9dcd866f375390e0dde5a28b01f5962,keep,False
248b7603dc17be34377c,ILVIS0_applanix_55687_20110506_510_POSAV.013,course_rate_resolution_sensitive,18.68000276037492,425.980085469957,604,601,1.7800065156188793,99.30002838297514,205.38004242850002,425.980085469957,129.0,323.0,426.0,477,ce471cd8ff26c402a7445526de261932f9bed12007ea2510b878dc999e9676c5,keep,False
800e4742e1878bf9d063,ILVIS0_applanix_55688_20110507_510_POSAV.013,course_rate_resolution_sensitive,26.500002661370672,168.98003658931702,90,90,0.11999845283571631,168.98003658931702,168.98003658931702,168.98003658931702,99.0,169.0,169.0,490,27c23280de3231213fdf58bd0b6375943a70767d4e25570fcf5e4a18937b6a10,keep,False
2f840f444f9444088f92,ILVIS0_applanix_56047_510_POS510.013,course_rate_resolution_sensitive,1.9399992245307658,115.98000608802249,328,236,2.2599891189602204,2.5599979371472728,57.439986257988494,79.97998829557037,37.0,60.0,116.0,477,270593ed2c3ea60e3ac41dcea9be378b683262bafffefbdff606b573f0dea4fb,keep,False
dc29b80394d9632b65b7,ILVIS0_applanix_56048_510_POS510.013,course_rate_resolution_sensitive,3.500006704853149,211.9800177840807,287,224,4.859989983495325,5.940018589812098,124.00002569367643,180.9200140555622,60.0,141.0,182.0,488,5ae78cbfcb98ea710603ca529b70e26ec8dd8f1042606e912e3f8d53bb792cf9,keep,False
fd613b53fa761ddb0963,ILVIS0_applanix_56049_510_POS510.013,course_rate_resolution_sensitive,7.20000065973727,272.9799948420259,586,523,4.019995621405542,26.37999680696521,75.4799923808896,272.9799948420259,67.0,78.0,273.0,467,a5acf0527cf055b406c1db8347215d82e68fd0bf4b189e3fcc19515f2c041408,keep,False
f55542e91b8e2f6ecc2c,ILVIS0_applanix_56050_510_POS510.013,course_rate_resolution_sensitive,2.5799991812673397,227.98001186404144,240,188,3.7399953604326583,3.6599906551418826,13.819988418428693,227.98001186404144,5.0,32.0,228.0,489,0afe8c33785f7a04ef7efb94ba89386a8de873d879531f1648b0ee7669bf4882,keep,False
3767559017b196642291,ILVIS0_applanix_56054_510_POS510.013,course_rate_resolution_sensitive,8.179988464267808,231.98004144827428,485,428,5.720010575765627,12.320019224905991,55.00000888542854,163.02001935167937,42.0,68.0,232.0,475,3ee77ea5f65f8fe10935b03c7437d429d1dc5bd4d73d72ba9d0311751c6b6b39,keep,False
f9468a2dd07f9ee54df0,ILVIS0_applanix_56055_510_POS510.013,course_rate_resolution_sensitive,3.8399919759540353,262.98004544182913,474,390,4.900005966890603,9.580003138340544,20.920000242913375,228.78003406099742,20.0,32.0,263.0,480,d5c194fdd87a2fd25bab9fdb468a56d7d8c9e1b4bc03c7218f9f6475ec9c7af9,keep,False
54220c7e2b389fd69064,ILVIS0_applanix_56056_510_POS510.013,course_rate_resolution_sensitive,4.879993197275326,259.9800257527968,299,240,4.279999315156601,6.1199975907220505,27.85999885830097,259.9800257527968,10.0,54.0,260.0,469,d77394d2ee91390d4d3bd58ec3af88ce2038753dc85ba8e04c751946642597a1,keep,False
c4af455d888117b1fb91,ILVIS0_applanix_56057_510_POS510.013,course_rate_resolution_sensitive,7.179989454627503,428.98003257537493,512,423,4.839982483012136,7.900008932338096,84.08000826247735,238.20001670072088,19.0,103.0,319.0,480,087c11e2c469ba5adb53da0c33b58ced346df3d93b100023bfbbb4b7e768b0f9,keep,False
6db1404cb5afe9f69919,ILVIS0_applanix_56596_232_510_POS510.013,additional_roll_or_climb_fragmentation,0.1599985231878236,2.100005744025111,3877,3877,0.16000247542979196,2.100005744025111,2.100005744025111,2.100005744025111,300.0,300.0,300.0,467,4e72cfe422115918ca8ebd1efbbbcfcaa7fbecc91ad57789195a2597c132ec3e,keep,False
b20226780e68108f29f8,ILVIS0_applanix_56600_232_510_POS510.013,additional_roll_or_climb_fragmentation,0.28000300013809465,56.760400075494545,1005,1005,0.1800165344029665,50.06034729318344,56.760400075494545,56.760400075494545,50.0,57.0,76.0,482,c97f5e3ec402bd58a06b12372f432189f36a26488eec7d641553ec5b3f68a475,keep,False
382d5a870132d66472f0,ILVIS0_applanix_56601_232_510_POS510.013,course_rate_resolution_sensitive,0.4999945095332805,236.98171022508177,4206,4206,0.16000919239013456,150.40108930956922,236.98171022508177,236.98171022508177,237.0,237.0,237.0,475,d74fc5186782da90d6660cc77dc6afd28c71b5b312832179c5cfb2c6259ca72f,keep,False
4aac2e3a6694be31401e,ILVIS0_applanix_56604_232_510_POS510.013,course_rate_resolution_sensitive,0.2599925501854159,111.30091232276754,2882,2882,0.23999692167853937,111.30091232276754,111.30091232276754,111.30091232276754,113.0,113.0,113.0,489,8a81a2a46c08c844000af34464ef8d6bf3e47ee045bfe7d8fea22f8266f70aaf,keep,False
a62bc3b07a6ad3f6043c,ILVIS0_applanix_56608_232_510_POS510.013,course_rate_resolution_sensitive,0.4199950093461666,188.98137652376317,2528,2528,0.2599938509229105,139.16101661982248,152.08109062354197,188.98137652376317,138.0,152.0,189.0,478,d84fdf8cea73bcac590dfe3e027ef896dbb244c45d34409cdf1182d551a74406,keep,False
9dcc0bf45000011e53d5,ILVIS0_applanix_56909_510_POS510.013,course_rate_resolution_sensitive,0.7000079929712228,97.98094046706683,2453,2453,0.12000154418637976,95.98090293101268,95.98090293101268,95.98090293101268,96.0,96.0,98.0,489,4196f36c1546c10b7c2e0edcb9751ee6dc467a5ff055afde20dd168629a76b1a,keep,False
f11e387a674ca46976ed,ILVIS0_applanix_56911_510_POS510.013,course_rate_resolution_sensitive,0.40000194119056687,106.98105822264915,1514,1514,0.1400110511458479,57.24057506554527,74.22075029963162,106.98105822264915,73.0,74.0,107.0,486,9a8e856f64c2a23e7cbca404892f93999fe24d4dc6059ecfa714e43d02c160b8,keep,False
9d54224065d7782b2923,ILVIS0_applanix_56911_610_LVIS610.013,course_rate_resolution_sensitive,0.02000549790682271,61.981378381489776,240,232,1.9600443197996356,42.1009379310417,61.981378381489776,61.981378381489776,62.0,62.0,62.0,447,f0d4ddb5ed1f8fab343d9f1751e8f104c31e67d9c055473894c19891442df3cf,keep,False
d4aafa5c6d644bc528f8,ILVIS0_applanix_56915_510_POS510.013,course_rate_resolution_sensitive,1.600016751588555,143.98141285573365,1487,1487,0.18000729708001018,73.18071362978662,73.40070821277914,138.4013611357077,73.0,91.0,144.0,480,5b07c6e8818016915db756c81c6e84b0aed009adbb1d6015886a79547b6dd534,keep,False
f5cae9d0d107ecad9d45,ILVIS0_applanix_56916_510_POS510.013,course_rate_resolution_sensitive,0.6999989160976838,75.98073911885149,917,917,0.08001717625302263,47.88046156609198,75.98073911885149,75.98073911885149,76.0,76.0,76.0,482,627aedaaead70ff4e00ec27ff4b9dafc631a0ac09a57e403de4d49abde34f3a0,keep,False
ceac61de9c1dd86f4632,ILVIS0_applanix_56921_610_LVIS610.013,course_failure_persists_or_receiver_support_insufficient,0.02000057222903706,71.98145241822203,256,244,1.5400312918209238,32.70065813155088,41.26083426070545,44.98090917630179,40.0,41.0,50.0,443,924beea859c2ac37c649620b3fabdded5970c788eee4c8d9f2380234051de9ec,keep,False
0fb743634f248a06ed6d,ILVIS0_57994_B200T_N44U_imu_510i_0539_41265390829_103723.013,course_rate_resolution_sensitive,33.000300288927974,295.00263345649,35,0,5.000043462991016,33.000300288927974,49.000438580143964,123.00109546247404,35.0,50.0,149.0,596,14bc97929bbab11c9ecb6d05f73968ab9478a6f70b44a9166230ae9c22199552,keep,False
4a752a0d69a9ffcf26f6,ILVIS0_57994_B200T_N44U_imu_510i_pc_card_4126539.013,course_rate_resolution_sensitive,58.00052155237063,145.00129993091105,13,0,5.0000543284695596,58.00052155237063,98.00087814414292,100.00088505880558,57.0,97.0,100.0,589,0ff59d21187681036636c910f83d36595b9a5020001f151c7f42fd0c270ba1ea,keep,False
7494ec5589e5a10da69b,ILVIS0_58000_B200T_N44U_imu_510i_0539_41265390904_094008.013,course_failure_persists_or_receiver_support_insufficient,13.000107674539322,87.00070729396248,6,0,5.000027660469641,13.000107674539322,35.00028647316503,48.000385257284506,13.0,35.0,48.0,585,c46bb23b989e51a34aa8b117cba357a3624813d3177b1f53bb6d63dfe8d2f01d,keep,False
fdaf42fa255797a1ea6b,ILVIS0_58001_B200T_N44U_imu_510i_0539_41265390905_100312.013,course_failure_persists_or_receiver_support_insufficient,15.00010866325465,78.00067568040686,8,0,8.000067173095886,15.00010866325465,26.000216336658923,39.00032302289037,15.0,26.0,40.0,576,d25e82fed254f20095849919ee27b7277079821b48b82c69773c84b601cce6f8,keep,False
d3b1a8339e1f672b8a99,ILVIS0_58009_B200T_N44U_imu_510i_0539_41265390913_110821.013,course_rate_resolution_sensitive,35.00033288320992,99.00094629952218,11,0,7.0000612426083535,35.00033288320992,36.00034769985359,99.00094629952218,36.0,37.0,100.0,582,e7e63615b9dd80e91e698a22142d1a1063ede2b5f57433ff648302712d6cf1a6,keep,False
93f52157cbd20bdf8c1b,ILVIS0_58016_B200T_N44U_imu_510i_0539_41265390920_104746.013,course_failure_persists_or_receiver_support_insufficient,16.000155082787387,60.000549210992176,8,0,6.0000572913268115,16.000155082787387,20.000185704848263,34.000320044287946,16.0,20.0,35.0,569,125b48eace30aebd6ede69515bdbbeb33a089fa32b3ea45506dbe89424de4fdc,keep,False
