identity,filename,segment_id,imu_type,duration_s,median_ground_speed_kmh,model,case_id,clock,baseline_status,axis,epochs,physical_rms_m,physical_mean_m,primary_rms,primary_centered_rms,primary_absolute_p95,primary_absolute_max,primary_lag1_correlation,conservative_rms,conservative_lag1_correlation,speed_proxy_rank_correlation,course_rate_proxy_rank_correlation
570b37d23af5e245dd461051::bias1_unsubtracted::sphere_rotating::nominal_200Hz,ILVIS0_applanix_57300_610_LVIS_38614965.013,570b37d23af5e245dd461051,21,438.0,878.06,sphere_rotating,bias1_unsubtracted,nominal_200Hz,converged,north,439,0.05744282537787142,0.0030528958146303934,0.047304001998862116,0.047303096467838264,0.10019415095497526,0.4682606154853159,0.4150413176517856,0.01893320577617882,-0.08768992904745308,0.1557954651832394,0.04606600532740265
570b37d23af5e245dd461051::bias1_unsubtracted::sphere_rotating::nominal_200Hz,ILVIS0_applanix_57300_610_LVIS_38614965.013,570b37d23af5e245dd461051,21,438.0,878.06,sphere_rotating,bias1_unsubtracted,nominal_200Hz,converged,east,439,0.05673715815527097,0.001658287610880706,0.03530705236640805,0.03530693834407288,0.07711042772536446,0.28180568756702856,0.4861982865985568,0.013555437689588891,0.08547965072163113,-0.11169234391532891,-0.03776285966350559
570b37d23af5e245dd461051::bias1_unsubtracted::sphere_rotating::nominal_200Hz,ILVIS0_applanix_57300_610_LVIS_38614965.013,570b37d23af5e245dd461051,21,438.0,878.06,sphere_rotating,bias1_unsubtracted,nominal_200Hz,converged,up,439,0.6965425288630511,0.0031718359957986133,0.04219051750064425,0.04190575631343552,0.07781008683935116,0.20512648225601218,0.7425364813419469,0.010311617492834404,0.24404772976084582,0.6729671193162315,-0.014605394917124565
570b37d23af5e245dd461051::bias1_unsubtracted::sphere_rotating::header_elapsed,ILVIS0_applanix_57300_610_LVIS_38614965.013,570b37d23af5e245dd461051,21,438.0,878.06,sphere_rotating,bias1_unsubtracted,header_elapsed,converged,north,439,0.08732820252448877,-0.047126353631675555,0.04753805121142811,0.0473899223320096,0.10185635534631775,0.4758249602624701,0.4173853071287465,0.018938159834905526,-0.08773260647484618,0.6802690366705719,0.025112405926522693
570b37d23af5e245dd461051::bias1_unsubtracted::sphere_rotating::header_elapsed,ILVIS0_applanix_57300_610_LVIS_38614965.013,570b37d23af5e245dd461051,21,438.0,878.06,sphere_rotating,bias1_unsubtracted,header_elapsed,converged,east,439,0.06909369648151287,0.021039354588299128,0.03544185775857496,0.03539180386227408,0.07579347407638959,0.2748530923364258,0.48694116227949186,0.013564652208622182,0.0856701776010221,-0.2970913459492734,-0.04005452219325593
570b37d23af5e245dd461051::bias1_unsubtracted::sphere_rotating::header_elapsed,ILVIS0_applanix_57300_610_LVIS_38614965.013,570b37d23af5e245dd461051,21,438.0,878.06,sphere_rotating,bias1_unsubtracted,header_elapsed,converged,up,439,9.360280493078164,-6.756001050627106,0.2244832728153576,0.13796698837014443,0.3397656898395312,0.3656066337933576,0.9805453105127026,0.02521229308042243,0.7025776701924817,0.9341630332721542,-0.004357520346536479
570b37d23af5e245dd461051::bias1_unsubtracted::sphere_still::nominal_200Hz,ILVIS0_applanix_57300_610_LVIS_38614965.013,570b37d23af5e245dd461051,21,438.0,878.06,sphere_still,bias1_unsubtracted,nominal_200Hz,converged,north,439,23.357233059108783,-2.6797534513102526,4.082072277984614,4.080343914060067,7.0270191224869,10.789949105126338,0.9856383052622526,0.7891530013516311,0.9835696887558456,0.23681638048661482,-0.005827378537772646
570b37d23af5e245dd461051::bias1_unsubtracted::sphere_still::nominal_200Hz,ILVIS0_applanix_57300_610_LVIS_38614965.013,570b37d23af5e245dd461051,21,438.0,878.06,sphere_still,bias1_unsubtracted,nominal_200Hz,converged,east,439,17.18129690330679,1.3914226649245116,2.7952332044806623,2.774839018525781,4.655291394597691,12.447230301778962,0.9479581724890238,0.5142093366814334,0.9598819258737552,0.3676148951681763,-0.03233517816162058
570b37d23af5e245dd461051::bias1_unsubtracted::sphere_still::nominal_200Hz,ILVIS0_applanix_57300_610_LVIS_38614965.013,570b37d23af5e245dd461051,21,438.0,878.06,sphere_still,bias1_unsubtracted,nominal_200Hz,converged,up,439,0.9355893650715377,0.055578793782726676,0.06349833719017842,0.06336746715072376,0.12333959336588177,0.23084870546758277,0.8074252742856171,0.015773928831334008,0.48869502180988206,0.4866961025993073,-0.0741940105016212
570b37d23af5e245dd461051::bias1_unsubtracted::sphere_still::header_elapsed,ILVIS0_applanix_57300_610_LVIS_38614965.013,570b37d23af5e245dd461051,21,438.0,878.06,sphere_still,bias1_unsubtracted,header_elapsed,converged,north,439,23.442388529030826,-2.9415420358729674,4.082286858155124,4.0798893295481875,7.014846408276609,10.744852637046456,0.9856554441709029,0.7888834485037561,0.9835724145462487,0.24811725391966913,-0.007394253326789914
570b37d23af5e245dd461051::bias1_unsubtracted::sphere_still::header_elapsed,ILVIS0_applanix_57300_610_LVIS_38614965.013,570b37d23af5e245dd461051,21,438.0,878.06,sphere_still,bias1_unsubtracted,header_elapsed,converged,east,439,17.204100289937262,1.271619088045775,2.795319666683227,2.776096496253971,4.661553590429362,12.447230221487823,0.9480405847013398,0.5141869308305387,0.9599114842524046,0.3715722929674314,-0.031757475526003
570b37d23af5e245dd461051::bias1_unsubtracted::sphere_still::header_elapsed,ILVIS0_applanix_57300_610_LVIS_38614965.013,570b37d23af5e245dd461051,21,438.0,878.06,sphere_still,bias1_unsubtracted,header_elapsed,converged,up,439,9.13887529501075,-6.516334424508531,0.2281070068414674,0.1488938149483311,0.3900527092860023,0.45419756773088216,0.9695868849889245,0.027776776895587878,0.6957860840612693,0.9578930945174275,-0.014610075542456108
570b37d23af5e245dd461051::bias1_unsubtracted::flat_still::nominal_200Hz,ILVIS0_applanix_57300_610_LVIS_38614965.013,570b37d23af5e245dd461051,21,438.0,878.06,flat_still,bias1_unsubtracted,nominal_200Hz,converged,north,439,58.27607868340875,-6.108856322831188,9.787191789936628,9.754302824982764,17.009431904360234,31.25729555985457,0.9690507112944288,1.8568966664295774,0.9734911388390339,-0.17696281314092654,0.0018349469670966222
570b37d23af5e245dd461051::bias1_unsubtracted::flat_still::nominal_200Hz,ILVIS0_applanix_57300_610_LVIS_38614965.013,570b37d23af5e245dd461051,21,438.0,878.06,flat_still,bias1_unsubtracted,nominal_200Hz,converged,east,439,25.35018479898114,-2.1929473507781303,4.063702877685371,4.030241280668872,6.95501530836871,19.337495076942055,0.9412558192116139,0.7380047371356147,0.9546986769971421,-0.41495970407100935,-0.001761333495973244
570b37d23af5e245dd461051::bias1_unsubtracted::flat_still::nominal_200Hz,ILVIS0_applanix_57300_610_LVIS_38614965.013,570b37d23af5e245dd461051,21,438.0,878.06,flat_still,bias1_unsubtracted,nominal_200Hz,converged,up,439,1.49434813248409,0.031003283781648617,0.08630873691188758,0.0857018182578553,0.15358237832817123,0.386985086542006,0.855865996641229,0.018271207170819863,0.6117892154217441,0.6513744018018989,-0.043413083624335845
570b37d23af5e245dd461051::bias1_unsubtracted::flat_still::header_elapsed,ILVIS0_applanix_57300_610_LVIS_38614965.013,570b37d23af5e245dd461051,21,438.0,878.06,flat_still,bias1_unsubtracted,header_elapsed,converged,north,439,58.28192328596873,-6.222310693169767,9.78709339568633,9.753462481858607,17.002979989764075,31.257295488164775,0.969042118414079,1.8568258258121209,0.9734876285837772,-0.17529182989756523,0.002155782558004295
570b37d23af5e245dd461051::bias1_unsubtracted::flat_still::header_elapsed,ILVIS0_applanix_57300_610_LVIS_38614965.013,570b37d23af5e245dd461051,21,438.0,878.06,flat_still,bias1_unsubtracted,header_elapsed,converged,east,439,25.339029216474565,-2.2386756121193185,4.063493440681831,4.029581855559704,6.955302837039764,19.337495060472076,0.9412269742137926,0.7379974260696152,0.9546884120986244,-0.4136938076745235,-0.0014275907261210097
570b37d23af5e245dd461051::bias1_unsubtracted::flat_still::header_elapsed,ILVIS0_applanix_57300_610_LVIS_38614965.013,570b37d23af5e245dd461051,21,438.0,878.06,flat_still,bias1_unsubtracted,header_elapsed,converged,up,439,9.498105971183813,-6.5404462788518805,0.23324335635005433,0.1631131821394074,0.3668717165209981,0.4354372005945447,0.9682606709149755,0.028232370102281714,0.74867704363141,0.913356093464996,-0.009430183508880422
570b37d23af5e245dd461051::bias1_profiled_removal::sphere_rotating::nominal_200Hz,ILVIS0_applanix_57300_610_LVIS_38614965.013,570b37d23af5e245dd461051,21,438.0,878.06,sphere_rotating,bias1_profiled_removal,nominal_200Hz,converged,north,439,0.05744282546699898,0.0030528954364788586,0.04730400199572457,0.047303096465308586,0.10019415059497856,0.4682606169568934,0.4150413137874197,0.01893320580909504,-0.08768993609831922,0.1557954651832394,0.04606600532740265
570b37d23af5e245dd461051::bias1_profiled_removal::sphere_rotating::nominal_200Hz,ILVIS0_applanix_57300_610_LVIS_38614965.013,570b37d23af5e245dd461051,21,438.0,878.06,sphere_rotating,bias1_profiled_removal,nominal_200Hz,converged,east,439,0.056737157863900024,0.0016582856287097876,0.035307052340578814,0.0353069383178477,0.07711042381594903,0.28180568398551303,0.4861982914242784,0.013555437642365824,0.0854796609526291,-0.11169234391532891,-0.03776285966350559
570b37d23af5e245dd461051::bias1_profiled_removal::sphere_rotating::nominal_200Hz,ILVIS0_applanix_57300_610_LVIS_38614965.013,570b37d23af5e245dd461051,21,438.0,878.06,sphere_rotating,bias1_profiled_removal,nominal_200Hz,converged,up,439,0.696542529140858,0.0031718350130056825,0.042190517498389396,0.041905756313752415,0.07781008682252444,0.20512648225643224,0.7425364813089264,0.010311617492818021,0.24404772971558916,0.6729671193162315,-0.014605394917124565
570b37d23af5e245dd461051::bias1_profiled_removal::sphere_rotating::header_elapsed,ILVIS0_applanix_57300_610_LVIS_38614965.013,570b37d23af5e245dd461051,21,438.0,878.06,sphere_rotating,bias1_profiled_removal,header_elapsed,converged,north,439,0.08732820361030624,-0.047126355461039056,0.04753805119607175,0.04738992231027694,0.1018563527285867,0.47582495867728225,0.41738530648023237,0.018938159836975593,-0.08773260555074425,0.6802690366705719,0.025112405926522693
570b37d23af5e245dd461051::bias1_profiled_removal::sphere_rotating::header_elapsed,ILVIS0_applanix_57300_610_LVIS_38614965.013,570b37d23af5e245dd461051,21,438.0,878.06,sphere_rotating,bias1_profiled_removal,header_elapsed,converged,east,439,0.06909369533438603,0.02103935257301727,0.03544185776214013,0.035391803873847966,0.07579347363330183,0.2748530938377789,0.4869411629009837,0.013564652205501022,0.08567017629198999,-0.2970913459492734,-0.04005452219325593
570b37d23af5e245dd461051::bias1_profiled_removal::sphere_rotating::header_elapsed,ILVIS0_applanix_57300_610_LVIS_38614965.013,570b37d23af5e245dd461051,21,438.0,878.06,sphere_rotating,bias1_profiled_removal,header_elapsed,converged,up,439,9.360280489827876,-6.756001048400402,0.22448327272941224,0.13796698831661786,0.3397656896505456,0.36560663367966817,0.9805453104955983,0.02521229307156415,0.7025776700068215,0.9341630332721542,-0.004357520346536479
570b37d23af5e245dd461051::bias1_profiled_removal::sphere_still::nominal_200Hz,ILVIS0_applanix_57300_610_LVIS_38614965.013,570b37d23af5e245dd461051,21,438.0,878.06,sphere_still,bias1_profiled_removal,nominal_200Hz,converged,north,439,23.35723304380382,-2.67975340615475,4.082072276234296,4.080343912395294,7.027019121807997,10.789949094846632,0.9856383052895137,0.7891530009959862,0.9835696887721288,0.23681638048661482,-0.005827378537772646
570b37d23af5e245dd461051::bias1_profiled_removal::sphere_still::nominal_200Hz,ILVIS0_applanix_57300_610_LVIS_38614965.013,570b37d23af5e245dd461051,21,438.0,878.06,sphere_still,bias1_profiled_removal,nominal_200Hz,converged,east,439,17.1812969162246,1.3914227001024608,2.795233207066706,2.7748390206898947,4.65529139323456,12.447230324425181,0.9479581723725695,0.5142093370754968,0.9598819257644261,0.3676148951681763,-0.03233517816162058
570b37d23af5e245dd461051::bias1_profiled_removal::sphere_still::nominal_200Hz,ILVIS0_applanix_57300_610_LVIS_38614965.013,570b37d23af5e245dd461051,21,438.0,878.06,sphere_still,bias1_profiled_removal,nominal_200Hz,converged,up,439,0.9355893642603729,0.0555787973015969,0.0634983374132006,0.06336746736806627,0.12333959209237996,0.23084870437049143,0.8074252753983502,0.015773928879910422,0.48869502483682575,0.4866961025993073,-0.0741940105016212
570b37d23af5e245dd461051::bias1_profiled_removal::sphere_still::header_elapsed,ILVIS0_applanix_57300_610_LVIS_38614965.013,570b37d23af5e245dd461051,21,438.0,878.06,sphere_still,bias1_profiled_removal,header_elapsed,converged,north,439,23.442388512439816,-2.9415419774271077,4.082286856385626,4.079889327900201,7.014846411862402,10.74485263353247,0.9856554441904788,0.7888834481487079,0.9835724145565842,0.24811725391966913,-0.007394253326789914
570b37d23af5e245dd461051::bias1_profiled_removal::sphere_still::header_elapsed,ILVIS0_applanix_57300_610_LVIS_38614965.013,570b37d23af5e245dd461051,21,438.0,878.06,sphere_still,bias1_profiled_removal,header_elapsed,converged,east,439,17.204100300713677,1.2716191184950443,2.7953196690940834,2.7760964982818312,4.66155358649498,12.447230244134042,0.9480405845813062,0.5141869312119108,0.959911484160362,0.3715722929674314,-0.031757475526003
570b37d23af5e245dd461051::bias1_profiled_removal::sphere_still::header_elapsed,ILVIS0_applanix_57300_610_LVIS_38614965.013,570b37d23af5e245dd461051,21,438.0,878.06,sphere_still,bias1_profiled_removal,header_elapsed,converged,up,439,9.138875270422766,-6.516334406117778,0.22810700633849626,0.14889381475681862,0.39005270841809614,0.4541975680439768,0.9695868848562421,0.02777677687262578,0.6957860846077663,0.9578930945174275,-0.014610075542456108
570b37d23af5e245dd461051::bias1_profiled_removal::flat_still::nominal_200Hz,ILVIS0_applanix_57300_610_LVIS_38614965.013,570b37d23af5e245dd461051,21,438.0,878.06,flat_still,bias1_profiled_removal,nominal_200Hz,converged,north,439,58.56326486642847,-6.20886878069807,9.84963812737071,9.817618809355132,17.10090423825734,31.003660583470626,0.9696062680965912,1.8704939294689022,0.9738251615932324,-0.168691722668694,0.0011003724643066858
570b37d23af5e245dd461051::bias1_profiled_removal::flat_still::nominal_200Hz,ILVIS0_applanix_57300_610_LVIS_38614965.013,570b37d23af5e245dd461051,21,438.0,878.06,flat_still,bias1_profiled_removal,nominal_200Hz,converged,east,439,15.253586217813815,-2.4203952315940893,2.692527030538859,2.688764127014187,4.872040114595542,6.265080203223359,0.9803349375789299,0.5251522402671723,0.9782434031931726,0.025539619365874552,-0.019696780580794684
570b37d23af5e245dd461051::bias1_profiled_removal::flat_still::nominal_200Hz,ILVIS0_applanix_57300_610_LVIS_38614965.013,570b37d23af5e245dd461051,21,438.0,878.06,flat_still,bias1_profiled_removal,nominal_200Hz,converged,up,439,1.645261205100769,-0.015865456598654328,0.09548109525136225,0.094916663766281,0.18689032365652944,0.3777803599697045,0.8808174892490241,0.019865254160384108,0.6664180573064833,0.6536254989121092,-0.05201805870355188
570b37d23af5e245dd461051::bias1_profiled_removal::flat_still::header_elapsed,ILVIS0_applanix_57300_610_LVIS_38614965.013,570b37d23af5e245dd461051,21,438.0,878.06,flat_still,bias1_profiled_removal,header_elapsed,converged,north,439,58.57005922511808,-6.32270469970441,9.849533599610703,9.816783410170286,17.094689552729672,31.003660340903785,0.9695979145441479,1.8704200704989613,0.973821344512076,-0.16684869098511562,0.0010664733899358044
570b37d23af5e245dd461051::bias1_profiled_removal::flat_still::header_elapsed,ILVIS0_applanix_57300_610_LVIS_38614965.013,570b37d23af5e245dd461051,21,438.0,878.06,flat_still,bias1_profiled_removal,header_elapsed,converged,east,439,15.263391684398947,-2.462072187015053,2.6925484702949514,2.688614346122285,4.869084752417562,6.259372768507055,0.9803324269507815,0.5251299914097688,0.9782416239652998,0.0284699744976838,-0.01932814587665276
570b37d23af5e245dd461051::bias1_profiled_removal::flat_still::header_elapsed,ILVIS0_applanix_57300_610_LVIS_38614965.013,570b37d23af5e245dd461051,21,438.0,878.06,flat_still,bias1_profiled_removal,header_elapsed,converged,up,439,9.626471186825482,-6.595480105487784,0.2359243000212584,0.166902024421166,0.37929208540389336,0.4587404920870832,0.9698751300278532,0.02878552310262983,0.7652532268279525,0.9085444106241685,-0.018957383615541945
b4e44ddc0f130ecd45674c78::bias1_unsubtracted::sphere_rotating::nominal_200Hz,ILVIS0_applanix_57320_610_LVIS_38614965.013,b4e44ddc0f130ecd45674c78,21,433.0,824.94,sphere_rotating,bias1_unsubtracted,nominal_200Hz,converged,north,434,0.05651627856940103,-0.0025501004695666057,0.03561908287026569,0.03561770366005103,0.08361145013046609,0.13495579815387163,0.4884833638281861,0.013704384197174133,0.024297051084271278,0.7992402570545594,-0.008657663909714558
b4e44ddc0f130ecd45674c78::bias1_unsubtracted::sphere_rotating::nominal_200Hz,ILVIS0_applanix_57320_610_LVIS_38614965.013,b4e44ddc0f130ecd45674c78,21,433.0,824.94,sphere_rotating,bias1_unsubtracted,nominal_200Hz,converged,east,434,0.06351351495853279,0.0047766246657675185,0.02519721136441857,0.0251919605710724,0.05940384708166919,0.11516299147261375,0.5871527367952842,0.008988235890087851,0.09945279551629871,-0.8565360756792345,0.014221527713809362
b4e44ddc0f130ecd45674c78::bias1_unsubtracted::sphere_rotating::nominal_200Hz,ILVIS0_applanix_57320_610_LVIS_38614965.013,b4e44ddc0f130ecd45674c78,21,433.0,824.94,sphere_rotating,bias1_unsubtracted,nominal_200Hz,converged,up,434,0.5592115792053673,0.0016282336654541959,0.03561225405955774,0.03541428972923097,0.0637540198416791,0.13171289438909045,0.7623979426575209,0.008874677174298084,0.27766967147715627,0.2820851204223029,-0.046261233108821014
b4e44ddc0f130ecd45674c78::bias1_unsubtracted::sphere_rotating::header_elapsed,ILVIS0_applanix_57320_610_LVIS_38614965.013,b4e44ddc0f130ecd45674c78,21,433.0,824.94,sphere_rotating,bias1_unsubtracted,header_elapsed,converged,north,434,0.06991059376485333,-0.028282570059075113,0.0358482983448078,0.0357402000708299,0.08363047237950506,0.13350498041612743,0.4916979193538256,0.01371851567152567,0.025610795138236574,0.6576299264294907,-0.002959334925825792
b4e44ddc0f130ecd45674c78::bias1_unsubtracted::sphere_rotating::header_elapsed,ILVIS0_applanix_57320_610_LVIS_38614965.013,b4e44ddc0f130ecd45674c78,21,433.0,824.94,sphere_rotating,bias1_unsubtracted,header_elapsed,converged,east,434,0.07952620632564393,0.0368575970610159,0.025407722674518223,0.025187879566997667,0.058851461067844224,0.11565016928147193,0.5867287663318463,0.008988840250741427,0.09710388769798496,-0.6712951705201241,0.020228715582290377
b4e44ddc0f130ecd45674c78::bias1_unsubtracted::sphere_rotating::header_elapsed,ILVIS0_applanix_57320_610_LVIS_38614965.013,b4e44ddc0f130ecd45674c78,21,433.0,824.94,sphere_rotating,bias1_unsubtracted,header_elapsed,converged,up,434,9.233145555981773,-6.7120681429616,0.22283118210420505,0.13422305872525592,0.34529256301442274,0.3628010904063144,0.9828281246274502,0.024942338918045783,0.7556632054895928,-0.20224553914334964,-0.026238692575679786
b4e44ddc0f130ecd45674c78::bias1_unsubtracted::sphere_still::nominal_200Hz,ILVIS0_applanix_57320_610_LVIS_38614965.013,b4e44ddc0f130ecd45674c78,21,433.0,824.94,sphere_still,bias1_unsubtracted,nominal_200Hz,converged,north,434,11.643277618854412,-1.0839045467422426,1.907671714096688,1.9049642275018879,3.44301259131272,3.783750851165878,0.9864281697991807,0.358114903116769,0.9875879737434652,0.0829043157671066,0.015001748707919536
b4e44ddc0f130ecd45674c78::bias1_unsubtracted::sphere_still::nominal_200Hz,ILVIS0_applanix_57320_610_LVIS_38614965.013,b4e44ddc0f130ecd45674c78,21,433.0,824.94,sphere_still,bias1_unsubtracted,nominal_200Hz,converged,east,434,5.55494202510532,0.450201673039353,0.9612057363452039,0.9602689670307387,1.8203390420387469,2.3394508677816357,0.9904258574272692,0.18554428451920252,0.9893567002979756,0.014996757642293997,-0.05286265137883693
b4e44ddc0f130ecd45674c78::bias1_unsubtracted::sphere_still::nominal_200Hz,ILVIS0_applanix_57320_610_LVIS_38614965.013,b4e44ddc0f130ecd45674c78,21,433.0,824.94,sphere_still,bias1_unsubtracted,nominal_200Hz,converged,up,434,0.3927623471782224,-0.03749971192158852,0.03677956103471483,0.036741278413106426,0.07129551358566798,0.11716187390020591,0.7421089926270893,0.01017943312666201,0.3359142184125494,0.45664822785976134,0.056709588607745914
b4e44ddc0f130ecd45674c78::bias1_unsubtracted::sphere_still::header_elapsed,ILVIS0_applanix_57320_610_LVIS_38614965.013,b4e44ddc0f130ecd45674c78,21,433.0,824.94,sphere_still,bias1_unsubtracted,header_elapsed,converged,north,434,11.640004065520284,-1.0425774369046512,1.9077117875068659,1.9051607267407367,3.4461226543256887,3.783750959197985,0.9864350711938377,0.35812977582376526,0.987591684051873,0.08395508187733061,0.01540808016825763
b4e44ddc0f130ecd45674c78::bias1_unsubtracted::sphere_still::header_elapsed,ILVIS0_applanix_57320_610_LVIS_38614965.013,b4e44ddc0f130ecd45674c78,21,433.0,824.94,sphere_still,bias1_unsubtracted,header_elapsed,converged,east,434,5.539576890924142,0.29238058194394656,0.9613060981600059,0.9608548918464105,1.8298807495647926,2.3493808291182776,0.9904461814278439,0.18563621898308194,0.9893572380917304,0.007950106959270335,-0.052746829297114835
b4e44ddc0f130ecd45674c78::bias1_unsubtracted::sphere_still::header_elapsed,ILVIS0_applanix_57320_610_LVIS_38614965.013,b4e44ddc0f130ecd45674c78,21,433.0,824.94,sphere_still,bias1_unsubtracted,header_elapsed,converged,up,434,9.167737192159871,-6.734149934581438,0.2216374633943802,0.1300728935039262,0.355869149874751,0.37632658777501965,0.9767209599727251,0.02528660198796673,0.709400240457139,-0.23293061060917056,-0.010562489426097181
b4e44ddc0f130ecd45674c78::bias1_unsubtracted::flat_still::nominal_200Hz,ILVIS0_applanix_57320_610_LVIS_38614965.013,b4e44ddc0f130ecd45674c78,21,433.0,824.94,flat_still,bias1_unsubtracted,nominal_200Hz,converged,north,434,23.22019756943678,-1.9686446342335546,3.9407786812008854,3.9394416098069964,7.165410337503272,7.841540322764919,0.9938658295799991,0.7503396137854262,0.9944906797585941,0.08506574077506111,0.01755952304496106
b4e44ddc0f130ecd45674c78::bias1_unsubtracted::flat_still::nominal_200Hz,ILVIS0_applanix_57320_610_LVIS_38614965.013,b4e44ddc0f130ecd45674c78,21,433.0,824.94,flat_still,bias1_unsubtracted,nominal_200Hz,converged,east,434,23.644959068662047,-0.4928095754458937,3.645477892798722,3.6131858705159203,5.741952135238607,17.40294930501624,0.9403917972782991,0.6342140354390975,0.9554756107821091,-0.2779845196227782,0.032871525199927046
b4e44ddc0f130ecd45674c78::bias1_unsubtracted::flat_still::nominal_200Hz,ILVIS0_applanix_57320_610_LVIS_38614965.013,b4e44ddc0f130ecd45674c78,21,433.0,824.94,flat_still,bias1_unsubtracted,nominal_200Hz,converged,up,434,0.3620809093139877,0.013312143596740163,0.03283329902036075,0.03277147307312681,0.064269021321847,0.1058200248363793,0.6447071031757516,0.009733403761314213,0.20514385251136194,-0.08199476745487581,0.09608572008415818
b4e44ddc0f130ecd45674c78::bias1_unsubtracted::flat_still::header_elapsed,ILVIS0_applanix_57320_610_LVIS_38614965.013,b4e44ddc0f130ecd45674c78,21,433.0,824.94,flat_still,bias1_unsubtracted,header_elapsed,converged,north,434,23.192600706471598,-1.8320966994813912,3.940760356986933,3.9396914087847628,7.173711764323536,7.850339682209517,0.9938604984709367,0.7504382547217802,0.9944884374976375,0.08549908270819624,0.017945743446749183
b4e44ddc0f130ecd45674c78::bias1_unsubtracted::flat_still::header_elapsed,ILVIS0_applanix_57320_610_LVIS_38614965.013,b4e44ddc0f130ecd45674c78,21,433.0,824.94,flat_still,bias1_unsubtracted,header_elapsed,converged,east,434,23.665612295940512,-0.4443043151579084,3.645359811254833,3.613608224384161,5.741760473233602,17.40294930604221,0.9404243303257759,0.6341321197261818,0.9554843951060349,-0.2778804412248809,0.03293185837557695
b4e44ddc0f130ecd45674c78::bias1_unsubtracted::flat_still::header_elapsed,ILVIS0_applanix_57320_610_LVIS_38614965.013,b4e44ddc0f130ecd45674c78,21,433.0,824.94,flat_still,bias1_unsubtracted,header_elapsed,converged,up,434,8.777066888077348,-6.603406663929583,0.22034530368094768,0.1255821644124086,0.40239057550511753,0.48383111045632343,0.9659716331559167,0.026138738011012127,0.6813180822122287,-0.23725845169070514,-0.009818380259748266
b4e44ddc0f130ecd45674c78::bias1_profiled_removal::sphere_rotating::nominal_200Hz,ILVIS0_applanix_57320_610_LVIS_38614965.013,b4e44ddc0f130ecd45674c78,21,433.0,824.94,sphere_rotating,bias1_profiled_removal,nominal_200Hz,unresolved,north,434,0.05673966974949426,-0.002565273831712845,0.0356211327551143,0.03561974296870296,0.08364017865063596,0.13488374578700812,0.4885388319420234,0.013704371987682665,0.02432919502341709,0.7991922547469255,-0.008555200268343175
b4e44ddc0f130ecd45674c78::bias1_profiled_removal::sphere_rotating::nominal_200Hz,ILVIS0_applanix_57320_610_LVIS_38614965.013,b4e44ddc0f130ecd45674c78,21,433.0,824.94,sphere_rotating,bias1_profiled_removal,nominal_200Hz,unresolved,east,434,0.06376139933353117,0.004788890929008868,0.0252140785996451,0.02520881457059665,0.05954713712563918,0.1149927799559962,0.5877583969287319,0.008989316244601937,0.09964414250326975,-0.8561956556443631,0.013795965971208158
b4e44ddc0f130ecd45674c78::bias1_profiled_removal::sphere_rotating::nominal_200Hz,ILVIS0_applanix_57320_610_LVIS_38614965.013,b4e44ddc0f130ecd45674c78,21,433.0,824.94,sphere_rotating,bias1_profiled_removal,nominal_200Hz,unresolved,up,434,0.5621367153948968,0.0016576489163019137,0.03564002969924489,0.03543958797613207,0.06377512058170225,0.132679807560381,0.7620126753139649,0.008869467178753067,0.2764316520777537,0.28165324644964584,-0.046981414519376895
b4e44ddc0f130ecd45674c78::bias1_profiled_removal::sphere_rotating::header_elapsed,ILVIS0_applanix_57320_610_LVIS_38614965.013,b4e44ddc0f130ecd45674c78,21,433.0,824.94,sphere_rotating,bias1_profiled_removal,header_elapsed,unresolved,north,434,0.07055743615919878,-0.028885059232291146,0.035856258043145114,0.03574419736969069,0.08366663570185429,0.13338227571710498,0.4918115161973815,0.013718656041921188,0.02566245841186156,0.6535011407887865,-0.0029478848340966117
b4e44ddc0f130ecd45674c78::bias1_profiled_removal::sphere_rotating::header_elapsed,ILVIS0_applanix_57320_610_LVIS_38614965.013,b4e44ddc0f130ecd45674c78,21,433.0,824.94,sphere_rotating,bias1_profiled_removal,header_elapsed,unresolved,east,434,0.07958690826516215,0.03667948213701662,0.02542239542913665,0.025204416533692972,0.058995128274867185,0.1154724398709425,0.5873226278794588,0.008989917916797598,0.09731737947202974,-0.6740495047651832,0.020506453704746908
b4e44ddc0f130ecd45674c78::bias1_profiled_removal::sphere_rotating::header_elapsed,ILVIS0_applanix_57320_610_LVIS_38614965.013,b4e44ddc0f130ecd45674c78,21,433.0,824.94,sphere_rotating,bias1_profiled_removal,header_elapsed,unresolved,up,434,9.261425130252535,-6.73211492211245,0.22348510917616668,0.134621547475127,0.34602848938587644,0.3626234503920461,0.982942559294022,0.02500261573519959,0.7565556549552178,-0.202198124019907,-0.02641543501724303
b4e44ddc0f130ecd45674c78::bias1_profiled_removal::sphere_still::nominal_200Hz,ILVIS0_applanix_57320_610_LVIS_38614965.013,b4e44ddc0f130ecd45674c78,21,433.0,824.94,sphere_still,bias1_profiled_removal,nominal_200Hz,converged,north,434,11.64415670937787,-1.0840216345254596,1.9078202452418256,1.9051122391823343,3.44343416171627,3.7839154469190737,0.9864298521250994,0.35814304462853497,0.9875901287023892,0.08286864432748878,0.014972829886500966
b4e44ddc0f130ecd45674c78::bias1_profiled_removal::sphere_still::nominal_200Hz,ILVIS0_applanix_57320_610_LVIS_38614965.013,b4e44ddc0f130ecd45674c78,21,433.0,824.94,sphere_still,bias1_profiled_removal,nominal_200Hz,converged,east,434,5.552939040745482,0.45025641543906497,0.9609126320553455,0.9599755325943755,1.8198322230236588,2.3391289208406043,0.9904296781315598,0.18549360120974637,0.9893554550559835,0.015193023958215974,-0.05284988012267746
b4e44ddc0f130ecd45674c78::bias1_profiled_removal::sphere_still::nominal_200Hz,ILVIS0_applanix_57320_610_LVIS_38614965.013,b4e44ddc0f130ecd45674c78,21,433.0,824.94,sphere_still,bias1_profiled_removal,nominal_200Hz,converged,up,434,0.392877992587463,-0.0372246100939646,0.036792872520342475,0.036754126659827996,0.07129874090685617,0.1171781569669776,0.7422440422075408,0.010181456422145048,0.3361589426164534,0.45577625933576993,0.05640762913740073
b4e44ddc0f130ecd45674c78::bias1_profiled_removal::sphere_still::header_elapsed,ILVIS0_applanix_57320_610_LVIS_38614965.013,b4e44ddc0f130ecd45674c78,21,433.0,824.94,sphere_still,bias1_profiled_removal,header_elapsed,converged,north,434,11.640825342885169,-1.0422536255563581,1.9078604150538356,1.905310684454827,3.4465883871951357,3.7839155559332904,0.9864368343329055,0.35815818045054343,0.9875943565999136,0.08393952149626276,0.015439934910632402
b4e44ddc0f130ecd45674c78::bias1_profiled_removal::sphere_still::header_elapsed,ILVIS0_applanix_57320_610_LVIS_38614965.013,b4e44ddc0f130ecd45674c78,21,433.0,824.94,sphere_still,bias1_profiled_removal,header_elapsed,converged,east,434,5.53757995699908,0.2926618275736898,0.9610122447096947,0.9605603062710724,1.8293861054131468,2.3490301191352976,0.9904500010528375,0.1855853440075451,0.9893561765009075,0.007973300734824317,-0.05277985840787208
b4e44ddc0f130ecd45674c78::bias1_profiled_removal::sphere_still::header_elapsed,ILVIS0_applanix_57320_610_LVIS_38614965.013,b4e44ddc0f130ecd45674c78,21,433.0,824.94,sphere_still,bias1_profiled_removal,header_elapsed,converged,up,434,9.167592575940896,-6.733896494853687,0.22163317932392557,0.13007923891266213,0.3558691028173789,0.37631937696666795,0.9767233053610577,0.02528651681978494,0.7094433884069982,-0.23288025956477174,-0.01054590147269465
b4e44ddc0f130ecd45674c78::bias1_profiled_removal::flat_still::nominal_200Hz,ILVIS0_applanix_57320_610_LVIS_38614965.013,b4e44ddc0f130ecd45674c78,21,433.0,824.94,flat_still,bias1_profiled_removal,nominal_200Hz,converged,north,434,22.414705840267477,-1.9129783934596516,3.7544026831782014,3.751937580416219,6.9460816909149266,7.49289228404468,0.9922854374194379,0.7109996388646569,0.9937437896924957,0.057700608726511254,0.020414412582770033
b4e44ddc0f130ecd45674c78::bias1_profiled_removal::flat_still::nominal_200Hz,ILVIS0_applanix_57320_610_LVIS_38614965.013,b4e44ddc0f130ecd45674c78,21,433.0,824.94,flat_still,bias1_profiled_removal,nominal_200Hz,converged,east,434,6.139798550180877,-0.4513412954825163,0.9883026910295795,0.9844365340362174,1.7878280495823355,3.223991106198577,0.9680589455159819,0.18474011839099627,0.969917550761345,-0.026581167755220528,0.00593371644655211
b4e44ddc0f130ecd45674c78::bias1_profiled_removal::flat_still::nominal_200Hz,ILVIS0_applanix_57320_610_LVIS_38614965.013,b4e44ddc0f130ecd45674c78,21,433.0,824.94,flat_still,bias1_profiled_removal,nominal_200Hz,converged,up,434,1.093974887277614,0.03776135369220197,0.061343623689968645,0.06091834598574446,0.11107055289893426,0.2549544728690519,0.8592285863358564,0.013161045252928704,0.5477494247452719,0.1657749418412408,-0.01667551724504921
b4e44ddc0f130ecd45674c78::bias1_profiled_removal::flat_still::header_elapsed,ILVIS0_applanix_57320_610_LVIS_38614965.013,b4e44ddc0f130ecd45674c78,21,433.0,824.94,flat_still,bias1_profiled_removal,header_elapsed,converged,north,434,22.427801634551734,-1.984153117079971,3.7543807099201505,3.7516994865556743,6.941206892094507,7.489033127204466,0.9922871277466585,0.7109365828766878,0.9937458783493971,0.057021530209342176,0.02004654168695816
b4e44ddc0f130ecd45674c78::bias1_profiled_removal::flat_still::header_elapsed,ILVIS0_applanix_57320_610_LVIS_38614965.013,b4e44ddc0f130ecd45674c78,21,433.0,824.94,flat_still,bias1_profiled_removal,header_elapsed,converged,east,434,6.144272410377527,-0.3882524478026549,0.9882849884498369,0.9848650025892726,1.791786703289181,3.223991108250518,0.9681144077541123,0.18474364210118124,0.9699391388829678,-0.022968810610711928,0.006445887857361216
b4e44ddc0f130ecd45674c78::bias1_profiled_removal::flat_still::header_elapsed,ILVIS0_applanix_57320_610_LVIS_38614965.013,b4e44ddc0f130ecd45674c78,21,433.0,824.94,flat_still,bias1_profiled_removal,header_elapsed,converged,up,434,9.32770244334115,-6.649703952161641,0.22744748116319594,0.14677755912482682,0.3382345915134725,0.3842223230463604,0.9772254307671275,0.026542892730311848,0.7732627968390434,-0.13631767251930277,-0.024073744462577835
