task_id,filename,source_sha256,method,epochs,converged,abstained,covariance_calibrated,empirical_earth_fit_attempts,alternate_seed_max_difference_m,range_rms_median_m,north_difference_mean_m,north_difference_std_m,north_difference_rms_m,north_difference_p95_absolute_m,north_difference_maximum_absolute_m,north_formal_sigma_median_m,north_lag1_difference_correlation,east_difference_mean_m,east_difference_std_m,east_difference_rms_m,east_difference_p95_absolute_m,east_difference_maximum_absolute_m,east_formal_sigma_median_m,east_lag1_difference_correlation,up_difference_mean_m,up_difference_std_m,up_difference_rms_m,up_difference_p95_absolute_m,up_difference_maximum_absolute_m,up_formal_sigma_median_m,up_lag1_difference_correlation
594999d9bb7345ad87d3,ILVIS0_gyro_54935_lvis_applanix_POSAV.013,c83dfe2728b03bcdcd84edce7c538adf730380d7f7eb78cdbe068103094fb79a,dual_frequency,489,489,0,False,0,1.0733593683093325e-08,1.1924663471343602,0.5163193304738662,1.904929198825752,1.9736618007044424,3.351931896054171,4.671484726297563,1.141810035617272,0.887456208448653,-0.1918960790072468,0.6895089906734669,0.7157141561810123,1.3361957486079403,2.011699603942133,0.9655641576131156,0.6665085579922976,2.0655477219195717,1.9627322527331756,2.8493517310865952,5.086833585567408,7.699470953679147,3.1465395340276925,0.548993363188966
594999d9bb7345ad87d3,ILVIS0_gyro_54935_lvis_applanix_POSAV.013,c83dfe2728b03bcdcd84edce7c538adf730380d7f7eb78cdbe068103094fb79a,l1_broadcast,489,489,0,False,0,3.857547772531605e-09,0.5484433167732,-0.12415393303942064,0.3438011541160413,0.3655317122503586,0.7108619141133946,1.4512390268930089,0.536378507540076,0.6049578421484202,0.0018397473392937382,0.17212942978006357,0.17213926125867474,0.3315509881366298,0.6265206092591049,0.41108639818126114,0.3764413838567965,-0.9067882096512513,0.5520990655908186,1.0616394093046737,1.8088528750660946,2.769556337095373,1.4135696031094434,0.3761172726513341
f5cae9d0d107ecad9d45,ILVIS0_applanix_56916_510_POS510.013,627aedaaead70ff4e00ec27ff4b9dafc631a0ac09a57e403de4d49abde34f3a0,dual_frequency,482,482,0,False,0,5.148664207080375e-09,1.0309297189164646,0.45607284998340014,0.4942366782516794,0.672511961693794,1.2408212354444228,1.6286477824574876,0.7908475518818944,0.3895360228489184,1.7655770460842832,0.5714163417558809,1.8557421537717402,2.7510019962272563,3.3570212901385834,0.7392456761256692,0.5262201165400564,-1.1266955859107022,1.4550307437105807,1.8402601469503237,3.500811294300505,5.371505083634849,2.0519534213306887,0.45543416818686905
f5cae9d0d107ecad9d45,ILVIS0_applanix_56916_510_POS510.013,627aedaaead70ff4e00ec27ff4b9dafc631a0ac09a57e403de4d49abde34f3a0,l1_broadcast,482,482,0,False,0,1.3042673071996232e-08,0.8301789478591434,0.1610926154417747,0.1683236636839357,0.23298859737303498,0.42226299457861705,0.6578508284485471,0.6363734683791076,0.23709508929442483,-0.05310842149480246,0.20044950523753113,0.207365639833702,0.41915569758233906,0.6451086930239122,0.5953442573301575,0.40677294054878127,-0.05144951449038285,0.5031846388044835,0.5058080992531601,1.0165958331744074,1.7228632656488336,1.6484518533011432,0.3861685244498317
f166954fecd1d93111ee,ILVIS0_applanix_55495_20101026_510_lvis_LVIS.013,3509e0d5099f758d963684048dc7043f9c70d33dda23345c0d74f710a4433ccb,dual_frequency,486,486,0,False,0,4.16500117164066e-09,1.2186006918994452,0.2821086142620417,0.6462939047080665,0.7051815947000096,1.4637455769443617,2.1602869758570296,1.0106670221910643,0.5607263946296804,-0.29435441292602066,0.6904781027818981,0.7506027783257345,1.3880719832737831,2.4144859703250985,1.0973535009107125,0.5931661428085615,-1.8465810817469293,1.097706922341556,2.1482137181440377,3.6511290091648148,4.914716803668506,2.3208085785144323,0.35204083113580115
f166954fecd1d93111ee,ILVIS0_applanix_55495_20101026_510_lvis_LVIS.013,3509e0d5099f758d963684048dc7043f9c70d33dda23345c0d74f710a4433ccb,l1_broadcast,486,486,0,False,0,1.6186335440152046e-08,0.888970576286788,0.03331274537678342,0.22907370038070227,0.23148325902891156,0.4804950125593663,0.7592280970123998,0.7371871110354753,0.48467665464817855,-0.13586572497348698,0.2552402175324779,0.28914886108819077,0.5770144263280321,0.8873900950999534,0.8012360792538664,0.5228971102856088,-0.23846319004232477,0.38800581487612534,0.45542639952340047,0.8718297951049612,1.355938311794303,1.6851416161386528,0.2723228486529006
46f49500c8df79c821b2,ILVIS0_applanix_55520_20101120_510_lvis_LVIS.013,965e7d47fa947841b4863b102c0c369af8397807c90869cb535e0a9b5a8e4d69,dual_frequency,483,483,0,False,0,5.269642126632983e-09,1.386041159458549,-0.28545605272124547,0.7154741349343223,0.7703170748433474,1.5455046170332076,2.178593038543134,1.0830040402191514,0.6695528114638335,-0.7896958938682294,0.36781930034947125,0.8711547752850329,1.3724910001986224,1.8848362500264,0.8574493482258745,0.3419019412658059,0.9729512299326233,0.8724533133561442,1.3068316187686608,2.373974632375295,3.67560748300687,1.9678556395306785,0.30718865818653207
46f49500c8df79c821b2,ILVIS0_applanix_55520_20101120_510_lvis_LVIS.013,965e7d47fa947841b4863b102c0c369af8397807c90869cb535e0a9b5a8e4d69,l1_broadcast,483,483,0,False,0,4.4314345136923435e-09,0.90426833899093,0.6110513068465875,0.313543713388174,0.6867993592048319,1.0859982467575264,1.402037321156698,0.7297747254201666,0.7422142647527223,0.20945322419842813,0.14129762259573742,0.25265722091071224,0.4404314036845766,0.6728845878722156,0.5639524668558701,0.3636396136523203,-1.734311926017751,0.4345944769841328,1.7879346230084905,2.486599515838391,3.227247052198335,1.303929246807825,0.58969317462253
ae7127a8b48f61b051a8,ILVIS0_applanix_57289_510_LVISGH.013,221fbceb9d572b60b7e70e599955098418ca8b35688e2b9cfdf30f347f8ec34b,dual_frequency,459,459,0,False,0,1.9199706733309015e-09,0.9943632517616031,-0.534092916447006,1.0299648561284707,1.160208105582188,2.2318487286367086,3.7214389242433747,1.4005391267879321,0.49817389168470055,0.5262045650964816,0.6458391975492362,0.833066331944473,1.5858487926984102,2.3813447334203524,0.9974290667420594,0.44255068029372896,0.8787703081786581,1.6913508585494696,1.906018095730584,3.67684436567644,7.5498623618851965,2.3237227841831922,0.4746741506485605
ae7127a8b48f61b051a8,ILVIS0_applanix_57289_510_LVISGH.013,221fbceb9d572b60b7e70e599955098418ca8b35688e2b9cfdf30f347f8ec34b,l1_broadcast,459,459,0,False,0,3.365993568394557e-09,0.7807895597643726,-0.7534916799664377,0.402543122415941,0.8542778688360244,1.3732253397077716,2.970247992425843,1.0957934804089193,0.48686421273698727,0.24940595187842363,0.21524936940927117,0.32944744628464107,0.5915194513997427,1.0774256497757513,0.7794080384413424,0.20329791846823397,1.105711961853685,0.6753333647879946,1.295636560221345,2.112314076061312,3.8024826212377767,1.8294747085631635,0.5127870867405555
93f52157cbd20bdf8c1b,ILVIS0_58016_B200T_N44U_imu_510i_0539_41265390920_104746.013,125b48eace30aebd6ede69515bdbbeb33a089fa32b3ea45506dbe89424de4fdc,dual_frequency,569,569,0,False,0,5.825420843063297e-09,1.3583234478265762,0.6742481546147574,0.6534046282823899,0.9389079732658862,1.7781216475318806,2.5490251357130247,0.9903748776720335,0.5048930349637873,0.7732286468456795,0.5235527189613904,0.9338040425242681,1.6108765314811828,2.385572849312697,0.8505145533190719,0.4149753989742164,1.633683978223106,1.2127573994749674,2.0346262189120043,3.470788925443177,5.238999251035106,2.2221126733156544,0.37018611820884145
93f52157cbd20bdf8c1b,ILVIS0_58016_B200T_N44U_imu_510i_0539_41265390920_104746.013,125b48eace30aebd6ede69515bdbbeb33a089fa32b3ea45506dbe89424de4fdc,l1_broadcast,569,569,0,False,0,5.334820243245735e-09,0.6576243998498386,0.00511496875422413,0.22925403501855537,0.22931108886760296,0.4532125750416268,0.6945173442520873,0.477296987920193,0.41152336494188924,0.13594237107573695,0.18199539802606976,0.22716217369175024,0.43616810202838663,0.7198664183517992,0.4099288352403816,0.3082666926062288,-0.48608469108874536,0.4292668917604002,0.6484970248755781,1.2548788402398243,1.9811881860827507,1.0680510083922468,0.33575610929156274
