filename,task,label,duration_s,gps_epochs,converged,evaluations,weighted_cost,north_rms_m,east_rms_m,up_rms_m,earth_removal_fraction,active_bounds,nuisance_rank,conservative_fixed_parameter_cost
ILVIS0_gyro_54935_lvis_applanix_POSAV.013,594999d9bb7345ad87d3,sphere_rotating_profiled_correction,484.0,483,False,197,73.69553737592143,0.633240659542168,0.8419095567810349,0.22194089348966464,0.23455542750294356,,8,3.6835750347581993
ILVIS0_gyro_54935_lvis_applanix_POSAV.013,594999d9bb7345ad87d3,sphere_still_profiled_correction,484.0,483,False,197,89.94141113476046,1.1793221467691866,1.2697257799814914,1.6831497431524456,0.09842023594687133,,8,4.373813505381729
ILVIS0_gyro_54935_lvis_applanix_POSAV.013,594999d9bb7345ad87d3,flat_still_profiled_correction,484.0,483,False,197,6.608957362376582,0.5696876407611636,0.261934699462381,0.16593580316567647,0.015215077676181465,,9,0.35386558162060777
ILVIS0_gyro_54935_lvis_applanix_POSAV.013,594999d9bb7345ad87d3,sphere_rotating_unsubtracted_control,484.0,483,False,197,92.0408165432773,1.1320935721533019,2.308138188185253,0.19410828598507093,0.0,,8,3.916591313518661
ILVIS0_applanix_56916_510_POS510.013,f5cae9d0d107ecad9d45,sphere_rotating_profiled_correction,473.995,473,False,197,4691.661049439869,9.913065345904885,9.590255770835075,1.7685370097988353,0.1958423903724219,,8,217.09458472052492
ILVIS0_applanix_56916_510_POS510.013,f5cae9d0d107ecad9d45,sphere_still_profiled_correction,473.995,473,False,197,104353.90768386355,67.06310753656427,69.39751193249165,22.495065520548422,0.013617922636781965,,8,3167.5594501716823
ILVIS0_applanix_56916_510_POS510.013,f5cae9d0d107ecad9d45,flat_still_profiled_correction,473.995,473,False,197,15082.400666559417,33.563041723253555,17.847926127666675,9.00478904798089,0.10021191007979935,,9,527.4828381362527
ILVIS0_applanix_56916_510_POS510.013,f5cae9d0d107ecad9d45,sphere_rotating_unsubtracted_control,473.995,473,False,197,12764.972207568238,40.92254293080538,68.36841280588655,1.331424202487594,0.0,,8,188.95664740757616
ILVIS0_applanix_55495_20101026_510_lvis_LVIS.013,f166954fecd1d93111ee,sphere_rotating_profiled_correction,482.0,481,False,197,3774709.8574408144,373.4545858609188,595.9431764908337,136.29827318477282,0.08039882105410234,,8,88958.79324320937
ILVIS0_applanix_55495_20101026_510_lvis_LVIS.013,f166954fecd1d93111ee,sphere_still_profiled_correction,482.0,481,False,197,9740340.73795406,549.8689350006598,919.7841023275612,368.1057284849843,0.00022022631893398037,gyro_bias_x;time_offset;earth_removal,8,215002.52463839654
ILVIS0_applanix_55495_20101026_510_lvis_LVIS.013,f166954fecd1d93111ee,flat_still_profiled_correction,482.0,481,False,197,150836752.83090958,755.6243221877595,8635.422143118465,416.4224602117372,0.0004830971264992989,position_z;earth_removal,7,2322953.306877317
ILVIS0_applanix_55495_20101026_510_lvis_LVIS.013,f166954fecd1d93111ee,sphere_rotating_unsubtracted_control,482.0,481,False,197,14206082.260132378,1007.4522994749611,1296.048579679148,197.7092082999741,0.0,,8,254213.91013885458
ILVIS0_applanix_55520_20101120_510_lvis_LVIS.013,46f49500c8df79c821b2,sphere_rotating_profiled_correction,476.96000000000004,476,False,197,4.971990881229363,0.3124990560026314,0.1563511572624445,0.6993903380210924,0.03761304900664736,,8,0.5180298522537446
ILVIS0_applanix_55520_20101120_510_lvis_LVIS.013,46f49500c8df79c821b2,sphere_still_profiled_correction,476.96000000000004,476,False,197,52.514175324726814,0.6807296126856968,1.346763289854052,0.6319747531115674,0.002713697442285723,,8,2.526463192994459
ILVIS0_applanix_55520_20101120_510_lvis_LVIS.013,46f49500c8df79c821b2,flat_still_profiled_correction,476.96000000000004,476,False,197,1472.0447694111022,5.766494067334468,5.937088925567916,0.9456020015485781,0.11641016194830733,,10,62.7582388056325
ILVIS0_applanix_55520_20101120_510_lvis_LVIS.013,46f49500c8df79c821b2,sphere_rotating_unsubtracted_control,476.96000000000004,476,False,197,6.79739072945588,0.6704498073912494,0.2052808470006643,0.6989057256939505,0.0,,8,0.5620358987755558
ILVIS0_applanix_57289_510_LVISGH.013,ae7127a8b48f61b051a8,sphere_rotating_profiled_correction,448.0,447,False,197,46.00802776587386,0.35042899307317366,1.013915174497709,0.9101018802198372,3.9388159400743916e-11,earth_removal,9,6.059752901446461
ILVIS0_applanix_57289_510_LVISGH.013,ae7127a8b48f61b051a8,sphere_still_profiled_correction,448.0,447,False,197,10432.748333151694,64.8276378128026,12.213359694236786,1.1015945808194096,3.405036697046171e-07,earth_removal,9,194.56561259647717
ILVIS0_applanix_57289_510_LVISGH.013,ae7127a8b48f61b051a8,flat_still_profiled_correction,448.0,447,False,197,6302.34781779292,9.8851853089185,22.291617597090617,1.4294139899668008,7.105427357601002e-14,earth_removal,9,198.60414804286063
ILVIS0_applanix_57289_510_LVISGH.013,ae7127a8b48f61b051a8,sphere_rotating_unsubtracted_control,448.0,447,False,197,288547.8834478534,125.1589893740868,288.6972484608965,183.2231899383298,0.0,,9,5768.038491697299
ILVIS0_58016_B200T_N44U_imu_510i_0539_41265390920_104746.013,93f52157cbd20bdf8c1b,sphere_rotating_profiled_correction,564.995,564,False,197,44.05611058234752,1.1287462432021862,0.8053537497968227,0.2553992577410189,0.027011559524061646,,8,2.0201133356051604
ILVIS0_58016_B200T_N44U_imu_510i_0539_41265390920_104746.013,93f52157cbd20bdf8c1b,sphere_still_profiled_correction,564.995,564,False,197,85.32845792088183,3.289084547866061,1.0542279271319848,0.2511755232256104,3.3966829349196814e-11,earth_removal,9,2.2766714408052686
ILVIS0_58016_B200T_N44U_imu_510i_0539_41265390920_104746.013,93f52157cbd20bdf8c1b,flat_still_profiled_correction,564.995,564,False,197,18772.58700560665,6.684819543956154,39.19156695945445,1.4407432921492984,2.502753559951998e-11,earth_removal,9,484.66932052192516
ILVIS0_58016_B200T_N44U_imu_510i_0539_41265390920_104746.013,93f52157cbd20bdf8c1b,sphere_rotating_unsubtracted_control,564.995,564,False,197,3.11884900712503,0.37777624895174333,0.29067129987941315,0.30960817009171887,0.0,,8,0.1271002795774959
