task,duration_s,motion,assumption,parameter,local_sigma,null_projection_norm,sigma_to_assumed_bound,unit,tangent_rank,active_parameters,analytic_error_m,archived_data_used,covariance_calibrated,empirical_earth_fit_attempts
tangent_2_steady_orientation_formal_only,2.0,steady_orientation,formal_only,accel_bias_x,,0.1115054446017234,,m/s2,5,8,0.0,False,False,0
tangent_2_steady_orientation_formal_only,2.0,steady_orientation,formal_only,accel_gain_x,,0.9112406781653976,,fraction,5,8,0.0,False,False,0
tangent_2_steady_orientation_formal_only,2.0,steady_orientation,formal_only,attitude_y,,0.0005223599637750731,,rad,5,8,0.0,False,False,0
tangent_2_steady_orientation_formal_only,2.0,steady_orientation,formal_only,gyro_bias_y,,0.9998635261082677,,rad/s,5,8,0.0,False,False,0
tangent_2_steady_orientation_formal_only,2.0,steady_orientation,formal_only,gyro_gain_y,,1.0,,fraction,5,8,0.0,False,False,0
tangent_2_steady_orientation_formal_only,2.0,steady_orientation,formal_only,position_x,,0.3786473534545162,,m,5,8,0.0,False,False,0
tangent_2_steady_orientation_formal_only,2.0,steady_orientation,formal_only,time_offset,,0.11833101970202314,,s,5,8,0.0,False,False,0
tangent_2_steady_orientation_formal_only,2.0,steady_orientation,formal_only,velocity_x,,0.01017693850910699,,m/s,5,8,0.0,False,False,0
tangent_2_steady_orientation_h1_v3_tau60,2.0,steady_orientation,h1_v3_tau60,accel_bias_x,,0.11150722605167011,,m/s2,5,8,0.0,False,False,0
tangent_2_steady_orientation_h1_v3_tau60,2.0,steady_orientation,h1_v3_tau60,accel_gain_x,,0.9112409662589466,,fraction,5,8,0.0,False,False,0
tangent_2_steady_orientation_h1_v3_tau60,2.0,steady_orientation,h1_v3_tau60,attitude_y,,0.0008431804977663198,,rad,5,8,0.0,False,False,0
tangent_2_steady_orientation_h1_v3_tau60,2.0,steady_orientation,h1_v3_tau60,gyro_bias_y,,0.9998641174667442,,rad/s,5,8,0.0,False,False,0
tangent_2_steady_orientation_h1_v3_tau60,2.0,steady_orientation,h1_v3_tau60,gyro_gain_y,,1.0,,fraction,5,8,0.0,False,False,0
tangent_2_steady_orientation_h1_v3_tau60,2.0,steady_orientation,h1_v3_tau60,position_x,,0.3786442958982166,,m,5,8,0.0,False,False,0
tangent_2_steady_orientation_h1_v3_tau60,2.0,steady_orientation,h1_v3_tau60,time_offset,,0.1183300642598256,,s,5,8,0.0,False,False,0
tangent_2_steady_orientation_h1_v3_tau60,2.0,steady_orientation,h1_v3_tau60,velocity_x,,0.010176869598730024,,m/s,5,8,0.0,False,False,0
tangent_2_steady_orientation_h10_v30_tau300,2.0,steady_orientation,h10_v30_tau300,accel_bias_x,,0.1115082359903726,,m/s2,5,8,0.0,False,False,0
tangent_2_steady_orientation_h10_v30_tau300,2.0,steady_orientation,h10_v30_tau300,accel_gain_x,,0.9112410846724317,,fraction,5,8,0.0,False,False,0
tangent_2_steady_orientation_h10_v30_tau300,2.0,steady_orientation,h10_v30_tau300,attitude_y,,0.0009248366509141689,,rad,5,8,0.0,False,False,0
tangent_2_steady_orientation_h10_v30_tau300,2.0,steady_orientation,h10_v30_tau300,gyro_bias_y,,0.9998639340893951,,rad/s,5,8,0.0,False,False,0
tangent_2_steady_orientation_h10_v30_tau300,2.0,steady_orientation,h10_v30_tau300,gyro_gain_y,,1.0,,fraction,5,8,0.0,False,False,0
tangent_2_steady_orientation_h10_v30_tau300,2.0,steady_orientation,h10_v30_tau300,position_x,,0.37864403295494636,,m,5,8,0.0,False,False,0
tangent_2_steady_orientation_h10_v30_tau300,2.0,steady_orientation,h10_v30_tau300,time_offset,,0.11832998209052946,,s,5,8,0.0,False,False,0
tangent_2_steady_orientation_h10_v30_tau300,2.0,steady_orientation,h10_v30_tau300,velocity_x,,0.010176863064855324,,m/s,5,8,0.0,False,False,0
tangent_2_brief_pitch_formal_only,2.0,brief_pitch,formal_only,accel_bias_x,,0.11317485330481984,,m/s2,5,8,7.073230889886872e-10,False,False,0
tangent_2_brief_pitch_formal_only,2.0,brief_pitch,formal_only,accel_gain_x,,0.9084764493900109,,fraction,5,8,7.073230889886872e-10,False,False,0
tangent_2_brief_pitch_formal_only,2.0,brief_pitch,formal_only,attitude_y,,0.0006383642527113128,,rad,5,8,7.073230889886872e-10,False,False,0
tangent_2_brief_pitch_formal_only,2.0,brief_pitch,formal_only,gyro_bias_y,,0.9997430563538141,,rad/s,5,8,7.073230889886872e-10,False,False,0
tangent_2_brief_pitch_formal_only,2.0,brief_pitch,formal_only,gyro_gain_y,,0.9999989250112133,,fraction,5,8,7.073230889886872e-10,False,False,0
tangent_2_brief_pitch_formal_only,2.0,brief_pitch,formal_only,position_x,,0.3844878915014367,,m,5,8,7.073230889886872e-10,False,False,0
tangent_2_brief_pitch_formal_only,2.0,brief_pitch,formal_only,time_offset,,0.12015691583699438,,s,5,8,7.073230889886872e-10,False,False,0
tangent_2_brief_pitch_formal_only,2.0,brief_pitch,formal_only,velocity_x,,0.010437149433899442,,m/s,5,8,7.073230889886872e-10,False,False,0
tangent_2_brief_pitch_h1_v3_tau60,2.0,brief_pitch,h1_v3_tau60,accel_bias_x,,0.11282140746916743,,m/s2,5,8,7.073230889886872e-10,False,False,0
tangent_2_brief_pitch_h1_v3_tau60,2.0,brief_pitch,h1_v3_tau60,accel_gain_x,,0.9085032821644328,,fraction,5,8,7.073230889886872e-10,False,False,0
tangent_2_brief_pitch_h1_v3_tau60,2.0,brief_pitch,h1_v3_tau60,attitude_y,,0.0011451624331603218,,rad,5,8,7.073230889886872e-10,False,False,0
tangent_2_brief_pitch_h1_v3_tau60,2.0,brief_pitch,h1_v3_tau60,gyro_bias_y,,0.9997443749482635,,rad/s,5,8,7.073230889886872e-10,False,False,0
tangent_2_brief_pitch_h1_v3_tau60,2.0,brief_pitch,h1_v3_tau60,gyro_gain_y,,0.9999991787412312,,fraction,5,8,7.073230889886872e-10,False,False,0
tangent_2_brief_pitch_h1_v3_tau60,2.0,brief_pitch,h1_v3_tau60,position_x,,0.3845199489062394,,m,5,8,7.073230889886872e-10,False,False,0
tangent_2_brief_pitch_h1_v3_tau60,2.0,brief_pitch,h1_v3_tau60,time_offset,,0.12016693325311338,,s,5,8,7.073230889886872e-10,False,False,0
tangent_2_brief_pitch_h1_v3_tau60,2.0,brief_pitch,h1_v3_tau60,velocity_x,,0.010437875166179004,,m/s,5,8,7.073230889886872e-10,False,False,0
tangent_2_brief_pitch_h10_v30_tau300,2.0,brief_pitch,h10_v30_tau300,accel_bias_x,,0.11273303869628783,,m/s2,5,8,7.073230889886872e-10,False,False,0
tangent_2_brief_pitch_h10_v30_tau300,2.0,brief_pitch,h10_v30_tau300,accel_gain_x,,0.908512661164691,,fraction,5,8,7.073230889886872e-10,False,False,0
tangent_2_brief_pitch_h10_v30_tau300,2.0,brief_pitch,h10_v30_tau300,attitude_y,,0.0012743825974424732,,rad,5,8,7.073230889886872e-10,False,False,0
tangent_2_brief_pitch_h10_v30_tau300,2.0,brief_pitch,h10_v30_tau300,gyro_bias_y,,0.999744152485058,,rad/s,5,8,7.073230889886872e-10,False,False,0
tangent_2_brief_pitch_h10_v30_tau300,2.0,brief_pitch,h10_v30_tau300,gyro_gain_y,,0.9999991313089349,,fraction,5,8,7.073230889886872e-10,False,False,0
tangent_2_brief_pitch_h10_v30_tau300,2.0,brief_pitch,h10_v30_tau300,position_x,,0.38452363907324694,,m,5,8,7.073230889886872e-10,False,False,0
tangent_2_brief_pitch_h10_v30_tau300,2.0,brief_pitch,h10_v30_tau300,time_offset,,0.12016808648517277,,s,5,8,7.073230889886872e-10,False,False,0
tangent_2_brief_pitch_h10_v30_tau300,2.0,brief_pitch,h10_v30_tau300,velocity_x,,0.01043797760182235,,m/s,5,8,7.073230889886872e-10,False,False,0
tangent_20_steady_orientation_formal_only,20.0,steady_orientation,formal_only,accel_bias_x,0.00018364280856302795,1.0725929318095832e-15,0.0036728561712605586,m/s2,7,8,7.073230889886872e-10,False,False,0
tangent_20_steady_orientation_formal_only,20.0,steady_orientation,formal_only,accel_gain_x,0.0008196528504571471,4.899893385719659e-16,0.08196528504571471,fraction,7,8,7.073230889886872e-10,False,False,0
tangent_20_steady_orientation_formal_only,20.0,steady_orientation,formal_only,attitude_y,8.858752396568777e-06,7.157753589957059e-16,0.0008858752396568776,rad,7,8,7.073230889886872e-10,False,False,0
tangent_20_steady_orientation_formal_only,20.0,steady_orientation,formal_only,gyro_bias_y,6.149403275983919e-07,2.8959231716204855e-16,0.06149403275983919,rad/s,7,8,7.073230889886872e-10,False,False,0
tangent_20_steady_orientation_formal_only,20.0,steady_orientation,formal_only,gyro_gain_y,,1.0,,fraction,7,8,7.073230889886872e-10,False,False,0
tangent_20_steady_orientation_formal_only,20.0,steady_orientation,formal_only,position_x,0.15805913153158757,4.7797255703901e-16,0.031611826306317516,m,7,8,7.073230889886872e-10,False,False,0
tangent_20_steady_orientation_formal_only,20.0,steady_orientation,formal_only,time_offset,0.0007894669367712235,9.961678260423355e-16,0.009868336709640293,s,7,8,7.073230889886872e-10,False,False,0
tangent_20_steady_orientation_formal_only,20.0,steady_orientation,formal_only,velocity_x,0.00030939764148121097,1.0567633415349188e-15,0.0006187952829624219,m/s,7,8,7.073230889886872e-10,False,False,0
tangent_20_steady_orientation_h1_v3_tau60,20.0,steady_orientation,h1_v3_tau60,accel_bias_x,0.6898015331945292,4.838113052610592e-16,13.796030663890583,m/s2,7,8,7.073230889886872e-10,False,False,0
tangent_20_steady_orientation_h1_v3_tau60,20.0,steady_orientation,h1_v3_tau60,accel_gain_x,0.2153821363291959,9.266636514384753e-16,21.53821363291959,fraction,7,8,7.073230889886872e-10,False,False,0
tangent_20_steady_orientation_h1_v3_tau60,20.0,steady_orientation,h1_v3_tau60,attitude_y,0.07001798606603211,6.563947599339191e-16,7.001798606603211,rad,7,8,7.073230889886872e-10,False,False,0
tangent_20_steady_orientation_h1_v3_tau60,20.0,steady_orientation,h1_v3_tau60,gyro_bias_y,0.0003099228883152883,1.2162431072775754e-15,30.99228883152883,rad/s,7,8,7.073230889886872e-10,False,False,0
tangent_20_steady_orientation_h1_v3_tau60,20.0,steady_orientation,h1_v3_tau60,gyro_gain_y,,1.0,,fraction,7,8,7.073230889886872e-10,False,False,0
tangent_20_steady_orientation_h1_v3_tau60,20.0,steady_orientation,h1_v3_tau60,position_x,41.57751154009287,4.0647894864263893e-16,8.315502308018575,m,7,8,7.073230889886872e-10,False,False,0
tangent_20_steady_orientation_h1_v3_tau60,20.0,steady_orientation,h1_v3_tau60,time_offset,0.20769560102702184,5.284630849292159e-16,2.596195012837773,s,7,8,7.073230889886872e-10,False,False,0
tangent_20_steady_orientation_h1_v3_tau60,20.0,steady_orientation,h1_v3_tau60,velocity_x,0.15793659923360975,3.1754177277575526e-16,0.3158731984672195,m/s,7,8,7.073230889886872e-10,False,False,0
tangent_20_steady_orientation_h10_v30_tau300,20.0,steady_orientation,h10_v30_tau300,accel_bias_x,4.110814757464919,6.255405919063846e-16,82.21629514929838,m/s2,7,8,7.073230889886872e-10,False,False,0
tangent_20_steady_orientation_h10_v30_tau300,20.0,steady_orientation,h10_v30_tau300,accel_gain_x,0.9633456174042025,3.0367972234541766e-16,96.33456174042026,fraction,7,8,7.073230889886872e-10,False,False,0
tangent_20_steady_orientation_h10_v30_tau300,20.0,steady_orientation,h10_v30_tau300,attitude_y,0.41753882932592307,1.8087153090071333e-16,41.753882932592305,rad,7,8,7.073230889886872e-10,False,False,0
tangent_20_steady_orientation_h10_v30_tau300,20.0,steady_orientation,h10_v30_tau300,gyro_bias_y,0.0013876778887547782,2.644972099994257e-16,138.7677888754778,rad/s,7,8,7.073230889886872e-10,False,False,0
tangent_20_steady_orientation_h10_v30_tau300,20.0,steady_orientation,h10_v30_tau300,gyro_gain_y,,1.0,,fraction,7,8,7.073230889886872e-10,False,False,0
tangent_20_steady_orientation_h10_v30_tau300,20.0,steady_orientation,h10_v30_tau300,position_x,186.3941585569354,9.127069623815566e-16,37.27883171138708,m,7,8,7.073230889886872e-10,False,False,0
tangent_20_steady_orientation_h10_v30_tau300,20.0,steady_orientation,h10_v30_tau300,time_offset,0.928963737720284,3.255883471943191e-16,11.61204672150355,s,7,8,7.073230889886872e-10,False,False,0
tangent_20_steady_orientation_h10_v30_tau300,20.0,steady_orientation,h10_v30_tau300,velocity_x,0.8451034175078299,4.1252262937956747e-16,1.6902068350156598,m/s,7,8,7.073230889886872e-10,False,False,0
tangent_20_brief_pitch_formal_only,20.0,brief_pitch,formal_only,accel_bias_x,,0.00011822777314076655,,m/s2,7,8,1.4146461779773745e-09,False,False,0
tangent_20_brief_pitch_formal_only,20.0,brief_pitch,formal_only,accel_gain_x,,0.001189622148719094,,fraction,7,8,1.4146461779773745e-09,False,False,0
tangent_20_brief_pitch_formal_only,20.0,brief_pitch,formal_only,attitude_y,8.846566078886778e-06,7.146075604891984e-08,0.0008846566078886778,rad,7,8,1.4146461779773745e-09,False,False,0
tangent_20_brief_pitch_formal_only,20.0,brief_pitch,formal_only,gyro_bias_y,,0.0002217404016515619,,rad/s,7,8,1.4146461779773745e-09,False,False,0
tangent_20_brief_pitch_formal_only,20.0,brief_pitch,formal_only,gyro_gain_y,,0.9999991578030218,,fraction,7,8,1.4146461779773745e-09,False,False,0
tangent_20_brief_pitch_formal_only,20.0,brief_pitch,formal_only,position_x,,0.0004282403242574582,,m,7,8,1.4146461779773745e-09,False,False,0
tangent_20_brief_pitch_formal_only,20.0,brief_pitch,formal_only,time_offset,,0.0001303579830233759,,s,7,8,1.4146461779773745e-09,False,False,0
tangent_20_brief_pitch_formal_only,20.0,brief_pitch,formal_only,velocity_x,,7.525153904322514e-05,,m/s,7,8,1.4146461779773745e-09,False,False,0
tangent_20_brief_pitch_h1_v3_tau60,20.0,brief_pitch,h1_v3_tau60,accel_bias_x,0.6883817760019006,9.013143655465775e-16,13.767635520038011,m/s2,8,8,1.4146461779773745e-09,False,False,0
tangent_20_brief_pitch_h1_v3_tau60,20.0,brief_pitch,h1_v3_tau60,accel_gain_x,0.21796899052478766,8.205232977711108e-16,21.796899052478764,fraction,8,8,1.4146461779773745e-09,False,False,0
tangent_20_brief_pitch_h1_v3_tau60,20.0,brief_pitch,h1_v3_tau60,attitude_y,0.06984242377540013,4.503580305108088e-16,6.9842423775400135,rad,8,8,1.4146461779773745e-09,False,False,0
tangent_20_brief_pitch_h1_v3_tau60,20.0,brief_pitch,h1_v3_tau60,gyro_bias_y,0.00030989420331947547,4.845571823436804e-16,30.989420331947546,rad/s,8,8,1.4146461779773745e-09,False,False,0
tangent_20_brief_pitch_h1_v3_tau60,20.0,brief_pitch,h1_v3_tau60,gyro_gain_y,21.15436387357179,1.7879472647071808e-16,2115.436387357179,fraction,8,8,1.4146461779773745e-09,False,False,0
tangent_20_brief_pitch_h1_v3_tau60,20.0,brief_pitch,h1_v3_tau60,position_x,42.085237313569266,1.2560904956404848e-15,8.417047462713853,m,8,8,1.4146461779773745e-09,False,False,0
tangent_20_brief_pitch_h1_v3_tau60,20.0,brief_pitch,h1_v3_tau60,time_offset,0.21024408805278932,4.643928704886308e-16,2.6280511006598664,s,8,8,1.4146461779773745e-09,False,False,0
tangent_20_brief_pitch_h1_v3_tau60,20.0,brief_pitch,h1_v3_tau60,velocity_x,0.1659291937972184,1.0071927388928499e-15,0.3318583875944368,m/s,8,8,1.4146461779773745e-09,False,False,0
tangent_20_brief_pitch_h10_v30_tau300,20.0,brief_pitch,h10_v30_tau300,accel_bias_x,4.100086070211265,3.611465676819596e-16,82.00172140422531,m/s2,8,8,1.4146461779773745e-09,False,False,0
tangent_20_brief_pitch_h10_v30_tau300,20.0,brief_pitch,h10_v30_tau300,accel_gain_x,0.9749383689922699,1.0453049016525263e-15,97.49383689922699,fraction,8,8,1.4146461779773745e-09,False,False,0
tangent_20_brief_pitch_h10_v30_tau300,20.0,brief_pitch,h10_v30_tau300,attitude_y,0.41634305611811,2.018997284282645e-16,41.634305611811,rad,8,8,1.4146461779773745e-09,False,False,0
tangent_20_brief_pitch_h10_v30_tau300,20.0,brief_pitch,h10_v30_tau300,gyro_bias_y,0.0013875494120020753,3.8555107034979155e-16,138.75494120020753,rad/s,8,8,1.4146461779773745e-09,False,False,0
tangent_20_brief_pitch_h10_v30_tau300,20.0,brief_pitch,h10_v30_tau300,gyro_gain_y,94.65302089320694,3.492572187881713e-16,9465.302089320694,fraction,8,8,1.4146461779773745e-09,False,False,0
tangent_20_brief_pitch_h10_v30_tau300,20.0,brief_pitch,h10_v30_tau300,position_x,188.66443139844603,1.036094102534265e-15,37.732886279689204,m,8,8,1.4146461779773745e-09,False,False,0
tangent_20_brief_pitch_h10_v30_tau300,20.0,brief_pitch,h10_v30_tau300,time_offset,0.940385007278511,6.440247953388856e-16,11.754812590981388,s,8,8,1.4146461779773745e-09,False,False,0
tangent_20_brief_pitch_h10_v30_tau300,20.0,brief_pitch,h10_v30_tau300,velocity_x,0.8751581341950971,1.6298589483758315e-15,1.7503162683901943,m/s,8,8,1.4146461779773745e-09,False,False,0
tangent_60_steady_orientation_formal_only,60.0,steady_orientation,formal_only,accel_bias_x,9.208756780442606e-05,3.4074147125673472e-16,0.001841751356088521,m/s2,7,8,1.4146461779773745e-09,False,False,0
tangent_60_steady_orientation_formal_only,60.0,steady_orientation,formal_only,accel_gain_x,0.00045980554374937894,8.485765720651224e-16,0.04598055437493789,fraction,7,8,1.4146461779773745e-09,False,False,0
tangent_60_steady_orientation_formal_only,60.0,steady_orientation,formal_only,attitude_y,5.944657154496319e-07,1.9774011239441172e-16,5.944657154496319e-05,rad,7,8,1.4146461779773745e-09,False,False,0
tangent_60_steady_orientation_formal_only,60.0,steady_orientation,formal_only,gyro_bias_y,1.3193986867548419e-08,4.484726764129431e-16,0.0013193986867548419,rad/s,7,8,1.4146461779773745e-09,False,False,0
tangent_60_steady_orientation_formal_only,60.0,steady_orientation,formal_only,gyro_gain_y,,1.0,,fraction,7,8,1.4146461779773745e-09,False,False,0
tangent_60_steady_orientation_formal_only,60.0,steady_orientation,formal_only,position_x,0.08943658627899195,4.830031505545601e-16,0.01788731725579839,m,7,8,1.4146461779773745e-09,False,False,0
tangent_60_steady_orientation_formal_only,60.0,steady_orientation,formal_only,time_offset,0.0004468203924071903,5.255242356287588e-16,0.0055852549050898785,s,7,8,1.4146461779773745e-09,False,False,0
tangent_60_steady_orientation_formal_only,60.0,steady_orientation,formal_only,velocity_x,0.000104038711356333,4.80958646154565e-16,0.000208077422712666,m/s,7,8,1.4146461779773745e-09,False,False,0
tangent_60_steady_orientation_h1_v3_tau60,60.0,steady_orientation,h1_v3_tau60,accel_bias_x,0.10456675581166415,3.4483246729678477e-16,2.091335116233283,m/s2,7,8,1.4146461779773745e-09,False,False,0
tangent_60_steady_orientation_h1_v3_tau60,60.0,steady_orientation,h1_v3_tau60,accel_gain_x,0.11975077458300624,4.0332000838283363e-16,11.975077458300625,fraction,7,8,1.4146461779773745e-09,False,False,0
tangent_60_steady_orientation_h1_v3_tau60,60.0,steady_orientation,h1_v3_tau60,attitude_y,0.010353338000814187,2.304015356418803e-16,1.0353338000814187,rad,7,8,1.4146461779773745e-09,False,False,0
tangent_60_steady_orientation_h1_v3_tau60,60.0,steady_orientation,h1_v3_tau60,gyro_bias_y,1.812522312849688e-05,5.038394491275366e-16,1.812522312849688,rad/s,7,8,1.4146461779773745e-09,False,False,0
tangent_60_steady_orientation_h1_v3_tau60,60.0,steady_orientation,h1_v3_tau60,gyro_gain_y,,1.0,,fraction,7,8,1.4146461779773745e-09,False,False,0
tangent_60_steady_orientation_h1_v3_tau60,60.0,steady_orientation,h1_v3_tau60,position_x,23.23322233888103,6.647341639832409e-16,4.646644467776206,m,7,8,1.4146461779773745e-09,False,False,0
tangent_60_steady_orientation_h1_v3_tau60,60.0,steady_orientation,h1_v3_tau60,time_offset,0.11589918534881324,7.171504578253014e-16,1.4487398168601655,s,7,8,1.4146461779773745e-09,False,False,0
tangent_60_steady_orientation_h1_v3_tau60,60.0,steady_orientation,h1_v3_tau60,velocity_x,0.07655910776316528,5.829984620986438e-16,0.15311821552633056,m/s,7,8,1.4146461779773745e-09,False,False,0
tangent_60_steady_orientation_h10_v30_tau300,60.0,steady_orientation,h10_v30_tau300,accel_bias_x,0.6649784648606215,3.7426473764809855e-16,13.299569297212429,m/s2,7,8,1.4146461779773745e-09,False,False,0
tangent_60_steady_orientation_h10_v30_tau300,60.0,steady_orientation,h10_v30_tau300,accel_gain_x,0.5356254844981034,2.2953516309567864e-16,53.56254844981034,fraction,7,8,1.4146461779773745e-09,False,False,0
tangent_60_steady_orientation_h10_v30_tau300,60.0,steady_orientation,h10_v30_tau300,attitude_y,0.06673546329625377,4.550368647459019e-16,6.673546329625377,rad,7,8,1.4146461779773745e-09,False,False,0
tangent_60_steady_orientation_h10_v30_tau300,60.0,steady_orientation,h10_v30_tau300,gyro_bias_y,8.193005266838473e-05,3.993810221131994e-16,8.193005266838473,rad/s,7,8,1.4146461779773745e-09,False,False,0
tangent_60_steady_orientation_h10_v30_tau300,60.0,steady_orientation,h10_v30_tau300,gyro_gain_y,,1.0,,fraction,7,8,1.4146461779773745e-09,False,False,0
tangent_60_steady_orientation_h10_v30_tau300,60.0,steady_orientation,h10_v30_tau300,position_x,104.68063395294168,6.125479078835919e-16,20.936126790588336,m,7,8,1.4146461779773745e-09,False,False,0
tangent_60_steady_orientation_h10_v30_tau300,60.0,steady_orientation,h10_v30_tau300,time_offset,0.5183751726741733,3.6484627430708498e-16,6.479689658427167,s,7,8,1.4146461779773745e-09,False,False,0
tangent_60_steady_orientation_h10_v30_tau300,60.0,steady_orientation,h10_v30_tau300,velocity_x,0.38107936292002803,5.744919188349883e-16,0.7621587258400561,m/s,7,8,1.4146461779773745e-09,False,False,0
tangent_60_brief_pitch_formal_only,60.0,brief_pitch,formal_only,accel_bias_x,,0.0001682706249059393,,m/s2,7,8,1.4146461779773745e-09,False,False,0
tangent_60_brief_pitch_formal_only,60.0,brief_pitch,formal_only,accel_gain_x,,0.004047879708352347,,fraction,7,8,1.4146461779773745e-09,False,False,0
tangent_60_brief_pitch_formal_only,60.0,brief_pitch,formal_only,attitude_y,,3.0346383540137798e-05,,rad,7,8,1.4146461779773745e-09,False,False,0
tangent_60_brief_pitch_formal_only,60.0,brief_pitch,formal_only,gyro_bias_y,1.3193647850653041e-08,2.1709190445633115e-06,0.001319364785065304,rad/s,7,8,1.4146461779773745e-09,False,False,0
tangent_60_brief_pitch_formal_only,60.0,brief_pitch,formal_only,gyro_gain_y,,0.9999917782612996,,fraction,7,8,1.4146461779773745e-09,False,False,0
tangent_60_brief_pitch_formal_only,60.0,brief_pitch,formal_only,position_x,,0.0001387305002370674,,m,7,8,1.4146461779773745e-09,False,False,0
tangent_60_brief_pitch_formal_only,60.0,brief_pitch,formal_only,time_offset,,5.273317959837409e-05,,s,7,8,1.4146461779773745e-09,False,False,0
tangent_60_brief_pitch_formal_only,60.0,brief_pitch,formal_only,velocity_x,,8.253551711817059e-05,,m/s,7,8,1.4146461779773745e-09,False,False,0
tangent_60_brief_pitch_h1_v3_tau60,60.0,brief_pitch,h1_v3_tau60,accel_bias_x,0.10463063252033689,9.11709999473189e-16,2.0926126504067377,m/s2,8,8,1.4146461779773745e-09,False,False,0
tangent_60_brief_pitch_h1_v3_tau60,60.0,brief_pitch,h1_v3_tau60,accel_gain_x,0.1208344492458343,4.571531446520737e-16,12.083444924583429,fraction,8,8,1.4146461779773745e-09,False,False,0
tangent_60_brief_pitch_h1_v3_tau60,60.0,brief_pitch,h1_v3_tau60,attitude_y,0.010354726095387805,3.812016488012809e-16,1.0354726095387805,rad,8,8,1.4146461779773745e-09,False,False,0
tangent_60_brief_pitch_h1_v3_tau60,60.0,brief_pitch,h1_v3_tau60,gyro_bias_y,1.812520667755832e-05,3.3625322174988006e-16,1.812520667755832,rad/s,8,8,1.4146461779773745e-09,False,False,0
tangent_60_brief_pitch_h1_v3_tau60,60.0,brief_pitch,h1_v3_tau60,gyro_gain_y,11.378760701105401,4.586998547597392e-16,1137.87607011054,fraction,8,8,1.4146461779773745e-09,False,False,0
tangent_60_brief_pitch_h1_v3_tau60,60.0,brief_pitch,h1_v3_tau60,position_x,23.244754901317243,2.1443025066185368e-16,4.648950980263448,m,8,8,1.4146461779773745e-09,False,False,0
tangent_60_brief_pitch_h1_v3_tau60,60.0,brief_pitch,h1_v3_tau60,time_offset,0.11595824230402459,2.2553162384924175e-16,1.4494780288003073,s,8,8,1.4146461779773745e-09,False,False,0
tangent_60_brief_pitch_h1_v3_tau60,60.0,brief_pitch,h1_v3_tau60,velocity_x,0.08141071455709056,9.895725566300503e-16,0.16282142911418113,m/s,8,8,1.4146461779773745e-09,False,False,0
tangent_60_brief_pitch_h10_v30_tau300,60.0,brief_pitch,h10_v30_tau300,accel_bias_x,0.6649443545495847,7.773610085486099e-16,13.298887090991693,m/s2,8,8,1.4146461779773745e-09,False,False,0
tangent_60_brief_pitch_h10_v30_tau300,60.0,brief_pitch,h10_v30_tau300,accel_gain_x,0.5404739721238696,3.671699131595019e-16,54.047397212386954,fraction,8,8,1.4146461779773745e-09,False,False,0
tangent_60_brief_pitch_h10_v30_tau300,60.0,brief_pitch,h10_v30_tau300,attitude_y,0.06671358861281976,3.309334014416169e-16,6.671358861281976,rad,8,8,1.4146461779773745e-09,False,False,0
tangent_60_brief_pitch_h10_v30_tau300,60.0,brief_pitch,h10_v30_tau300,gyro_bias_y,8.192997581854455e-05,1.466674052242874e-15,8.192997581854454,rad/s,8,8,1.4146461779773745e-09,False,False,0
tangent_60_brief_pitch_h10_v30_tau300,60.0,brief_pitch,h10_v30_tau300,gyro_gain_y,51.093649108504295,5.293404238529487e-16,5109.36491085043,fraction,8,8,1.4146461779773745e-09,False,False,0
tangent_60_brief_pitch_h10_v30_tau300,60.0,brief_pitch,h10_v30_tau300,position_x,104.7319994124963,1.24615959075273e-15,20.946399882499257,m,8,8,1.4146461779773745e-09,False,False,0
tangent_60_brief_pitch_h10_v30_tau300,60.0,brief_pitch,h10_v30_tau300,time_offset,0.5186394796417886,1.0150209924196453e-15,6.482993495522357,s,8,8,1.4146461779773745e-09,False,False,0
tangent_60_brief_pitch_h10_v30_tau300,60.0,brief_pitch,h10_v30_tau300,velocity_x,0.4004677826959172,4.017822039872522e-16,0.8009355653918344,m/s,8,8,1.4146461779773745e-09,False,False,0
