filename,task,case_id,model,converged,evaluations,cost,stationarity,rms_neu_m,fitted_constant_bias_dph,earth_removal,active_bounds,error
ILVIS0_gyro_54935_lvis_applanix_POSAV.013,594999d9bb7345ad87d3,bias0.1_unsubtracted,sphere_rotating,False,103,27319.632658667804,0.0018864318144338798,"[11.423728689069327, 43.86080614014877, 1.9783535988518899]","[0.09999999999999999, 0.09999999999998312, 0.09999999999999995]",0.0,gyro_bias_x;gyro_bias_y;gyro_bias_z;accel_bias_x;accel_bias_y;gyro_gain_x;gyro_gain_y;gyro_gain_z;accel_gain_x;accel_gain_y;lever_x;lever_y;lever_z;gravity_delta,
ILVIS0_gyro_54935_lvis_applanix_POSAV.013,594999d9bb7345ad87d3,bias0.1_unsubtracted,sphere_still,False,199,2690.1580004443067,0.010235613664495909,"[2.0020956631903797, 5.9315281195810465, 0.34779817557450793]","[-0.09999843682147573, 0.09999999999999999, 0.09999999999999999]",0.0,gyro_bias_x;gyro_bias_y;gyro_bias_z;gyro_gain_x;gyro_gain_y;gyro_gain_z;accel_gain_x;lever_z;gravity_delta,
ILVIS0_gyro_54935_lvis_applanix_POSAV.013,594999d9bb7345ad87d3,bias0.1_unsubtracted,flat_still,False,185,83925.8328900275,0.00035262652414844837,"[22.045154701713727, 78.92393888347637, 1.4351441459377556]","[-0.09999999999999999, -0.09999999999999999, 0.09999999999999999]",0.0,position_y;gyro_bias_x;gyro_bias_y;gyro_bias_z;accel_bias_x;accel_bias_y;accel_bias_z;gyro_gain_x;gyro_gain_y;gyro_gain_z;accel_gain_x;accel_gain_y;lever_x;lever_y;lever_z;gravity_delta,
ILVIS0_gyro_54935_lvis_applanix_POSAV.013,594999d9bb7345ad87d3,bias0.1_profiled_removal,sphere_rotating,False,200,2649.188948488115,0.017246058636387843,"[2.3671743070048357, 5.794526995575578, 0.4084181399860717]","[-0.09999999530604471, 0.09999999999999999, 0.09999999999999999]",1.0,gyro_bias_x;gyro_bias_y;gyro_bias_z;gyro_gain_x;gyro_gain_y;gyro_gain_z;accel_gain_x;lever_z;gravity_delta;earth_removal,
ILVIS0_gyro_54935_lvis_applanix_POSAV.013,594999d9bb7345ad87d3,bias0.1_profiled_removal,sphere_still,False,198,2488.0891423989087,0.0015373192993991447,"[3.164505285478739, 5.263882699399965, 0.577729152023714]","[-0.09999999999999999, 0.09999999999999999, 0.09999999999999999]",0.07330273042916252,gyro_bias_x;gyro_bias_y;gyro_bias_z;accel_bias_x;accel_bias_y;gyro_gain_x;gyro_gain_y;gyro_gain_z;accel_gain_x;accel_gain_y;lever_z;gravity_delta,
ILVIS0_gyro_54935_lvis_applanix_POSAV.013,594999d9bb7345ad87d3,bias0.1_profiled_removal,flat_still,False,161,17485.667424283376,0.0016838712591069388,"[12.330177761370425, 22.80453805842304, 1.0307404693837898]","[-0.09999999996834977, -0.09999999999999999, 0.09999999999999999]",1.0,gyro_bias_x;gyro_bias_y;gyro_bias_z;accel_bias_x;accel_bias_y;gyro_gain_x;gyro_gain_y;gyro_gain_z;accel_gain_x;lever_x;lever_y;lever_z;gravity_delta;earth_removal,
ILVIS0_gyro_54935_lvis_applanix_POSAV.013,594999d9bb7345ad87d3,bias1_unsubtracted,sphere_rotating,False,108,8051.922515667357,0.002760384849025876,"[3.600165787959735, 18.744363107230175, 0.8759908593556796]","[0.9999999999999998, 0.9999999999999998, 0.9999999999999998]",0.0,gyro_bias_x;gyro_bias_y;gyro_bias_z;accel_bias_x;accel_bias_y;gyro_gain_x;gyro_gain_y;gyro_gain_z;accel_gain_x;accel_gain_y;lever_x;lever_z;gravity_delta,
ILVIS0_gyro_54935_lvis_applanix_POSAV.013,594999d9bb7345ad87d3,bias1_unsubtracted,sphere_still,False,192,1251.767029222656,0.0005290202168725933,"[2.3526309048545677, 3.663993090893435, 0.5873386744318546]","[-0.9999999999999998, 0.9999999999993168, 0.9999999999999998]",0.0,gyro_bias_x;gyro_bias_y;gyro_bias_z;accel_bias_x;accel_bias_z;gyro_gain_x;gyro_gain_z;accel_gain_x;accel_gain_y;gravity_delta,
ILVIS0_gyro_54935_lvis_applanix_POSAV.013,594999d9bb7345ad87d3,bias1_unsubtracted,flat_still,True,150,43745.540951701456,2.4923120092486704e-07,"[30.63538243797658, 49.11483270829296, 1.1486921973228228]","[-0.9999999999999998, -0.9999999999999998, 0.9999999999999998]",0.0,gyro_bias_x;gyro_bias_y;gyro_bias_z;accel_bias_x;accel_bias_y;accel_bias_z;gyro_gain_x;gyro_gain_y;gyro_gain_z;accel_gain_x;accel_gain_y;lever_y;lever_z;gravity_delta;time_offset,
ILVIS0_gyro_54935_lvis_applanix_POSAV.013,594999d9bb7345ad87d3,bias1_profiled_removal,sphere_rotating,False,200,1249.6993352105328,0.014681122104286471,"[2.347574564083678, 3.6725840824241494, 0.963871275779047]","[-0.9999999999999998, 0.9999998927573397, 0.9999999999999972]",0.9999998738576913,gyro_bias_x;gyro_bias_y;gyro_bias_z;accel_bias_x;gyro_gain_x;gyro_gain_z;accel_gain_x;accel_gain_y;gravity_delta;earth_removal,
ILVIS0_gyro_54935_lvis_applanix_POSAV.013,594999d9bb7345ad87d3,bias1_profiled_removal,sphere_still,False,171,1251.9736540898696,0.0005051693746585996,"[2.433536075136834, 3.6516690048562293, 0.619981434595144]","[-0.9999999999999998, 0.9999987754601596, 0.9999999999999998]",0.05238948704927093,gyro_bias_x;gyro_bias_y;gyro_bias_z;accel_bias_x;accel_bias_z;gyro_gain_x;gyro_gain_y;gyro_gain_z;accel_gain_x;accel_gain_y;gravity_delta,
ILVIS0_gyro_54935_lvis_applanix_POSAV.013,594999d9bb7345ad87d3,bias1_profiled_removal,flat_still,False,200,10501.023628371173,0.06887558634865713,"[12.100439666677554, 4.965608264265834, 2.281085448419703]","[-0.8287069727608279, -0.9999999999999998, 0.9999999999999998]",1.0,gyro_bias_y;gyro_bias_z;gyro_gain_x;gyro_gain_y;gyro_gain_z;accel_gain_x;accel_gain_y;lever_x;lever_z;gravity_delta;earth_removal,
ILVIS0_applanix_56916_510_POS510.013,f5cae9d0d107ecad9d45,bias0.1_unsubtracted,sphere_rotating,True,172,1310.59247791051,5.172403731171659e-05,"[7.994109740252142, 2.543636612509405, 0.9407650449025438]","[0.09999999999958838, 0.09999999999999999, 0.09999999999999999]",0.0,gyro_bias_x;gyro_bias_y;gyro_bias_z;accel_bias_y;gyro_gain_x;gyro_gain_y;gyro_gain_z;accel_gain_x;accel_gain_y;gravity_delta,
ILVIS0_applanix_56916_510_POS510.013,f5cae9d0d107ecad9d45,bias0.1_unsubtracted,sphere_still,True,109,15124.336006550078,4.7983820114132755e-09,"[13.494747412054943, 21.825635996935226, 1.4218871603373746]","[0.09999999999999999, -0.09999999999999999, 0.09999999999999999]",0.0,gyro_bias_x;gyro_bias_y;gyro_bias_z;accel_bias_x;accel_bias_z;gyro_gain_x;gyro_gain_z;accel_gain_x;accel_gain_y;lever_z;gravity_delta;time_offset,
ILVIS0_applanix_56916_510_POS510.013,f5cae9d0d107ecad9d45,bias0.1_unsubtracted,flat_still,True,105,75427.50459316421,2.069511476216723e-08,"[28.02934269189493, 77.75007372331781, 1.8407842507931729]","[0.09999999999999999, -0.09999999999999999, 0.09999999999999999]",0.0,gyro_bias_x;gyro_bias_y;gyro_bias_z;accel_bias_x;accel_bias_y;accel_bias_z;gyro_gain_x;gyro_gain_y;gyro_gain_z;accel_gain_x;accel_gain_y;lever_x;lever_y;lever_z;gravity_delta;time_offset,
ILVIS0_applanix_56916_510_POS510.013,f5cae9d0d107ecad9d45,bias0.1_profiled_removal,sphere_rotating,False,200,530.569483235756,0.02094793047786817,"[5.101634952492224, 1.4534417987116237, 1.2723133203128976]","[0.09999999993153558, 0.09999999994432537, 0.09999999998381688]",0.2706942721271717,gyro_bias_x;gyro_bias_y;gyro_bias_z;accel_bias_y;gyro_gain_y;gyro_gain_z;accel_gain_x;accel_gain_y;gravity_delta;time_offset,
ILVIS0_applanix_56916_510_POS510.013,f5cae9d0d107ecad9d45,bias0.1_profiled_removal,sphere_still,True,100,15124.336002782242,2.616192060831312e-09,"[13.494749663374753, 21.825634199742662, 1.4218872184936597]","[0.09999999999999999, -0.09999999988990847, 0.09999999999999999]",5.551115123125783e-17,gyro_bias_x;gyro_bias_y;gyro_bias_z;accel_bias_x;accel_bias_z;gyro_gain_x;gyro_gain_z;accel_gain_x;accel_gain_y;lever_z;gravity_delta;time_offset;earth_removal,
ILVIS0_applanix_56916_510_POS510.013,f5cae9d0d107ecad9d45,bias0.1_profiled_removal,flat_still,True,86,75427.50458406878,4.6650462096600705e-08,"[28.028556441984314, 77.75044185895374, 1.8407830750441452]","[0.09999999999999999, -0.09999999999999999, 0.09999999999999999]",5.551115123125783e-17,gyro_bias_x;gyro_bias_y;gyro_bias_z;accel_bias_x;accel_bias_y;accel_bias_z;gyro_gain_x;gyro_gain_y;gyro_gain_z;accel_gain_x;accel_gain_y;lever_x;lever_y;lever_z;gravity_delta;time_offset;earth_removal,
ILVIS0_applanix_56916_510_POS510.013,f5cae9d0d107ecad9d45,bias1_unsubtracted,sphere_rotating,False,199,96.85412215590483,0.016567789534822144,"[1.668383841086102, 0.7486854564556361, 0.9567630126734614]","[0.7723769504122214, 0.9999967227569666, 0.9999965927498162]",0.0,gyro_bias_y;gyro_bias_z;accel_bias_y;gyro_gain_y;gyro_gain_z;lever_y;gravity_delta,
ILVIS0_applanix_56916_510_POS510.013,f5cae9d0d107ecad9d45,bias1_unsubtracted,sphere_still,True,124,7622.508461776329,2.505277208962362e-11,"[10.306118245893229, 14.955694689444783, 1.464811250031551]","[0.9999999999999998, -0.6442516859276101, 0.9999999999999998]",0.0,gyro_bias_x;gyro_bias_z;accel_bias_x;accel_bias_y;accel_bias_z;gyro_gain_x;gyro_gain_y;gyro_gain_z;accel_gain_x;accel_gain_y;lever_y;lever_z;gravity_delta;time_offset,
ILVIS0_applanix_56916_510_POS510.013,f5cae9d0d107ecad9d45,bias1_unsubtracted,flat_still,True,89,36377.359423674985,7.846251375280032e-08,"[18.27044610286782, 54.41263944379278, 1.4950424317686641]","[0.9999999999999998, -0.9999999999999998, 0.9999999999999998]",0.0,gyro_bias_x;gyro_bias_y;gyro_bias_z;accel_bias_x;accel_bias_y;accel_bias_z;gyro_gain_x;gyro_gain_y;gyro_gain_z;accel_gain_x;accel_gain_y;lever_x;lever_y;gravity_delta;time_offset,
ILVIS0_applanix_56916_510_POS510.013,f5cae9d0d107ecad9d45,bias1_profiled_removal,sphere_rotating,False,200,72.53825370268564,0.00024438835546535377,"[1.458586163066911, 0.6218637260252791, 1.09171884523676]","[0.9999999999999996, 0.9999999999999998, -0.9999994074924135]",0.22317774728672918,gyro_bias_x;gyro_bias_y;gyro_bias_z;accel_bias_y;gyro_gain_y;gyro_gain_z;lever_y;gravity_delta,
ILVIS0_applanix_56916_510_POS510.013,f5cae9d0d107ecad9d45,bias1_profiled_removal,sphere_still,True,128,7622.705187171345,6.361905702001758e-06,"[10.30553519027851, 14.957854283576358, 1.4633409723759059]","[0.9999999999999998, -0.6193035562950653, 0.9999999999999998]",5.551115123125783e-17,gyro_bias_x;gyro_bias_z;accel_bias_x;accel_bias_z;gyro_gain_x;gyro_gain_y;gyro_gain_z;accel_gain_x;accel_gain_y;lever_y;lever_z;gravity_delta;time_offset;earth_removal,
ILVIS0_applanix_56916_510_POS510.013,f5cae9d0d107ecad9d45,bias1_profiled_removal,flat_still,True,93,36377.35942646827,4.3388780571749515e-07,"[18.270212139934493, 54.412755912069514, 1.4950427707180205]","[0.9999999999999998, -0.9999999999999998, 0.9999999999999998]",5.551115123125783e-17,gyro_bias_x;gyro_bias_y;gyro_bias_z;accel_bias_x;accel_bias_y;accel_bias_z;gyro_gain_x;gyro_gain_y;gyro_gain_z;accel_gain_x;accel_gain_y;lever_x;lever_y;gravity_delta;time_offset;earth_removal,
ILVIS0_applanix_55495_20101026_510_lvis_LVIS.013,f166954fecd1d93111ee,bias0.1_unsubtracted,sphere_rotating,True,127,608.7159188653711,8.640104633006223e-07,"[3.0355530847618692, 4.874255397655408, 1.4778730439951206]","[0.09999999999999999, 0.09999999999996527, 0.09999996168217078]",0.0,gyro_bias_x;gyro_bias_y;gyro_bias_z;accel_bias_z;gyro_gain_z;accel_gain_y;lever_x;gravity_delta,
ILVIS0_applanix_55495_20101026_510_lvis_LVIS.013,f166954fecd1d93111ee,bias0.1_unsubtracted,sphere_still,True,108,3343.2849643224467,3.409923252263881e-09,"[5.13397335495237, 12.775916134874278, 9.182313701120973]","[-0.09999999999999999, -0.09999999999999999, 0.09999999999999999]",0.0,gyro_bias_x;gyro_bias_y;gyro_bias_z;gyro_gain_y;gyro_gain_z;accel_gain_x;accel_gain_y;lever_x;lever_y;lever_z;gravity_delta,
ILVIS0_applanix_55495_20101026_510_lvis_LVIS.013,f166954fecd1d93111ee,bias0.1_unsubtracted,flat_still,True,54,102594025.89438535,4.245324215846986e-09,"[1246.2166231636966, 7590.590977644948, 55.86733856179822]","[0.09999999999999999, -0.09999999999999999, 0.09999999999999999]",0.0,attitude_x;velocity_x;velocity_y;position_x;position_y;position_z;gyro_bias_x;gyro_bias_y;gyro_bias_z;accel_bias_x;accel_bias_y;accel_bias_z;gyro_gain_x;gyro_gain_y;gyro_gain_z;accel_gain_x;accel_gain_y;lever_x;lever_y;lever_z;gravity_delta;time_offset,
ILVIS0_applanix_55495_20101026_510_lvis_LVIS.013,f166954fecd1d93111ee,bias0.1_profiled_removal,sphere_rotating,True,89,130.71705819453703,1.3401828223712943e-08,"[2.5562414921298897, 0.7048525785600394, 0.6222116668799023]","[0.09999999999999999, -0.09999999999999999, 0.09999999999999999]",0.32073009974045047,gyro_bias_x;gyro_bias_y;gyro_bias_z;accel_bias_z;gyro_gain_z;accel_gain_y;lever_x;gravity_delta,
ILVIS0_applanix_55495_20101026_510_lvis_LVIS.013,f166954fecd1d93111ee,bias0.1_profiled_removal,sphere_still,True,89,3343.284967954194,3.896960400064813e-10,"[5.133992448104292, 12.775907360097872, 9.182354225307575]","[-0.09999999999999999, -0.09999999999999999, 0.09999999999999999]",5.551115123125783e-17,gyro_bias_x;gyro_bias_y;gyro_bias_z;gyro_gain_y;gyro_gain_z;accel_gain_x;accel_gain_y;lever_x;lever_y;lever_z;gravity_delta;earth_removal,
ILVIS0_applanix_55495_20101026_510_lvis_LVIS.013,f166954fecd1d93111ee,bias0.1_profiled_removal,flat_still,True,54,102594025.89439674,4.24548432773429e-09,"[1246.2166231667463, 7590.590977638685, 55.86733856236777]","[0.09999999999999999, -0.09999999999999999, 0.09999999999999999]",5.551115123125783e-17,attitude_x;velocity_x;velocity_y;position_x;position_y;position_z;gyro_bias_x;gyro_bias_y;gyro_bias_z;accel_bias_x;accel_bias_y;accel_bias_z;gyro_gain_x;gyro_gain_y;gyro_gain_z;accel_gain_x;accel_gain_y;lever_x;lever_y;lever_z;gravity_delta;time_offset;earth_removal,
ILVIS0_applanix_55495_20101026_510_lvis_LVIS.013,f166954fecd1d93111ee,bias1_unsubtracted,sphere_rotating,True,116,210.82400107222625,3.0366347385076852e-09,"[2.383883006633623, 2.326777556792658, 1.1240650259535139]","[0.9999999999999998, 0.8319872243738887, 0.9999999999999998]",0.0,gyro_bias_x;gyro_bias_z;gyro_gain_z;accel_gain_y;lever_x;gravity_delta,
ILVIS0_applanix_55495_20101026_510_lvis_LVIS.013,f166954fecd1d93111ee,bias1_unsubtracted,sphere_still,True,94,2058.3140624664256,2.392861069916757e-09,"[4.8489285700464375, 9.584947294341122, 8.969496914431014]","[-0.9999999999999998, -0.9999999999999998, 0.9999999999999998]",0.0,gyro_bias_x;gyro_bias_y;gyro_bias_z;gyro_gain_z;accel_gain_x;accel_gain_y;lever_x;lever_y;gravity_delta,
ILVIS0_applanix_55495_20101026_510_lvis_LVIS.013,f166954fecd1d93111ee,bias1_unsubtracted,flat_still,True,56,100878217.88343725,2.481002986929968e-09,"[1131.989997736944, 7551.309083768544, 30.290387160055246]","[0.9999999999999998, -0.9999999999999998, 0.9999999999999998]",0.0,attitude_x;velocity_x;velocity_y;position_x;position_y;gyro_bias_x;gyro_bias_y;gyro_bias_z;accel_bias_x;accel_bias_y;accel_bias_z;gyro_gain_x;gyro_gain_y;gyro_gain_z;accel_gain_x;accel_gain_y;lever_x;lever_y;lever_z;gravity_delta;time_offset,
ILVIS0_applanix_55495_20101026_510_lvis_LVIS.013,f166954fecd1d93111ee,bias1_profiled_removal,sphere_rotating,True,124,9.925069670412773,5.639236273886438e-06,"[0.4655212607293647, 0.19166253807853997, 0.8636218168336236]","[0.9999999999999998, -0.6804410200956057, 0.9999999999999998]",0.2902500318797473,gyro_bias_x;gyro_bias_z;gyro_gain_z;accel_gain_y;gravity_delta,
ILVIS0_applanix_55495_20101026_510_lvis_LVIS.013,f166954fecd1d93111ee,bias1_profiled_removal,sphere_still,True,107,2058.3140600357347,3.949454519358553e-09,"[4.848921583584744, 9.58495084209909, 8.96948313498525]","[-0.9999999999999998, -0.9999999999999998, 0.9999999999999998]",5.551115123125783e-17,gyro_bias_x;gyro_bias_y;gyro_bias_z;gyro_gain_z;accel_gain_x;accel_gain_y;lever_x;lever_y;gravity_delta;earth_removal,
ILVIS0_applanix_55495_20101026_510_lvis_LVIS.013,f166954fecd1d93111ee,bias1_profiled_removal,flat_still,True,56,100878217.88342972,2.481494517729366e-09,"[1131.9899977343118, 7551.309083768685, 30.290387160053978]","[0.9999999999999998, -0.9999999999999998, 0.9999999999999998]",5.551115123125783e-17,attitude_x;velocity_x;velocity_y;position_x;position_y;gyro_bias_x;gyro_bias_y;gyro_bias_z;accel_bias_x;accel_bias_y;accel_bias_z;gyro_gain_x;gyro_gain_y;gyro_gain_z;accel_gain_x;accel_gain_y;lever_x;lever_y;lever_z;gravity_delta;time_offset;earth_removal,
ILVIS0_applanix_55520_20101120_510_lvis_LVIS.013,46f49500c8df79c821b2,bias0.1_unsubtracted,sphere_rotating,True,79,3985.0264843646105,5.295705894810301e-11,"[15.581372071336322, 10.790858696782577, 1.504987409591605]","[0.09999999999999999, 0.09999999999999999, -0.09999999999999999]",0.0,gyro_bias_x;gyro_bias_y;gyro_bias_z;accel_bias_x;accel_bias_y;accel_bias_z;gyro_gain_x;gyro_gain_y;gyro_gain_z;accel_gain_x;accel_gain_y;lever_x;lever_y;lever_z;gravity_delta;time_offset,
ILVIS0_applanix_55520_20101120_510_lvis_LVIS.013,46f49500c8df79c821b2,bias0.1_unsubtracted,sphere_still,False,200,1126.9969516693766,0.0011571843824086502,"[5.166061906992834, 4.474603071715032, 1.1775104743715161]","[0.09999999999999999, 0.09999999999999999, -0.09999999999999999]",0.0,gyro_bias_x;gyro_bias_y;gyro_bias_z;accel_bias_x;accel_bias_y;gyro_gain_x;gyro_gain_y;gyro_gain_z;accel_gain_x;lever_x;lever_y;lever_z;gravity_delta;time_offset,
ILVIS0_applanix_55520_20101120_510_lvis_LVIS.013,46f49500c8df79c821b2,bias0.1_unsubtracted,flat_still,True,175,10242.7931079984,4.373872853084359e-05,"[11.80372751372984, 26.36069282110464, 0.5584716802793561]","[-0.09999999999999999, -0.09999999999999874, -0.09999999999999999]",0.0,position_y;gyro_bias_x;gyro_bias_y;gyro_bias_z;accel_bias_x;accel_bias_y;gyro_gain_x;gyro_gain_y;gyro_gain_z;accel_gain_x;accel_gain_y;lever_x;lever_z;gravity_delta,
ILVIS0_applanix_55520_20101120_510_lvis_LVIS.013,46f49500c8df79c821b2,bias0.1_profiled_removal,sphere_rotating,False,200,51.87010085451075,0.014295928515683213,"[1.2131643294451857, 0.7442954679582865, 1.0340094254643983]","[0.09999921845742822, 0.09999999999999999, -0.09999999999999999]",0.3741401013280235,gyro_bias_x;gyro_bias_y;gyro_bias_z;accel_bias_y;gyro_gain_x;gyro_gain_y;gyro_gain_z;lever_x,
ILVIS0_applanix_55520_20101120_510_lvis_LVIS.013,46f49500c8df79c821b2,bias0.1_profiled_removal,sphere_still,False,200,1121.5031946703798,0.011474061373568078,"[5.257712811061051, 4.46174543346402, 1.1727869295989646]","[0.09999999999999999, 0.09999999999999999, -0.09999999999999999]",5.551115123125783e-17,gyro_bias_x;gyro_bias_y;gyro_bias_z;accel_bias_x;accel_bias_y;gyro_gain_x;gyro_gain_y;gyro_gain_z;accel_gain_x;lever_x;lever_y;lever_z;gravity_delta;time_offset;earth_removal,
ILVIS0_applanix_55520_20101120_510_lvis_LVIS.013,46f49500c8df79c821b2,bias0.1_profiled_removal,flat_still,False,200,3447.4859781218747,1.0618261210036368e-07,"[11.76088919155811, 6.286925694404163, 0.5232867378823808]","[-0.09999999999999999, 0.09999999999999999, -0.09999999999999999]",1.0,gyro_bias_x;gyro_bias_y;gyro_bias_z;accel_bias_x;gyro_gain_x;gyro_gain_y;gyro_gain_z;accel_gain_x;accel_gain_y;lever_x;lever_y;lever_z;gravity_delta;time_offset;earth_removal,
ILVIS0_applanix_55520_20101120_510_lvis_LVIS.013,46f49500c8df79c821b2,bias1_unsubtracted,sphere_rotating,False,200,55.378844346384206,1.0599995617329087e-07,"[0.5678474600683285, 1.5183291898904705, 1.2595398490684093]","[0.9999999999999998, 0.7560935803802513, -0.9999999999999998]",0.0,gyro_bias_x;gyro_bias_z;gyro_gain_x;gyro_gain_y;gyro_gain_z;accel_gain_y;lever_x;time_offset,
ILVIS0_applanix_55520_20101120_510_lvis_LVIS.013,46f49500c8df79c821b2,bias1_unsubtracted,sphere_still,False,200,521.2036678115406,0.023266401871049378,"[3.5837518759751488, 2.8487528083828546, 0.6888972931215864]","[-0.2522024107941289, 0.9999999999999998, -0.9999999999999998]",0.0,gyro_bias_y;gyro_bias_z;accel_bias_y;gyro_gain_x;gyro_gain_y;gyro_gain_z;accel_gain_x;lever_y;lever_z;gravity_delta;time_offset,
ILVIS0_applanix_55520_20101120_510_lvis_LVIS.013,46f49500c8df79c821b2,bias1_unsubtracted,flat_still,False,200,8105.139807565976,3.6344434025728654e-09,"[12.031844736172953, 22.00102329499799, 0.3901050203156442]","[-0.9999999999999998, -0.9999999999999998, -0.9999999999999998]",0.0,position_y;gyro_bias_x;gyro_bias_y;gyro_bias_z;accel_bias_x;accel_bias_y;gyro_gain_x;gyro_gain_y;gyro_gain_z;accel_gain_x;accel_gain_y;lever_x;lever_z;gravity_delta,
ILVIS0_applanix_55520_20101120_510_lvis_LVIS.013,46f49500c8df79c821b2,bias1_profiled_removal,sphere_rotating,False,200,4.1135112095776645,0.0004923560835607771,"[0.09174122828666745, 0.07332549805609004, 0.623114228439433]","[0.12969109140620996, 0.9999999999999998, -0.9999999999999998]",0.32376823023240353,gyro_bias_y;gyro_bias_z;gyro_gain_z,
ILVIS0_applanix_55520_20101120_510_lvis_LVIS.013,46f49500c8df79c821b2,bias1_profiled_removal,sphere_still,False,200,522.1811050539961,0.004510195944041164,"[3.563922566560718, 2.8353072816416214, 0.6767872963766095]","[-0.252684250405255, 0.9999999999999998, -0.9999999999999998]",5.551115123125783e-17,gyro_bias_y;gyro_bias_z;accel_bias_y;gyro_gain_y;gyro_gain_z;accel_gain_x;lever_y;lever_z;gravity_delta;earth_removal,
ILVIS0_applanix_55520_20101120_510_lvis_LVIS.013,46f49500c8df79c821b2,bias1_profiled_removal,flat_still,False,200,3168.642587434379,0.010447378134974367,"[11.128722601473804, 6.164723788311063, 0.5448418971305242]","[-0.9999999999999992, 0.7117659294606611, -0.9999999999999998]",1.0,gyro_bias_x;gyro_bias_z;gyro_gain_x;gyro_gain_z;accel_gain_x;accel_gain_y;lever_z;earth_removal,
ILVIS0_applanix_57289_510_LVISGH.013,ae7127a8b48f61b051a8,bias0.1_unsubtracted,sphere_rotating,True,155,7750.240407463977,3.8564927679627884e-06,"[15.216749741156326, 19.7837242681341, 1.948173360085935]","[-0.09999999999999999, 0.09999999999999999, -0.09999999999999999]",0.0,gyro_bias_x;gyro_bias_y;gyro_bias_z;accel_bias_x;accel_bias_y;accel_bias_z;gyro_gain_x;gyro_gain_y;gyro_gain_z;accel_gain_y;lever_x;lever_y;gravity_delta;time_offset,
ILVIS0_applanix_57289_510_LVISGH.013,ae7127a8b48f61b051a8,bias0.1_unsubtracted,sphere_still,True,110,44653.19588923682,1.4955544223624854e-06,"[55.52139079966443, 20.59745295103404, 1.4327455534238982]","[-0.09999999999999999, 0.09999999999999999, -0.09999999999999999]",0.0,position_x;gyro_bias_x;gyro_bias_y;gyro_bias_z;accel_bias_x;accel_bias_z;gyro_gain_x;gyro_gain_y;gyro_gain_z;accel_gain_x;accel_gain_y;lever_x;gravity_delta;time_offset,
ILVIS0_applanix_57289_510_LVISGH.013,ae7127a8b48f61b051a8,bias0.1_unsubtracted,flat_still,True,156,18471.60983488736,1.1402627857754533e-10,"[3.0432182330189437, 42.202314916892696, 2.436086719065236]","[-0.09999999999999999, -0.09999999999999999, -0.09999999999999999]",0.0,position_y;gyro_bias_x;gyro_bias_y;gyro_bias_z;accel_bias_x;accel_bias_y;accel_bias_z;gyro_gain_x;gyro_gain_y;gyro_gain_z;accel_gain_y;lever_x;lever_y;lever_z;gravity_delta;time_offset,
ILVIS0_applanix_57289_510_LVISGH.013,ae7127a8b48f61b051a8,bias0.1_profiled_removal,sphere_rotating,True,164,7750.238990190118,2.0334995012276934e-11,"[15.216691696739025, 19.78384259834726, 1.94822093465786]","[-0.09999999999999999, 0.09999999999999999, -0.09999999999999999]",5.551115123125783e-17,gyro_bias_x;gyro_bias_y;gyro_bias_z;accel_bias_x;accel_bias_y;accel_bias_z;gyro_gain_x;gyro_gain_y;gyro_gain_z;accel_gain_y;lever_x;lever_y;gravity_delta;time_offset;earth_removal,
ILVIS0_applanix_57289_510_LVISGH.013,ae7127a8b48f61b051a8,bias0.1_profiled_removal,sphere_still,True,196,33024.37555083402,6.563971274589941e-10,"[48.87582869179031, 14.842905223901068, 1.3118955112551074]","[-0.09999999999999999, 0.09999999999999999, -0.09999999999999999]",0.5268517635204685,gyro_bias_x;gyro_bias_y;gyro_bias_z;accel_bias_x;accel_bias_y;gyro_gain_x;gyro_gain_y;gyro_gain_z;accel_gain_x;accel_gain_y;lever_x;lever_y;lever_z;gravity_delta;time_offset,
ILVIS0_applanix_57289_510_LVISGH.013,ae7127a8b48f61b051a8,bias0.1_profiled_removal,flat_still,True,156,18471.609834911495,9.873222142895962e-12,"[3.0432182344336556, 42.202314918291094, 2.436086718237238]","[-0.09999999999999999, -0.09999999999999999, -0.09999999999999999]",5.551115123125783e-17,position_y;gyro_bias_x;gyro_bias_y;gyro_bias_z;accel_bias_x;accel_bias_y;accel_bias_z;gyro_gain_x;gyro_gain_y;gyro_gain_z;accel_gain_y;lever_x;lever_y;lever_z;gravity_delta;time_offset;earth_removal,
ILVIS0_applanix_57289_510_LVISGH.013,ae7127a8b48f61b051a8,bias1_unsubtracted,sphere_rotating,True,186,2367.1118294920975,1.291528346904931e-09,"[6.723512780196497, 11.725165646903662, 1.7824529164904703]","[-0.9999999999999998, 0.9999999999999998, -0.9999999999999998]",0.0,gyro_bias_x;gyro_bias_y;gyro_bias_z;accel_bias_x;gyro_gain_x;gyro_gain_y;gyro_gain_z;accel_gain_y;lever_x;lever_y;gravity_delta;time_offset,
ILVIS0_applanix_57289_510_LVISGH.013,ae7127a8b48f61b051a8,bias1_unsubtracted,sphere_still,True,95,30704.82323827309,1.5179900715442866e-06,"[44.909564507029145, 18.64298948659207, 1.3520903553571966]","[-0.9999999999999998, 0.9999999999999998, -0.9999999999999998]",0.0,gyro_bias_x;gyro_bias_y;gyro_bias_z;accel_bias_x;accel_bias_z;gyro_gain_x;gyro_gain_y;gyro_gain_z;accel_gain_x;accel_gain_y;lever_x;gravity_delta;time_offset,
ILVIS0_applanix_57289_510_LVISGH.013,ae7127a8b48f61b051a8,bias1_unsubtracted,flat_still,True,152,15749.724164666464,2.4505811173291524e-07,"[2.796322253939633, 38.886684854199046, 2.4044351669052157]","[-0.9999999999999998, -0.9999999999999998, -0.9999999999999998]",0.0,position_y;gyro_bias_x;gyro_bias_y;gyro_bias_z;accel_bias_x;accel_bias_z;gyro_gain_x;gyro_gain_y;gyro_gain_z;accel_gain_y;lever_x;lever_z;gravity_delta;time_offset,
ILVIS0_applanix_57289_510_LVISGH.013,ae7127a8b48f61b051a8,bias1_profiled_removal,sphere_rotating,True,195,2367.111831241865,8.332215420152811e-10,"[6.723506413488136, 11.725165940195131, 1.7824812571106854]","[-0.9999999999999998, 0.9999999999999998, -0.9999999999999998]",5.551115123125783e-17,gyro_bias_x;gyro_bias_y;gyro_bias_z;accel_bias_x;gyro_gain_x;gyro_gain_y;gyro_gain_z;accel_gain_y;lever_x;lever_y;gravity_delta;time_offset;earth_removal,
ILVIS0_applanix_57289_510_LVISGH.013,ae7127a8b48f61b051a8,bias1_profiled_removal,sphere_still,True,175,27797.521704347466,6.542594530362345e-09,"[43.06501937445284, 17.80697376929292, 1.2980445012622917]","[-0.9999999999999998, 0.9999999999999998, -0.9999999999999998]",0.3433148059870006,gyro_bias_x;gyro_bias_y;gyro_bias_z;accel_bias_x;accel_bias_y;accel_bias_z;gyro_gain_x;gyro_gain_y;gyro_gain_z;accel_gain_x;accel_gain_y;lever_x;lever_y;lever_z;gravity_delta;time_offset,
ILVIS0_applanix_57289_510_LVISGH.013,ae7127a8b48f61b051a8,bias1_profiled_removal,flat_still,True,144,15749.724164014617,1.961196104211733e-09,"[2.7963200016678202, 38.886684702689685, 2.4044351405398467]","[-0.9999999999999998, -0.9999999999999998, -0.9999999999999998]",5.551115123125783e-17,position_y;gyro_bias_x;gyro_bias_y;gyro_bias_z;accel_bias_x;accel_bias_z;gyro_gain_x;gyro_gain_y;gyro_gain_z;accel_gain_y;lever_x;lever_z;gravity_delta;time_offset;earth_removal,
ILVIS0_58016_B200T_N44U_imu_510i_0539_41265390920_104746.013,93f52157cbd20bdf8c1b,bias0.1_unsubtracted,sphere_rotating,False,200,237.68543224982164,5.8085626808216056e-08,"[1.886261252833956, 3.698318084617152, 0.8470895123488034]","[0.09999999999999999, -0.09999999999999999, 0.09999999999999999]",0.0,gyro_bias_x;gyro_bias_y;gyro_bias_z;accel_bias_x;accel_bias_y;gyro_gain_x;gyro_gain_y;gyro_gain_z;accel_gain_x;gravity_delta,
ILVIS0_58016_B200T_N44U_imu_510i_0539_41265390920_104746.013,93f52157cbd20bdf8c1b,bias0.1_unsubtracted,sphere_still,True,166,433167.6403132493,5.91002856480489e-07,"[39.08878324829627, 206.51547051241192, 0.9363120328730419]","[-0.09999999999999999, -0.09999999999999999, 0.09999999999999999]",0.0,position_y;gyro_bias_x;gyro_bias_y;gyro_bias_z;accel_bias_y;accel_bias_z;gyro_gain_x;gyro_gain_y;gyro_gain_z;accel_gain_x;accel_gain_y;lever_x;lever_y;gravity_delta;time_offset,
ILVIS0_58016_B200T_N44U_imu_510i_0539_41265390920_104746.013,93f52157cbd20bdf8c1b,bias0.1_unsubtracted,flat_still,False,200,1222139.710023738,4.374257831050494e-05,"[144.52712081638077, 342.3719025301507, 10.86855597310223]","[-0.09999999999999999, -0.09999999999999999, 0.09999999999999999]",0.0,position_x;position_y;gyro_bias_x;gyro_bias_y;gyro_bias_z;accel_bias_y;accel_bias_z;gyro_gain_x;gyro_gain_y;gyro_gain_z;accel_gain_x;accel_gain_y;lever_x;lever_y;gravity_delta;time_offset,
ILVIS0_58016_B200T_N44U_imu_510i_0539_41265390920_104746.013,93f52157cbd20bdf8c1b,bias0.1_profiled_removal,sphere_rotating,False,200,237.69284274085422,0.013337757438759777,"[1.8831192825865632, 3.703705246120272, 0.8477104434949614]","[0.09999340350806774, -0.09999999999999999, 0.09999999999877231]",5.551115123125783e-17,gyro_bias_x;gyro_bias_y;gyro_bias_z;accel_bias_x;accel_bias_y;gyro_gain_x;gyro_gain_y;gyro_gain_z;accel_gain_x;gravity_delta;earth_removal,
ILVIS0_58016_B200T_N44U_imu_510i_0539_41265390920_104746.013,93f52157cbd20bdf8c1b,bias0.1_profiled_removal,sphere_still,True,191,433167.6487644188,6.224361767768931e-07,"[39.08893304695782, 206.5154180132467, 0.9362405750524231]","[-0.09999999999999999, -0.09999999999999999, 0.09999999999999999]",5.551115123125783e-17,position_y;gyro_bias_x;gyro_bias_y;gyro_bias_z;accel_bias_y;gyro_gain_x;gyro_gain_y;gyro_gain_z;accel_gain_x;accel_gain_y;lever_x;lever_y;gravity_delta;time_offset;earth_removal,
ILVIS0_58016_B200T_N44U_imu_510i_0539_41265390920_104746.013,93f52157cbd20bdf8c1b,bias0.1_profiled_removal,flat_still,False,200,1222140.081265448,0.00015718439645113667,"[144.52989734971982, 342.3748523120035, 10.880592950980352]","[-0.0999999983177435, -0.09999999999999999, 0.09999999999999999]",5.551115123125783e-17,position_x;position_y;gyro_bias_x;gyro_bias_y;gyro_bias_z;accel_bias_y;accel_bias_z;gyro_gain_x;gyro_gain_y;gyro_gain_z;accel_gain_x;accel_gain_y;lever_x;lever_y;gravity_delta;time_offset;earth_removal,
ILVIS0_58016_B200T_N44U_imu_510i_0539_41265390920_104746.013,93f52157cbd20bdf8c1b,bias1_unsubtracted,sphere_rotating,True,184,3.5696798307089206,3.1067864748421296e-09,"[0.1569731338342996, 0.31074561270085693, 0.30275019264890907]","[-0.4167033440647399, -0.9999999999999998, 0.9999999999999998]",0.0,gyro_bias_y;gyro_bias_z;gyro_gain_y;gyro_gain_z;gravity_delta,
ILVIS0_58016_B200T_N44U_imu_510i_0539_41265390920_104746.013,93f52157cbd20bdf8c1b,bias1_unsubtracted,sphere_still,False,200,310115.62467442336,4.194243728578705e-05,"[32.50072692322129, 170.15441783051435, 1.2712749256169396]","[-0.546691949437966, -0.9999999999999998, 0.9999999999999998]",0.0,position_y;gyro_bias_y;gyro_bias_z;accel_bias_y;gyro_gain_x;gyro_gain_y;gyro_gain_z;accel_gain_x;accel_gain_y;lever_x;lever_y;gravity_delta;time_offset,
ILVIS0_58016_B200T_N44U_imu_510i_0539_41265390920_104746.013,93f52157cbd20bdf8c1b,bias1_unsubtracted,flat_still,False,200,1012050.1010363939,1.1871920338403212e-05,"[145.39556076062027, 300.175335461719, 9.476352492772902]","[-0.635994040283444, -0.9999999999999998, 0.9999999999999998]",0.0,position_x;position_y;gyro_bias_y;gyro_bias_z;accel_bias_y;gyro_gain_x;gyro_gain_y;gyro_gain_z;accel_gain_x;accel_gain_y;lever_x;lever_y;lever_z;gravity_delta;time_offset,
ILVIS0_58016_B200T_N44U_imu_510i_0539_41265390920_104746.013,93f52157cbd20bdf8c1b,bias1_profiled_removal,sphere_rotating,True,176,3.569682463849474,6.0236112375286794e-05,"[0.15697071167532878, 0.31074510920946546, 0.3028301060098387]","[-0.4167084199650192, -0.9999999999999998, 0.9999999999999859]",5.551115123125783e-17,gyro_bias_y;gyro_bias_z;gyro_gain_y;gyro_gain_z;gravity_delta;earth_removal,
ILVIS0_58016_B200T_N44U_imu_510i_0539_41265390920_104746.013,93f52157cbd20bdf8c1b,bias1_profiled_removal,sphere_still,False,200,310114.7119518624,5.490108203161732e-05,"[32.49892870940657, 170.15567702529512, 1.2555713619751667]","[-0.5462846749930057, -0.9999999999999998, 0.9999999999999998]",5.551115123125783e-17,position_y;gyro_bias_y;gyro_bias_z;accel_bias_y;gyro_gain_x;gyro_gain_y;gyro_gain_z;accel_gain_x;accel_gain_y;lever_x;lever_y;gravity_delta;time_offset;earth_removal,
ILVIS0_58016_B200T_N44U_imu_510i_0539_41265390920_104746.013,93f52157cbd20bdf8c1b,bias1_profiled_removal,flat_still,False,200,1012050.2343237925,1.4747985129235533e-05,"[145.36450940670647, 300.19218752647726, 9.473281022227724]","[-0.631802390495853, -0.9999999999999998, 0.9999999999999998]",5.551115123125783e-17,position_x;position_y;gyro_bias_y;gyro_bias_z;accel_bias_y;gyro_gain_x;gyro_gain_y;gyro_gain_z;accel_gain_x;accel_gain_y;lever_x;lever_y;lever_z;gravity_delta;time_offset;earth_removal,
