filename,task,case_id,conditional_disc_minus_globe_cost,unresolved_optimizations,conditional_shape_preference,scientific_decision
ILVIS0_gyro_54935_lvis_applanix_POSAV.013,594999d9bb7345ad87d3,bias0.1_unsubtracted,,sphere_rotating;sphere_still;flat_still,unresolved,abstain
ILVIS0_gyro_54935_lvis_applanix_POSAV.013,594999d9bb7345ad87d3,bias0.1_profiled_removal,,sphere_rotating;sphere_still;flat_still,unresolved,abstain
ILVIS0_gyro_54935_lvis_applanix_POSAV.013,594999d9bb7345ad87d3,bias1_unsubtracted,,sphere_rotating;sphere_still,unresolved,abstain
ILVIS0_gyro_54935_lvis_applanix_POSAV.013,594999d9bb7345ad87d3,bias1_profiled_removal,,sphere_rotating;sphere_still;flat_still,unresolved,abstain
ILVIS0_applanix_56916_510_POS510.013,f5cae9d0d107ecad9d45,bias0.1_unsubtracted,74116.9121152537,,unresolved,abstain
ILVIS0_applanix_56916_510_POS510.013,f5cae9d0d107ecad9d45,bias0.1_profiled_removal,,sphere_rotating,unresolved,abstain
ILVIS0_applanix_56916_510_POS510.013,f5cae9d0d107ecad9d45,bias1_unsubtracted,,sphere_rotating,unresolved,abstain
ILVIS0_applanix_56916_510_POS510.013,f5cae9d0d107ecad9d45,bias1_profiled_removal,,sphere_rotating,unresolved,abstain
ILVIS0_applanix_55495_20101026_510_lvis_LVIS.013,f166954fecd1d93111ee,bias0.1_unsubtracted,102593417.17846648,,globe,abstain
ILVIS0_applanix_55495_20101026_510_lvis_LVIS.013,f166954fecd1d93111ee,bias0.1_profiled_removal,102593895.17733854,,globe,abstain
ILVIS0_applanix_55495_20101026_510_lvis_LVIS.013,f166954fecd1d93111ee,bias1_unsubtracted,100878007.05943617,,globe,abstain
ILVIS0_applanix_55495_20101026_510_lvis_LVIS.013,f166954fecd1d93111ee,bias1_profiled_removal,100878207.95836005,,globe,abstain
ILVIS0_applanix_55520_20101120_510_lvis_LVIS.013,46f49500c8df79c821b2,bias0.1_unsubtracted,,sphere_still,unresolved,abstain
ILVIS0_applanix_55520_20101120_510_lvis_LVIS.013,46f49500c8df79c821b2,bias0.1_profiled_removal,,sphere_rotating;sphere_still;flat_still,unresolved,abstain
ILVIS0_applanix_55520_20101120_510_lvis_LVIS.013,46f49500c8df79c821b2,bias1_unsubtracted,,sphere_rotating;sphere_still;flat_still,unresolved,abstain
ILVIS0_applanix_55520_20101120_510_lvis_LVIS.013,46f49500c8df79c821b2,bias1_profiled_removal,,sphere_rotating;sphere_still;flat_still,unresolved,abstain
ILVIS0_applanix_57289_510_LVISGH.013,ae7127a8b48f61b051a8,bias0.1_unsubtracted,10721.369427423382,,globe,abstain
ILVIS0_applanix_57289_510_LVISGH.013,ae7127a8b48f61b051a8,bias0.1_profiled_removal,10721.370844721376,,globe,abstain
ILVIS0_applanix_57289_510_LVISGH.013,ae7127a8b48f61b051a8,bias1_unsubtracted,13382.612335174366,,globe,abstain
ILVIS0_applanix_57289_510_LVISGH.013,ae7127a8b48f61b051a8,bias1_profiled_removal,13382.612332772751,,globe,abstain
ILVIS0_58016_B200T_N44U_imu_510i_0539_41265390920_104746.013,93f52157cbd20bdf8c1b,bias0.1_unsubtracted,,sphere_rotating;flat_still,unresolved,abstain
ILVIS0_58016_B200T_N44U_imu_510i_0539_41265390920_104746.013,93f52157cbd20bdf8c1b,bias0.1_profiled_removal,,sphere_rotating;flat_still,unresolved,abstain
ILVIS0_58016_B200T_N44U_imu_510i_0539_41265390920_104746.013,93f52157cbd20bdf8c1b,bias1_unsubtracted,,sphere_still;flat_still,unresolved,abstain
ILVIS0_58016_B200T_N44U_imu_510i_0539_41265390920_104746.013,93f52157cbd20bdf8c1b,bias1_profiled_removal,,sphere_still;flat_still,unresolved,abstain
