segment_id,filename,case_id,model,baseline_converged,refined_converged,baseline_cost,refined_cost,refined_minus_baseline_cost,baseline_evaluations,refined_evaluations,stationarity,stability,termination,elapsed_s,error
570b37d23af5e245dd461051,ILVIS0_applanix_57300_610_LVIS_38614965.013,bias1_unsubtracted,sphere_rotating,True,True,2.3110260839923398,2.311026090880308,6.887968417856882e-09,127,114,1.6390404324339254e-09,True,scaled_stable_callback,371.45854897701065,
570b37d23af5e245dd461051,ILVIS0_applanix_57300_610_LVIS_38614965.013,bias1_unsubtracted,sphere_still,True,True,10747.016232348018,10747.016232348018,0.0,172,173,9.283198409270393e-10,True,scipy_stop,614.212699249998,
570b37d23af5e245dd461051,ILVIS0_applanix_57300_610_LVIS_38614965.013,bias1_unsubtracted,flat_still,True,True,49304.20124662942,49304.20124662942,0.0,175,177,1.607465219275559e-10,True,scaled_stable_callback,642.4460201220063,
570b37d23af5e245dd461051,ILVIS0_applanix_57300_610_LVIS_38614965.013,bias1_profiled_removal,sphere_rotating,True,True,2.311026082975893,2.3110260911715597,8.195666811872115e-09,146,134,1.145079203400562e-09,True,scaled_stable_callback,507.2702814810036,
570b37d23af5e245dd461051,ILVIS0_applanix_57300_610_LVIS_38614965.013,bias1_profiled_removal,sphere_still,True,True,10747.016232433913,10747.016232460099,2.618617145344615e-08,182,175,2.058554635567946e-11,True,scaled_stable_callback,622.5512419220177,
570b37d23af5e245dd461051,ILVIS0_applanix_57300_610_LVIS_38614965.013,bias1_profiled_removal,flat_still,True,True,45776.369273860655,45776.369273860655,0.0,167,169,1.5226078090084912e-10,True,scaled_stable_callback,602.0171415410005,
b4e44ddc0f130ecd45674c78,ILVIS0_applanix_57320_610_LVIS_38614965.013,bias1_unsubtracted,sphere_rotating,True,True,1.3765834052908041,1.3765834052908041,0.0,178,179,7.39636750065965e-05,True,scipy_stop,652.5963703570014,
b4e44ddc0f130ecd45674c78,ILVIS0_applanix_57320_610_LVIS_38614965.013,bias1_unsubtracted,sphere_still,True,True,1980.9845684465236,1980.9845684465236,0.0,184,185,8.496270246964683e-07,True,scipy_stop,613.5862679959973,
b4e44ddc0f130ecd45674c78,ILVIS0_applanix_57320_610_LVIS_38614965.013,bias1_unsubtracted,flat_still,True,True,12508.020488671415,12508.020488671415,0.0,177,178,6.372270109375607e-10,True,scaled_stable_callback,547.2135496849951,
b4e44ddc0f130ecd45674c78,ILVIS0_applanix_57320_610_LVIS_38614965.013,bias1_profiled_removal,sphere_rotating,False,False,1.377874733700278,1.3779024915807219,2.7757880443957106e-05,200,200,0.0040022807987529375,False,evaluation_limit,864.9565825250174,
b4e44ddc0f130ecd45674c78,ILVIS0_applanix_57320_610_LVIS_38614965.013,bias1_profiled_removal,sphere_still,True,False,1980.9864422888202,1980.9864422888202,0.0,200,200,1.5674864161078998e-05,False,evaluation_limit,770.447278289008,
b4e44ddc0f130ecd45674c78,ILVIS0_applanix_57320_610_LVIS_38614965.013,bias1_profiled_removal,flat_still,True,True,6543.003424416216,6543.003424416216,0.0,196,197,9.270328632084568e-10,True,scipy_stop,757.2682333519915,
