gps_stream_offset,utc_seconds_of_day,latitude_deg,longitude_deg,fix_quality,satellites,hdop,orthometric_height_m,geoid_separation_m
3104,44971.0,79.71820256816666,-41.02048315933333,1,13,0.7,6904.54,30.92
7507,44972.0,79.71670735366666,-41.01906623816667,1,13,0.7,6903.86,30.921
11729,44973.0,79.71521316716667,-41.01760732299999,1,13,0.7,6903.278,30.921
15951,44974.0,79.71372058766666,-41.01609394366666,1,13,0.7,6902.863,30.922
20173,44975.0,79.712230539,-41.01450771566667,1,13,0.7,6902.791,30.922
24395,44976.0,79.71074397033334,-41.01283083666667,1,13,0.7,6903.097,30.924
28745,44977.0,79.70926144,-41.01105392600001,1,13,0.7,6903.473,30.924
33383,44978.0,79.70778325283332,-41.009172826333334,1,13,0.7,6903.793,30.926
37840,44979.0,79.70630932600001,-41.007192716999995,1,13,0.7,6903.863,30.926
42478,44980.0,79.70483937516666,-41.00512281016666,1,13,0.7,6903.716,30.927
47116,44981.0,79.70337327816667,-41.00296735266667,1,13,0.7,6903.317,30.927
51799,44982.0,79.70191125016666,-41.000726095,1,13,0.7,6902.767,30.929
56331,44983.0,79.7004541835,-40.99838621033334,1,13,0.7,6902.283,30.929
61044,44984.0,79.69900336883333,-40.99592948066667,1,13,0.7,6902.079,30.931
65757,44985.0,79.69756035666666,-40.9933379415,1,13,0.7,6902.288,30.931
70289,44986.0,79.696126253,-40.99060333600001,1,14,0.7,6902.854,30.933
74821,44987.0,79.69470173733333,-40.9877275285,1,14,0.7,6903.909,30.933
79534,44988.0,79.69328668716666,-40.98471558000001,1,14,0.7,6905.038,30.935
84066,44989.0,79.69188048166667,-40.98157914,1,14,0.7,6905.71,30.935
88598,44990.0,79.69048285666666,-40.97832261983333,1,14,0.7,6905.847,30.937
93311,44991.0,79.689093787,-40.974949478666666,1,13,0.7,6905.601,30.937
98024,44992.0,79.6877129455,-40.9714624895,1,13,0.7,6904.95,30.939
102737,44993.0,79.68634004416667,-40.9678717415,1,13,0.7,6904.163,30.939
106562,44994.0,79.684973984,-40.96419578183334,1,13,0.7,6903.864,30.941
111094,44995.0,79.68361237,-40.9604684055,1,13,0.7,6903.95,30.941
115566,44996.0,79.68225215300001,-40.95672378216667,1,13,0.7,6904.19,30.944
120204,44997.0,79.68089180683334,-40.952979384833334,1,13,0.7,6904.232,30.944
124842,44998.0,79.679530807,-40.949238063,1,13,0.7,6903.7,30.946
129480,44999.0,79.67816952766665,-40.945494759166664,1,13,0.7,6903.03,30.946
134118,45000.0,79.67680849966668,-40.94174653016667,1,13,0.7,6902.64,30.948
138650,45001.0,79.67544748883333,-40.937997282,1,13,0.7,6902.708,30.948
143328,45002.0,79.67408595633333,-40.934253697500004,1,13,0.7,6902.86,30.951
147860,45003.0,79.672723433,-40.93052085266667,1,13,0.7,6902.754,30.951
152392,45004.0,79.67135918883334,-40.92680230966666,1,13,0.7,6902.238,30.953
156924,45005.0,79.66999263983332,-40.92310449366666,1,13,0.7,6901.302,30.953
160618,45006.0,79.66862394633334,-40.91943801833334,1,13,0.7,6900.664,30.956
165090,45007.0,79.66725229866667,-40.915826509333336,1,13,0.7,6903.213,30.956
169547,45008.0,79.6658784795,-40.91228247466667,1,13,0.7,6907.575,30.958
174004,45009.0,79.66450244016667,-40.90880450416667,1,13,0.7,6912.77,30.958
178592,45010.0,79.66312467466668,-40.90538880133333,1,13,0.7,6918.206,30.96
183120,45011.0,79.66174511300001,-40.90203395066667,1,13,0.7,6923.802,30.96
187438,45012.0,79.66036408116666,-40.898739048500005,1,13,0.7,6929.519,30.962
191806,45013.0,79.65898182583334,-40.895501553500004,1,13,0.7,6935.288,30.962
196028,45014.0,79.65759865700001,-40.892316889166665,1,13,0.7,6940.98,30.964
200250,45015.0,79.65621471333334,-40.889182036499996,1,13,0.7,6946.584,30.964
204472,45016.0,79.65483025716667,-40.88609452283333,1,13,0.7,6952.059,30.967
208694,45017.0,79.65344536433332,-40.883053106666665,1,13,0.7,6957.456,30.967
213062,45018.0,79.65206062883334,-40.880048501333334,1,13,0.7,6962.791,30.969
217331,45019.0,79.65067645616666,-40.877072348999995,1,13,0.7,6968.0,30.969
221788,45020.0,79.64929355383333,-40.874115823333334,1,13,0.7,6973.143,30.971
226273,45021.0,79.64791238383333,-40.87117115983334,1,13,0.7,6978.285,30.971
230730,45022.0,79.64653314883334,-40.868235084333335,1,13,0.7,6983.464,30.973
235558,45023.0,79.6451558035,-40.8653073725,1,13,0.7,6988.602,30.973
240015,45024.0,79.64378028183334,-40.8623888295,1,13,0.7,6993.725,30.975
244546,45025.0,79.64240678050001,-40.85947590566666,1,13,0.7,6998.745,30.975
249077,45026.0,79.64103561433333,-40.85656380816667,1,13,0.7,7003.723,30.977
253608,45027.0,79.6396669885,-40.853648582666665,1,13,0.7,7008.665,30.977
258015,45028.0,79.63830123566666,-40.850724330000006,1,13,0.7,7013.572,30.979
262236,45029.0,79.63693843633334,-40.84778958616666,1,13,0.7,7018.417,30.979
265681,45030.0,79.63557845883334,-40.8448460475,1,13,0.7,7023.236,30.981
270150,45031.0,79.63422102,-40.841897570166665,1,13,0.7,7027.985,30.981
274681,45032.0,79.63286597633333,-40.838945739,1,13,0.7,7032.605,30.983
279212,45033.0,79.63151329399999,-40.83598625133333,1,13,0.7,7037.121,30.983
283743,45034.0,79.63016307283333,-40.83301254683333,1,13,0.7,7041.54,30.985
288274,45035.0,79.62881589483332,-40.8300174025,1,13,0.7,7045.922,30.985
292805,45036.0,79.627472154,-40.82699525966667,1,13,0.7,7050.204,30.987
297336,45037.0,79.62613200016668,-40.82394422683333,1,13,0.7,7054.408,30.987
301867,45038.0,79.62479553933333,-40.82086225616667,1,13,0.7,7058.55,30.989
306398,45039.0,79.623463029,-40.81774645633333,1,13,0.7,7062.595,30.989
310929,45040.0,79.62213448616667,-40.81459591816667,1,13,0.7,7066.632,30.991
315460,45041.0,79.62080962616666,-40.81141402266667,1,13,0.7,7070.557,30.991
319991,45042.0,79.619488199,-40.80820427416666,1,13,0.7,7074.433,30.993
324522,45043.0,79.61816977766667,-40.80497024033333,1,13,0.7,7078.27,30.993
329053,45044.0,79.61685399333334,-40.80171708483333,1,13,0.7,7082.053,30.995
333584,45045.0,79.615540586,-40.798447373500004,1,13,0.7,7085.829,30.995
338115,45046.0,79.61422965266667,-40.7951597895,1,13,0.7,7089.64,30.997
342646,45047.0,79.61292145450001,-40.79185206766667,1,13,0.7,7093.433,30.997
347053,45048.0,79.6116161665,-40.788521704,1,13,0.7,7097.248,30.999
351274,45049.0,79.61031395883333,-40.785168451,1,13,0.7,7101.085,30.999
355495,45050.0,79.60901463266667,-40.78179412833333,1,13,0.7,7104.883,31.001
359716,45051.0,79.60771772449999,-40.77840457166667,1,13,0.7,7108.638,31.001
363937,45052.0,79.60642264233334,-40.77500621083333,1,13,0.7,7112.396,31.003
368158,45053.0,79.605128708,-40.771606760000004,1,13,0.7,7116.123,31.003
372379,45054.0,79.603835296,-40.7682133735,1,13,0.7,7119.87,31.006
376600,45055.0,79.60254168116667,-40.76483384266667,1,13,0.7,7123.619,31.006
380821,45056.0,79.60124759483332,-40.76147184633333,1,13,0.7,7127.352,31.008
385042,45057.0,79.59995275533333,-40.758131088,1,13,0.7,7131.069,31.008
389263,45058.0,79.5986569385,-40.75481424233333,1,13,0.7,7134.695,31.008
393484,45059.0,79.59735997816666,-40.751522376333334,1,13,0.7,7138.186,31.01
397705,45060.0,79.596061829,-40.74825675433333,1,13,0.7,7141.579,31.01
401926,45061.0,79.59476253266666,-40.74501723616667,1,13,0.7,7144.894,31.012
406147,45062.0,79.593462535,-40.74180291183333,1,13,0.7,7148.396,31.012
410368,45063.0,79.592162574,-40.738611856333335,1,13,0.7,7152.658,31.014
414589,45064.0,79.59086377533335,-40.735441603333335,1,13,0.7,7157.943,31.014
418810,45065.0,79.5895670005,-40.73228663616667,1,13,0.7,7164.178,31.016
423031,45066.0,79.588272772,-40.729141387666665,1,13,0.7,7170.898,31.016
427280,45067.0,79.58698130916667,-40.726002787999995,1,13,0.7,7177.821,31.018
430853,45068.0,79.585692291,-40.722874123333334,1,13,0.7,7184.88,31.018
435074,45069.0,79.58440489733333,-40.71976384366667,1,13,0.7,7191.88,31.02
439295,45070.0,79.583118309,-40.71668031716667,1,13,0.7,7198.829,31.02
443516,45071.0,79.581832077,-40.71362966066667,1,13,0.7,7205.681,31.022
447737,45072.0,79.58054626533334,-40.710610367166666,1,13,0.7,7212.474,31.022
451958,45073.0,79.57926111649999,-40.707617592,1,13,0.7,7219.142,31.024
456179,45074.0,79.57797696916667,-40.704645515833334,1,13,0.7,7225.588,31.024
460400,45075.0,79.5766941685,-40.7016888695,1,13,0.7,7231.863,31.026
464621,45076.0,79.57541295600001,-40.69874395033333,1,13,0.7,7237.969,31.026
468842,45077.0,79.57413354616666,-40.695807817500004,1,13,0.7,7244.001,31.028
473063,45078.0,79.57285598383334,-40.6928798865,1,13,0.7,7249.995,31.028
477284,45079.0,79.57158002,-40.68996267116667,1,13,0.7,7255.926,31.03
481505,45080.0,79.57030544183334,-40.687057652,1,13,0.7,7261.761,31.03
485726,45081.0,79.56903216316667,-40.684165501833334,1,13,0.7,7267.439,31.032
489947,45082.0,79.567760448,-40.68128138666667,1,13,0.7,7272.996,31.032
494410,45083.0,79.56649071133333,-40.678398722833336,1,13,0.7,7278.448,31.033
498631,45084.0,79.56522343283333,-40.67551149016666,1,13,0.7,7283.776,31.033
502853,45085.0,79.56395873483334,-40.6726160905,1,13,0.7,7288.99,31.035
507256,45086.0,79.562696485,-40.66971445666666,1,13,0.7,7294.112,31.035
511478,45087.0,79.56143632883332,-40.66681158283333,1,13,0.7,7299.12,31.037
515881,45088.0,79.56017777966667,-40.66391276700001,1,13,0.7,7304.051,31.037
520103,45089.0,79.55892048383333,-40.6610214655,1,13,0.7,7308.88,31.039
524325,45090.0,79.55766449933334,-40.65813861233333,1,13,0.7,7313.594,31.039
528547,45091.0,79.55640978299999,-40.6552628895,1,13,0.7,7318.283,31.041
532769,45092.0,79.5551565375,-40.652391218333335,1,13,0.7,7322.967,31.041
536317,45093.0,79.55390489599999,-40.64952119466667,1,13,0.7,7327.57,31.043
540720,45094.0,79.55265491816667,-40.646651461000005,1,13,0.7,7332.071,31.043
544942,45095.0,79.5514066725,-40.64378097833333,1,13,0.7,7336.559,31.045
549345,45096.0,79.55016021466666,-40.64090841716666,1,13,0.7,7341.014,31.045
553748,45097.0,79.5489155315,-40.638033621999995,1,13,0.7,7345.422,31.047
558151,45098.0,79.54767244633334,-40.6351571725,1,13,0.7,7349.801,31.047
562373,45099.0,79.54643082183334,-40.632280648333335,1,13,0.7,7354.091,31.049
566776,45100.0,79.54519057600001,-40.62940510366666,1,13,0.7,7358.284,31.049
571179,45101.0,79.5439515875,-40.62653197316667,1,13,0.7,7362.396,31.05
575401,45102.0,79.542713735,-40.62366190266666,1,13,0.7,7366.427,31.05
579623,45103.0,79.54147697033333,-40.62079562516667,1,13,0.7,7370.391,31.052
583250,45104.0,79.540241398,-40.61793152633334,1,13,0.7,7374.256,31.052
587472,45105.0,79.5390073105,-40.615065487500004,1,13,0.7,7378.036,31.054
591694,45106.0,79.53777498716666,-40.61219343383333,1,13,0.7,7381.783,31.054
596097,45107.0,79.5365447305,-40.60931203183333,1,13,0.7,7385.53,31.056
600500,45108.0,79.53531655633333,-40.60642020033333,1,13,0.7,7389.233,31.056
604903,45109.0,79.53409034083333,-40.60352035033333,1,13,0.7,7392.903,31.058
609125,45110.0,79.5328658435,-40.60061514933333,1,13,0.7,7396.574,31.058
613347,45111.0,79.53164283733332,-40.5977074185,1,13,0.7,7400.235,31.06
617569,45112.0,79.53042116083334,-40.5947992415,1,13,0.7,7403.845,31.06
621972,45113.0,79.52920074116668,-40.59189146933333,1,13,0.7,7407.391,31.061
626375,45114.0,79.5279816075,-40.5889831385,1,13,0.7,7410.934,31.061
630778,45115.0,79.52676388333333,-40.586072965999996,1,13,0.7,7414.457,31.063
635181,45116.0,79.5255475835,-40.583160798499996,1,13,0.7,7418.001,31.063
639403,45117.0,79.52433258266666,-40.58024805083333,1,13,0.7,7421.589,31.065
643771,45118.0,79.52311855583334,-40.57733958716666,1,13,0.7,7425.198,31.065
647993,45119.0,79.52190510099999,-40.57444076183333,1,13,0.7,7428.779,31.067
652215,45120.0,79.52069198283333,-40.571553696,1,13,0.7,7432.327,31.067
656437,45121.0,79.51947918233333,-40.56867846233333,1,13,0.7,7435.903,31.069
660659,45122.0,79.518267017,-40.565811857166665,1,13,0.7,7439.519,31.069
664881,45123.0,79.5170555635,-40.562948781500005,1,13,0.7,7443.063,31.071
669103,45124.0,79.51584481416667,-40.560084927000005,1,13,0.7,7446.106,31.071
673325,45125.0,79.51463466199999,-40.557217853333334,1,13,0.7,7448.689,31.072
677693,45126.0,79.51342487483333,-40.554349018833335,1,13,0.7,7450.962,31.072
682061,45127.0,79.51221505533334,-40.55148186583333,1,13,0.7,7452.906,31.074
686283,45128.0,79.51100482816668,-40.54861909933334,1,13,0.7,7454.533,31.074
690651,45129.0,79.50979405416666,-40.5457627625,1,13,0.7,7456.015,31.076
694873,45130.0,79.50858275716668,-40.542913476833334,1,13,0.7,7457.517,31.076
699095,45131.0,79.50737120116668,-40.54007062516666,1,13,0.7,7459.181,31.078
703317,45132.0,79.50615953383334,-40.53723195166666,1,13,0.7,7460.948,31.078
707539,45133.0,79.50494801016666,-40.53439474566667,1,13,0.7,7462.74,31.08
711907,45134.0,79.50373667566667,-40.531555392,1,13,0.7,7464.439,31.08
716129,45135.0,79.50252539283333,-40.528713029833334,1,13,0.7,7465.842,31.081
720351,45136.0,79.501313923,-40.52586869183333,1,13,0.7,7466.849,31.081
724573,45137.0,79.50010191783333,-40.52302428683333,1,13,0.7,7467.785,31.083
728148,45138.0,79.4988891885,-40.52018367083333,1,13,0.7,7468.54,31.083
732369,45139.0,79.49767558633333,-40.51734829816667,1,13,0.7,7469.274,31.085
736591,45140.0,79.49646122600001,-40.514518226666674,1,13,0.7,7470.129,31.085
740812,45141.0,79.49524633716666,-40.51169173383333,1,13,0.7,7471.113,31.087
745033,45142.0,79.494031235,-40.508865959,1,13,0.7,7472.277,31.087
749625,45143.0,79.49281601666667,-40.506038489000005,1,13,0.7,7473.371,31.089
753846,45144.0,79.49160076366667,-40.50320788166667,1,13,0.7,7474.453,31.089
758067,45145.0,79.49038552366666,-40.500374891,1,13,0.7,7475.671,31.09
762288,45146.0,79.489170058,-40.497542552333336,1,13,0.7,7476.874,31.09
766509,45147.0,79.48795400816667,-40.4947139065,1,13,0.7,7477.982,31.092
770730,45148.0,79.486737014,-40.491890786,1,13,0.7,7478.777,31.092
774951,45149.0,79.48551882349999,-40.489074611999996,1,13,0.7,7479.244,31.094
779172,45150.0,79.48429937666667,-40.486265865499995,1,13,0.7,7479.618,31.094
783393,45151.0,79.4830786905,-40.48346354233333,1,13,0.7,7479.863,31.096
787614,45152.0,79.48185700866667,-40.480664436666665,1,13,0.7,7479.978,31.096
791835,45153.0,79.48063462683334,-40.477865016833334,1,13,0.7,7480.189,31.097
796056,45154.0,79.47941164366667,-40.475063552,1,13,0.7,7480.351,31.097
800277,45155.0,79.47818811166667,-40.472259555,1,13,0.7,7480.392,31.099
804498,45156.0,79.476963908,-40.46945403683333,1,13,0.7,7480.575,31.099
808719,45157.0,79.475739055,-40.466649587,1,13,0.7,7480.731,31.101
812940,45158.0,79.47451335266666,-40.463847439666665,1,13,0.7,7480.946,31.101
817161,45159.0,79.47328673116667,-40.46104754233333,1,13,0.7,7481.022,31.103
821382,45160.0,79.47205927516667,-40.45824844166667,1,13,0.7,7480.944,31.103
825603,45161.0,79.47083116249999,-40.45544693333333,1,13,0.7,7480.823,31.105
829824,45162.0,79.46960261266666,-40.452640638000005,1,13,0.7,7480.695,31.105
833371,45163.0,79.46837361866666,-40.44982824833333,1,13,0.7,7480.627,31.106
837592,45164.0,79.46714419016666,-40.4470110165,1,13,0.7,7480.639,31.106
841813,45165.0,79.46591416516667,-40.444191349,1,13,0.7,7480.702,31.108
846034,45166.0,79.46468336,-40.44137249933333,1,13,0.7,7480.87,31.108
850255,45167.0,79.46345167266666,-40.43855618083333,1,13,0.7,7481.055,31.11
854504,45168.0,79.46221914616667,-40.435741503500005,1,13,0.7,7481.297,31.11
858725,45169.0,79.46098587166667,-40.43292681083334,1,13,0.7,7481.45,31.112
862946,45170.0,79.45975177266668,-40.43011101966667,1,13,0.7,7481.372,31.112
867167,45171.0,79.45851695816667,-40.42729357366667,1,13,0.7,7481.234,31.113
871388,45172.0,79.457281315,-40.42447568183333,1,13,0.7,7481.159,31.113
875609,45173.0,79.45604470583334,-40.42165983933333,1,13,0.7,7480.995,31.115
879054,45174.0,79.45480701033333,-40.418847534499996,1,13,0.7,7480.944,31.115
883275,45175.0,79.45356831016667,-40.41603850716667,1,13,0.7,7480.922,31.117
887496,45176.0,79.45232906266666,-40.41322754116666,1,13,0.7,7480.792,31.117
891717,45177.0,79.45108966883335,-40.41040797066667,1,13,0.7,7480.74,31.119
895938,45178.0,79.44985057383333,-40.4075751665,1,13,0.7,7480.65,31.119
900159,45179.0,79.44861195966668,-40.40472678416666,1,13,0.7,7480.507,31.121
904380,45180.0,79.44737378800001,-40.401863904833334,1,13,0.7,7480.485,31.121
908601,45181.0,79.4461358065,-40.398990358666666,1,13,0.7,7480.538,31.122
912822,45182.0,79.44489768266666,-40.396110363000005,1,13,0.7,7480.59,31.122
917043,45183.0,79.44365922283333,-40.393228387166666,1,13,0.7,7480.739,31.124
921264,45184.0,79.44242023183332,-40.39034558833334,1,13,0.7,7481.137,31.124
925485,45185.0,79.44118083916666,-40.387461734666665,1,13,0.7,7481.481,31.126
929706,45186.0,79.439941119,-40.384573857499994,1,13,0.7,7481.887,31.126
933927,45187.0,79.43870119616666,-40.3816799775,1,13,0.7,7482.227,31.128
938148,45188.0,79.43746109666667,-40.3787777135,1,13,0.7,7482.322,31.128
942369,45189.0,79.436220752,-40.37586677683333,1,13,0.7,7482.455,31.129
946590,45190.0,79.43498002316666,-40.37294898383333,1,13,0.7,7482.47,31.129
950811,45191.0,79.43373884866666,-40.37002520716667,1,13,0.7,7482.296,31.131
955032,45192.0,79.43249699883333,-40.367097095,1,13,0.7,7482.128,31.131
959253,45193.0,79.43125423166666,-40.364168387499994,1,13,0.7,7481.897,31.133
963474,45194.0,79.430010252,-40.36124372966666,1,13,0.7,7481.668,31.133
967695,45195.0,79.4287647115,-40.35832793466667,1,13,0.7,7481.529,31.135
971916,45196.0,79.427517572,-40.35542273033333,1,13,0.7,7481.472,31.135
976137,45197.0,79.42626894766666,-40.352527077666664,1,13,0.7,7481.413,31.137
980358,45198.0,79.425019129,-40.34963728566667,1,13,0.7,7481.463,31.137
984607,45199.0,79.42376854366667,-40.346749073666665,1,13,0.7,7481.642,31.138
988829,45200.0,79.42251740416667,-40.343859052166664,1,13,0.7,7481.906,31.138
993232,45201.0,79.42126585783333,-40.34096626816667,1,13,0.7,7482.146,31.14
997454,45202.0,79.42001373816667,-40.33807208266667,1,13,0.7,7482.304,31.14
1002099,45203.0,79.41876065233333,-40.335180412666666,1,13,0.7,7482.435,31.142
1006321,45204.0,79.41750626266666,-40.33229488533333,1,13,0.7,7482.335,31.142
1010543,45205.0,79.41625037616667,-40.32941684266667,1,13,0.7,7482.126,31.144
1014765,45206.0,79.41499305133334,-40.326545937666666,1,13,0.7,7481.96,31.144
1018987,45207.0,79.41373453916667,-40.32367883916667,1,13,0.7,7481.811,31.145
1023209,45208.0,79.41247507050001,-40.320811989000006,1,13,0.7,7481.65,31.145
1027640,45209.0,79.41121498516667,-40.317943323166666,1,13,0.7,7481.53,31.147
1031862,45210.0,79.40995430766667,-40.31507206483333,1,13,0.7,7481.453,31.147
1036265,45211.0,79.40869306133332,-40.312198257999995,1,13,0.7,7481.362,31.149
1040668,45212.0,79.40743128166667,-40.30932369333333,1,13,0.7,7481.322,31.149
1045071,45213.0,79.40616867016666,-40.30645023833333,1,13,0.7,7481.337,31.151
1049293,45214.0,79.40490527033333,-40.30357894316667,1,13,0.7,7481.183,31.151
1053696,45215.0,79.40364108283333,-40.30070869083333,1,13,0.7,7481.092,31.153
1058099,45216.0,79.40237634383334,-40.297838807,1,13,0.7,7481.134,31.153
1062321,45217.0,79.4011110765,-40.29496889916666,1,13,0.7,7481.115,31.154
1066543,45218.0,79.399845188,-40.292099718833335,1,13,0.7,7481.11,31.154
1070946,45219.0,79.398578563,-40.289232505,1,13,0.7,7481.095,31.156
1075168,45220.0,79.39731113683334,-40.28636838316667,1,13,0.7,7481.099,31.156
1078742,45221.0,79.39604271066668,-40.28350863166667,1,13,0.7,7480.948,31.158
1083145,45222.0,79.3947734245,-40.280652113833334,1,13,0.7,7480.611,31.158
1087548,45223.0,79.3935035855,-40.27779465766666,1,13,0.7,7480.56,31.16
1091951,45224.0,79.39223363866667,-40.27493280416666,1,13,0.7,7480.691,31.16
1096173,45225.0,79.39096348516667,-40.272068125333334,1,13,0.7,7480.697,31.161
1100395,45226.0,79.38969297883334,-40.269202082666666,1,13,0.7,7480.95,31.161
1104617,45227.0,79.38842207166667,-40.266337027,1,13,0.7,7481.297,31.163
1109020,45228.0,79.38715067633333,-40.26347412266667,1,13,0.7,7481.705,31.163
1113423,45229.0,79.38587863383333,-40.26061418533333,1,13,0.7,7482.26,31.165
1117826,45230.0,79.38460587533334,-40.257757715333334,1,13,0.7,7482.777,31.165
1122229,45231.0,79.38333223866667,-40.254905027,1,13,0.7,7483.138,31.167
1126451,45232.0,79.38205779883333,-40.252054691,1,13,0.7,7483.338,31.167
1130017,45233.0,79.38078255516666,-40.249205444000005,1,13,0.7,7483.601,31.168
1134239,45234.0,79.37950658083334,-40.24635579816666,1,13,0.7,7483.711,31.168
1138461,45235.0,79.37823017733334,-40.24350206566667,1,13,0.7,7483.592,31.17
1142683,45236.0,79.37695365500001,-40.2406384515,1,13,0.7,7483.666,31.17
1146905,45237.0,79.37567744050001,-40.2377603065,1,13,0.7,7483.729,31.172
1151127,45238.0,79.3744016105,-40.234866284999995,1,13,0.7,7483.719,31.172
1155349,45239.0,79.37312608133334,-40.23195718216667,1,13,0.7,7483.868,31.174
1159571,45240.0,79.37185047933333,-40.22903857916666,1,13,0.7,7483.931,31.174
1163939,45241.0,79.37057441666666,-40.22611536466666,1,13,0.7,7483.858,31.176
1168307,45242.0,79.36929755316667,-40.22319194916667,1,13,0.7,7483.942,31.176
1172529,45243.0,79.36801984916666,-40.2202695575,1,13,0.7,7484.046,31.177
1176897,45244.0,79.36674148583333,-40.2173458665,1,13,0.7,7483.98,31.177
1181119,45245.0,79.36546266333333,-40.214417215000005,1,13,0.7,7484.026,31.179
1185341,45246.0,79.36418366366667,-40.211481598166664,1,13,0.7,7484.209,31.179
1189563,45247.0,79.362904659,-40.208536781666666,1,13,0.7,7484.316,31.181
1193785,45248.0,79.36162566016667,-40.20558202166667,1,13,0.7,7484.389,31.181
1198153,45249.0,79.3603465015,-40.202618742666665,1,13,0.7,7484.468,31.183
1202375,45250.0,79.35906696483333,-40.199650618666666,1,13,0.7,7484.438,31.183
1206597,45251.0,79.35778676616665,-40.19668112,1,13,0.7,7484.384,31.184
1210819,45252.0,79.35650568366667,-40.193712241166665,1,13,0.7,7484.466,31.184
1215041,45253.0,79.35522377683333,-40.1907439195,1,13,0.7,7484.468,31.186
1219263,45254.0,79.35394107866667,-40.187775812333335,1,13,0.7,7484.421,31.186
1223485,45255.0,79.35265737350001,-40.18481039983333,1,13,0.7,7484.57,31.188
1227706,45256.0,79.35137240616667,-40.18185104816666,1,13,0.7,7484.682,31.188
1231927,45257.0,79.3500860495,-40.178899041166666,1,13,0.7,7484.568,31.19
1236148,45258.0,79.34879835866667,-40.17595357816666,1,13,0.7,7484.527,31.19
1240369,45259.0,79.34750930483332,-40.173014134333336,1,13,0.7,7484.556,31.191
1244590,45260.0,79.34621887783334,-40.17008010916666,1,13,0.7,7484.272,31.191
1248811,45261.0,79.34492719166666,-40.16714992,1,13,0.7,7484.068,31.193
1253032,45262.0,79.34363437483333,-40.16422237966666,1,13,0.7,7484.039,31.193
1257624,45263.0,79.34234058716667,-40.16129563216667,1,13,0.7,7483.933,31.195
1261845,45264.0,79.34104596166667,-40.15836815633334,1,13,0.7,7483.701,31.195
1266066,45265.0,79.33975063849999,-40.15543956316667,1,13,0.7,7483.728,31.197
1270287,45266.0,79.338454731,-40.15250994783333,1,13,0.7,7483.843,31.197
1273860,45267.0,79.33715828416666,-40.14957838383334,1,13,0.7,7483.874,31.198
1278081,45268.0,79.335861287,-40.146644171000005,1,13,0.7,7484.02,31.198
1282302,45269.0,79.33456379933334,-40.143708195,1,13,0.7,7484.2,31.2
1286523,45270.0,79.3332656,-40.14077297433333,1,13,0.7,7484.425,31.2
1290744,45271.0,79.33196654666668,-40.137840059333335,1,13,0.7,7484.784,31.202
1294965,45272.0,79.33066674183333,-40.13490958916667,1,13,0.7,7485.155,31.202
1299186,45273.0,79.32936610883333,-40.13198133216667,1,13,0.7,7485.404,31.204
1303407,45274.0,79.32806465083333,-40.12905453816666,1,13,0.7,7485.783,31.204
1307628,45275.0,79.3267623845,-40.126129162666665,1,13,0.7,7486.04,31.205
1311849,45276.0,79.32545928733333,-40.12320560766667,1,13,0.7,7486.139,31.205
1316070,45277.0,79.3241553435,-40.1202826425,1,13,0.7,7486.195,31.207
1323421,45279.0,79.32154519183334,-40.114437190833335,1,13,0.7,7486.072,31.209
1327642,45280.0,79.320238779,-40.1115160905,1,13,0.7,7486.019,31.209
1331863,45281.0,79.31893152983334,-40.1085970375,1,13,0.7,7485.764,31.211
1336084,45282.0,79.31762330283333,-40.105679243000004,1,13,0.7,7485.714,31.211
1340305,45283.0,79.31631432616668,-40.1027632205,1,13,0.7,7485.663,31.212
1344526,45284.0,79.3150046275,-40.099847568499996,1,13,0.7,7485.54,31.212
1348747,45285.0,79.31369424433333,-40.09693122616667,1,13,0.7,7485.577,31.214
1352968,45286.0,79.31238332666666,-40.09401361066667,1,13,0.7,7485.557,31.214
1357189,45287.0,79.311072004,-40.091093709666666,1,13,0.7,7485.577,31.216
1361410,45288.0,79.30976032816667,-40.08816999466667,1,13,0.7,7485.706,31.216
1365631,45289.0,79.30844837716667,-40.08524042933333,1,13,0.7,7485.675,31.218
1369852,45290.0,79.30713633616666,-40.08230273883333,1,13,0.7,7485.521,31.218
1374073,45291.0,79.30582456883333,-40.07935239016667,1,13,0.7,7485.475,31.219
1378294,45292.0,79.304513135,-40.076388366833335,1,13,0.7,7485.395,31.219
1382515,45293.0,79.3032020185,-40.07341069066667,1,13,0.7,7485.297,31.221
1386736,45294.0,79.30189100983333,-40.07042265083333,1,13,0.7,7485.199,31.221
1390957,45295.0,79.300579896,-40.067428428999996,1,13,0.7,7485.153,31.223
1395178,45296.0,79.29926840166667,-40.06443123566667,1,13,0.7,7485.223,31.223
1399399,45297.0,79.29795627833333,-40.061433980500006,1,13,0.7,7485.169,31.225
1403620,45298.0,79.29664353616666,-40.058437297999994,1,13,0.7,7485.337,31.225
1407841,45299.0,79.29533023266666,-40.055442695833335,1,13,0.7,7485.578,31.226
1412062,45300.0,79.29401611266667,-40.05245309983333,1,13,0.7,7485.768,31.226
1416283,45301.0,79.29270093216665,-40.04947050616667,1,13,0.7,7486.045,31.228
1420504,45302.0,79.2913846215,-40.046496653,1,13,0.7,7486.206,31.228
1424725,45303.0,79.29006698133334,-40.04353280033333,1,13,0.7,7486.129,31.23
1428946,45304.0,79.288748115,-40.04057691433333,1,13,0.7,7485.945,31.23
1433167,45305.0,79.2874283015,-40.037625922,1,13,0.7,7485.96,31.232
1437388,45306.0,79.28610782166668,-40.034676913,1,13,0.7,7486.033,31.232
1441609,45307.0,79.28478682199999,-40.031728038333334,1,13,0.7,7486.003,31.233
1445830,45308.0,79.28346529150001,-40.028778300666666,1,13,0.7,7486.09,31.233
1450051,45309.0,79.28214335300001,-40.02582806833333,1,13,0.7,7486.112,31.235
1454272,45310.0,79.28082084233333,-40.022879196999995,1,13,0.7,7486.039,31.235
1458493,45311.0,79.27949762716666,-40.019932872333335,1,13,0.7,7486.036,31.237
1462714,45312.0,79.27817364283332,-40.01698927216667,1,13,0.7,7485.871,31.237
1466935,45313.0,79.27684898849999,-40.01404645783334,1,13,0.7,7485.65,31.238
1471156,45314.0,79.27552402066667,-40.01110063866667,1,13,0.7,7485.574,31.238
1475377,45315.0,79.274198772,-40.00815086683333,1,13,0.7,7485.571,31.24
1479599,45316.0,79.27287322366666,-40.005198027333336,1,13,0.7,7485.562,31.24
1484002,45317.0,79.27154733083333,-40.00224342316667,1,13,0.7,7485.566,31.242
1488224,45318.0,79.27022084683334,-39.999289849499995,1,13,0.7,7485.743,31.242
1492627,45319.0,79.26889358449999,-39.9963400905,1,13,0.7,7485.771,31.244
1496849,45320.0,79.26756549033333,-39.99339521666666,1,13,0.7,7485.861,31.244
1501071,45321.0,79.266236707,-39.99045403616667,1,13,0.7,7486.117,31.245
1505293,45322.0,79.26490754449999,-39.98751463716667,1,13,0.7,7486.321,31.245
1509757,45323.0,79.263578015,-39.984573968,1,13,0.7,7486.642,31.247
1513979,45324.0,79.2622482325,-39.981631305166665,1,13,0.7,7486.905,31.247
1518382,45325.0,79.26091812216667,-39.97868714333333,1,13,0.7,7486.944,31.249
1521930,45326.0,79.25958748516668,-39.97574143083333,1,13,0.7,7487.05,31.249
1526333,45327.0,79.25825650883333,-39.97279291383334,1,13,0.7,7486.895,31.251
1530736,45328.0,79.25692527433333,-39.96983918583333,1,13,0.7,7486.789,31.251
1535139,45329.0,79.2555940325,-39.9668773015,1,13,0.7,7486.912,31.253
1539361,45330.0,79.25426296716667,-39.963905696333335,1,13,0.7,7486.892,31.253
1543764,45331.0,79.2529321325,-39.96092351866666,1,13,0.7,7486.934,31.254
1548167,45332.0,79.25160142899999,-39.95793219233334,1,13,0.7,7487.198,31.254
1552389,45333.0,79.250270612,-39.95493490716667,1,13,0.7,7487.299,31.256
1556611,45334.0,79.2489395895,-39.951932903333336,1,13,0.7,7487.386,31.256
1561014,45335.0,79.24760843300001,-39.94892685883334,1,13,0.7,7487.671,31.258
1565236,45336.0,79.246276915,-39.945918789333334,1,13,0.7,7487.881,31.258
1568810,45337.0,79.2449448385,-39.94290997216667,1,13,0.7,7487.921,31.26
1573213,45338.0,79.24361208033334,-39.939902907833336,1,13,0.7,7487.982,31.26
1577616,45339.0,79.24227845883334,-39.93690121066666,1,13,0.7,7488.022,31.262
1582019,45340.0,79.240943816,-39.933908735833334,1,13,0.7,7488.047,31.262
1586241,45341.0,79.23960816866666,-39.93092752683334,1,13,0.7,7488.011,31.264
1590463,45342.0,79.23827160633333,-39.927956579,1,13,0.7,7488.056,31.264
1594685,45343.0,79.2369344865,-39.9249923725,1,13,0.7,7488.073,31.266
1599088,45344.0,79.23559707466667,-39.922031846833335,1,13,0.7,7488.037,31.266
1603491,45345.0,79.23425940316666,-39.919073521,1,13,0.7,7488.034,31.267
1607894,45346.0,79.232921679,-39.91611670566667,1,13,0.7,7488.004,31.267
1612297,45347.0,79.23158385466667,-39.91316145266667,1,13,0.7,7487.909,31.269
1616519,45348.0,79.23024585966667,-39.91020940533333,1,13,0.7,7487.721,31.269
1620887,45349.0,79.22890756333332,-39.90726240483333,1,13,0.7,7487.586,31.271
1624461,45350.0,79.22756883416668,-39.904322107333336,1,13,0.7,7487.449,31.271
1628683,45351.0,79.2262297415,-39.901388229999995,1,13,0.7,7487.16,31.273
1632905,45352.0,79.22489030716666,-39.89846014016667,1,13,0.7,7486.95,31.273
1637127,45353.0,79.22355068383334,-39.895536179000004,1,13,0.7,7486.812,31.275
1641349,45354.0,79.22221100899999,-39.892615000999996,1,13,0.7,7486.58,31.275
1645571,45355.0,79.220871398,-39.88969594866667,1,13,0.7,7486.484,31.277
1649793,45356.0,79.21953178783333,-39.88677929333333,1,13,0.7,7486.541,31.277
1654161,45357.0,79.21819225433333,-39.883865739166666,1,13,0.7,7486.398,31.279
1658529,45358.0,79.2168527055,-39.88095415283333,1,13,0.7,7486.274,31.279
1662751,45359.0,79.21551343050001,-39.87804245816667,1,13,0.7,7486.178,31.281
1667119,45360.0,79.21417445483333,-39.87512751233333,1,13,0.7,7485.953,31.281
1670565,45361.0,79.21283623699999,-39.872204192000005,1,13,0.7,7485.603,31.283
1674787,45362.0,79.211499018,-39.8692679245,1,13,0.7,7485.39,31.283
1679009,45363.0,79.21016300950001,-39.866317903,1,13,0.7,7485.2,31.285
1683231,45364.0,79.20882797233334,-39.86335688966667,1,13,0.7,7484.985,31.285
1687599,45365.0,79.20749365183333,-39.860389300499996,1,13,0.7,7484.805,31.287
1691821,45366.0,79.20615987549999,-39.85741844416667,1,13,0.7,7484.765,31.287
1696043,45367.0,79.20482659383333,-39.85444626416667,1,13,0.7,7484.669,31.289
1700265,45368.0,79.203493884,-39.85147212616666,1,13,0.7,7484.685,31.289
1704487,45369.0,79.202161833,-39.84849456166667,1,13,0.7,7484.713,31.291
1708709,45370.0,79.20083050466665,-39.845512308833335,1,13,0.7,7484.751,31.291
1712931,45371.0,79.199499933,-39.84252480766667,1,13,0.7,7484.801,31.293
1717152,45372.0,79.19816997733332,-39.839533276333334,1,13,0.7,7484.717,31.293
1721373,45373.0,79.19684042033333,-39.83654012783334,1,13,0.7,7484.597,31.295
1725594,45374.0,79.19551100216667,-39.83354946983333,1,13,0.7,7484.539,31.295
1729815,45375.0,79.1941812685,-39.830567334,1,13,0.7,7484.525,31.297
1734036,45376.0,79.19285089716666,-39.82759883716667,1,13,0.7,7484.632,31.297
1738257,45377.0,79.19151972166667,-39.8246465805,1,13,0.7,7484.56,31.299
1742478,45378.0,79.19018773500001,-39.82170917733333,1,13,0.7,7484.435,31.299
1746699,45379.0,79.188855076,-39.81878550133333,1,13,0.7,7484.563,31.302
1750920,45380.0,79.187522086,-39.81587262933333,1,13,0.7,7484.677,31.302
1755141,45381.0,79.186189039,-39.812965961833335,1,13,0.7,7484.853,31.304
1759362,45382.0,79.18485623350001,-39.81006212,1,13,0.7,7485.251,31.304
1763954,45383.0,79.18352377066667,-39.80716036283333,1,13,0.7,7485.654,31.306
1768175,45384.0,79.18219154716667,-39.80426009083333,1,13,0.7,7485.974,31.306
1772396,45385.0,79.18085957199999,-39.801361241,1,13,0.7,7486.26,31.308
1776617,45386.0,79.17952775716667,-39.79846408633333,1,13,0.7,7486.491,31.308
1780838,45387.0,79.1781960295,-39.79556959683334,1,13,0.7,7486.542,31.31
1785059,45388.0,79.176864381,-39.792677454166665,1,13,0.7,7486.556,31.31
1789280,45389.0,79.17553288683332,-39.789786438499995,1,13,0.7,7486.636,31.312
1793501,45390.0,79.174201642,-39.786895150999996,1,13,0.7,7486.507,31.312
1797722,45391.0,79.17287074133333,-39.78400262683333,1,13,0.7,7486.452,31.314
1801943,45392.0,79.1715400765,-39.78110942516666,1,13,0.7,7486.439,31.314
1806164,45393.0,79.17020958350001,-39.778217422666664,1,13,0.7,7486.245,31.317
1810385,45394.0,79.16887905466666,-39.7753283415,1,13,0.7,7486.116,31.317
1814634,45395.0,79.16754847966666,-39.7724437115,1,13,0.7,7486.099,31.319
1818855,45396.0,79.16621772283334,-39.769564990000006,1,13,0.7,7486.019,31.319
1823076,45397.0,79.164886912,-39.7666918305,1,13,0.7,7485.986,31.321
1827297,45398.0,79.163556403,-39.76381972833334,1,13,0.7,7486.131,31.321
1831518,45399.0,79.162226421,-39.76094470933333,1,13,0.7,7486.136,31.323
1835739,45400.0,79.16089747683333,-39.758059013499995,1,13,0.7,7486.126,31.323
1839960,45401.0,79.15956977433333,-39.75515984850001,1,13,0.7,7486.184,31.325
1844181,45402.0,79.15824329933334,-39.752248447666666,1,13,0.7,7486.244,31.325
1848402,45403.0,79.15691769816667,-39.749327477166666,1,13,0.7,7486.33,31.328
1852623,45404.0,79.15559289716666,-39.7464002095,1,13,0.7,7486.333,31.328
1856844,45405.0,79.15426866283333,-39.743468991166665,1,13,0.7,7486.496,31.33
1861065,45406.0,79.15294503816668,-39.740535519333335,1,13,0.7,7486.809,31.33
1865286,45407.0,79.15162188949999,-39.737600674666666,1,13,0.7,7487.09,31.332
1869507,45408.0,79.15029926616667,-39.73466228583333,1,13,0.7,7487.186,31.332
1873728,45409.0,79.14897734783334,-39.731718185666665,1,13,0.7,7487.334,31.334
1877301,45410.0,79.14765596316667,-39.728770680333334,1,13,0.7,7487.369,31.334
1881522,45411.0,79.14633470083332,-39.72582492516666,1,13,0.7,7487.247,31.337
1885743,45412.0,79.14501317666667,-39.722885581166665,1,13,0.7,7487.2,31.337
1889964,45413.0,79.14369121833333,-39.719955796166666,1,13,0.7,7487.099,31.339
1894185,45414.0,79.14236874083333,-39.717036642000004,1,13,0.7,7487.003,31.339
1898406,45415.0,79.14104582016667,-39.71412640383333,1,13,0.7,7486.991,31.341
1902627,45416.0,79.139722807,-39.7112214945,1,13,0.7,7487.065,31.341
1906848,45417.0,79.13839996983333,-39.70831883066667,1,13,0.7,7487.258,31.344
1911069,45418.0,79.13707728883334,-39.705417548166665,1,13,0.7,7487.362,31.344
1915290,45419.0,79.13575473083333,-39.70251719633333,1,13,0.7,7487.445,31.346
1919511,45420.0,79.13443221766667,-39.699619043333335,1,13,0.7,7487.537,31.346
1922956,45421.0,79.1331096075,-39.696724491000005,1,13,0.7,7487.334,31.348
1927177,45422.0,79.13178669866667,-39.6938353145,1,13,0.7,7487.082,31.348
1931398,45423.0,79.13046348466668,-39.6909528825,1,13,0.7,7486.976,31.351
1935619,45424.0,79.12914005283332,-39.6880771035,1,13,0.7,7486.817,31.351
1939840,45425.0,79.12781654733334,-39.68520624133334,1,13,0.7,7486.679,31.353
1944061,45426.0,79.12649307866667,-39.6823376935,1,13,0.7,7486.623,31.353
1948282,45427.0,79.12516988116666,-39.67947011866667,1,13,0.7,7486.507,31.356
1952503,45428.0,79.12384706333334,-39.6766013925,1,13,0.7,7486.577,31.356
1956724,45429.0,79.12252465933334,-39.6737324795,1,13,0.7,7486.499,31.358
1960945,45430.0,79.12120243933333,-39.670864372,1,13,0.7,7486.422,31.358
1965166,45431.0,79.11988035099999,-39.66799845783333,1,13,0.7,7486.328,31.36
1969388,45432.0,79.11855834116666,-39.665135440166665,1,13,0.7,7486.083,31.36
1972989,45433.0,79.11723651633334,-39.66227497616667,1,13,0.7,7486.019,31.363
1977211,45434.0,79.11591491733334,-39.65941597066667,1,13,0.7,7486.14,31.363
1981614,45435.0,79.11459366166667,-39.656557551,1,13,0.7,7486.143,31.365
1985836,45436.0,79.11327283166666,-39.653696759333336,1,13,0.7,7486.126,31.365
1990058,45437.0,79.11195248033333,-39.650832151500005,1,13,0.7,7486.165,31.368
1994280,45438.0,79.11063255216666,-39.647964085,1,13,0.7,7486.067,31.368
1998502,45439.0,79.10931304883334,-39.64509350283333,1,13,0.7,7486.027,31.37
2002724,45440.0,79.107993858,-39.6422215475,1,13,0.7,7486.111,31.37
2007127,45441.0,79.10667492416665,-39.6393493535,1,13,0.7,7486.132,31.372
2011349,45442.0,79.10535603199999,-39.63647903766666,1,13,0.7,7486.101,31.372
2015994,45443.0,79.10403694083334,-39.63361526983333,1,13,0.7,7486.229,31.375
2020397,45444.0,79.10271749583333,-39.630760331833336,1,13,0.7,7486.306,31.375
2024800,45445.0,79.10139767416668,-39.627914178333334,1,13,0.7,7486.573,31.377
2029022,45446.0,79.100077537,-39.62507550633333,1,13,0.7,7486.79,31.377
2033425,45447.0,79.09875722633333,-39.622242608,1,13,0.7,7486.824,31.38
2037828,45448.0,79.097436733,-39.619413620500005,1,13,0.7,7486.969,31.38
2042050,45449.0,79.09611635316666,-39.61658682466667,1,13,0.7,7487.13,31.382
2046272,45450.0,79.09479591750001,-39.613762294333334,1,13,0.7,7487.216,31.382
2050675,45451.0,79.09347553683332,-39.610939374500006,1,13,0.7,7487.296,31.385
2054897,45452.0,79.09215516750001,-39.60811798300001,1,13,0.7,7487.368,31.385
2059147,45453.0,79.09083480983332,-39.60529803483333,1,13,0.7,7487.407,31.387
2063550,45454.0,79.08951446233333,-39.60247858733333,1,13,0.7,7487.294,31.387
2067953,45455.0,79.08819421783333,-39.599658287833336,1,13,0.7,7487.112,31.39
2071682,45456.0,79.086874026,-39.596837040666664,1,13,0.7,7487.112,31.39
2075904,45457.0,79.0855540135,-39.59401637,1,13,0.7,7487.125,31.392
2080126,45458.0,79.08423409416667,-39.59119598266667,1,13,0.7,7487.326,31.392
2084348,45459.0,79.08291447383334,-39.58837466466667,1,13,0.7,7487.607,31.395
2088751,45460.0,79.08159499366667,-39.585551327,1,13,0.7,7487.625,31.395
2093154,45461.0,79.08027573733334,-39.582725345,1,13,0.7,7487.472,31.397
2097557,45462.0,79.078956504,-39.57989718383333,1,13,0.7,7487.43,31.397
2101960,45463.0,79.07763724766667,-39.57707048533334,1,13,0.7,7487.291,31.4
2106182,45464.0,79.0763179175,-39.574245250333334,1,13,0.7,7487.155,31.4
2110550,45465.0,79.07499861149999,-39.571421044,1,13,0.7,7487.253,31.403
2114772,45466.0,79.07367947450001,-39.568596374,1,13,0.7,7487.286,31.403
2118994,45467.0,79.07236050533334,-39.56577091266667,1,13,0.7,7487.322,31.405
2123216,45468.0,79.07104147733334,-39.562947081833336,1,13,0.7,7487.346,31.405
2126790,45469.0,79.06972237766666,-39.56012752116667,1,13,0.7,7487.303,31.408
2131012,45470.0,79.06840310999999,-39.5573116775,1,13,0.7,7487.289,31.408
2135234,45471.0,79.0670837875,-39.55449761683334,1,13,0.7,7487.358,31.41
2139456,45472.0,79.0657644225,-39.551685947833334,1,13,0.7,7487.21,31.41
2143824,45473.0,79.06444486233333,-39.548877002333334,1,13,0.7,7486.959,31.413
2148192,45474.0,79.06312507416666,-39.546071497166665,1,13,0.7,7486.797,31.413
2152414,45475.0,79.0618052425,-39.54326833983334,1,13,0.7,7486.672,31.416
2156782,45476.0,79.06048537116666,-39.54046733,1,13,0.7,7486.641,31.416
2161004,45477.0,79.059165559,-39.537669128833336,1,13,0.7,7486.761,31.418
2165226,45478.0,79.05784564533333,-39.534875839,1,13,0.7,7486.802,31.418
2169448,45479.0,79.05652569366666,-39.532086107000005,1,13,0.7,7486.773,31.421
2173670,45480.0,79.05520571866667,-39.529298718499994,1,13,0.7,7486.83,31.421
2178038,45481.0,79.05388570666668,-39.5265157645,1,13,0.7,7486.712,31.424
2181586,45482.0,79.05256572733333,-39.52373332016667,1,13,0.7,7486.66,31.424
2185836,45483.0,79.05124618166666,-39.52094823816667,1,13,0.7,7486.724,31.426
2190058,45484.0,79.04992717966667,-39.518157542333334,1,13,0.7,7486.698,31.426
2194280,45485.0,79.04860904966667,-39.51535565166667,1,13,0.7,7486.695,31.429
2198502,45486.0,79.047292033,-39.512538278499996,1,13,0.7,7486.681,31.429
2202724,45487.0,79.04597613333334,-39.50970703066666,1,13,0.7,7486.632,31.432
2206945,45488.0,79.04466123583333,-39.506863763,1,13,0.7,7486.584,31.432
2211166,45489.0,79.04334730633333,-39.504009038666666,1,13,0.7,7486.704,31.434
2215387,45490.0,79.0420341085,-39.501145740999995,1,13,0.7,7486.605,31.434
2219608,45491.0,79.04072151866667,-39.49827568166667,1,13,0.7,7486.473,31.437
2223829,45492.0,79.03940925250001,-39.495401941999994,1,13,0.7,7486.351,31.437
2227402,45493.0,79.03809737066668,-39.492524635833334,1,13,0.7,7486.151,31.44
2231623,45494.0,79.03678579183334,-39.48964510816666,1,13,0.7,7486.139,31.44
2235844,45495.0,79.03547425966667,-39.48676884416667,1,13,0.7,7486.237,31.443
2240065,45496.0,79.03416226416667,-39.4839023485,1,13,0.7,7486.388,31.443
2244286,45497.0,79.03284956533334,-39.481049707833336,1,13,0.7,7486.518,31.445
2248507,45498.0,79.03153616583333,-39.478210630666666,1,13,0.7,7486.638,31.445
2252728,45499.0,79.0302221135,-39.47538240033334,1,13,0.7,7486.836,31.448
2256949,45500.0,79.02890763033334,-39.47256304183334,1,13,0.7,7486.891,31.448
2261170,45501.0,79.027592898,-39.469749022833334,1,13,0.7,7487.114,31.451
2265391,45502.0,79.026278114,-39.466938436666666,1,13,0.7,7487.332,31.451
2269983,45503.0,79.02496329783334,-39.464130847,1,13,0.7,7487.368,31.454
2277334,45505.0,79.02233362016666,-39.45851842416666,1,13,0.7,7487.702,31.456
2281555,45506.0,79.02101882983334,-39.45571297166667,1,13,0.7,7487.759,31.456
2285776,45507.0,79.01970410333334,-39.45290826783333,1,13,0.7,7487.901,31.459
2289997,45508.0,79.01838924666666,-39.450106201000004,1,13,0.7,7488.209,31.459
2294218,45509.0,79.017074217,-39.4473101255,1,13,0.7,7488.481,31.462
2298439,45510.0,79.0157588015,-39.44452079333333,1,13,0.7,7488.682,31.462
2302660,45511.0,79.01444304866666,-39.4417375765,1,13,0.7,7488.902,31.465
2306881,45512.0,79.01312690216668,-39.4389601585,1,13,0.7,7488.861,31.465
2311102,45513.0,79.01181023983332,-39.436189453666664,1,13,0.7,7488.77,31.468
2315351,45514.0,79.01049312,-39.433424841000004,1,13,0.7,7488.61,31.468
2319572,45515.0,79.00917556750001,-39.430665201000004,1,13,0.7,7488.42,31.471
2323793,45516.0,79.0078576495,-39.427909452499996,1,13,0.7,7488.134,31.471
2327238,45517.0,79.00653949699999,-39.425155606666664,1,13,0.7,7487.985,31.473
2331459,45518.0,79.00522141033333,-39.42240134133333,1,13,0.7,7487.842,31.473
2335680,45519.0,79.00390340099999,-39.419645128166664,1,13,0.7,7487.728,31.476
2339901,45520.0,79.00258552049999,-39.41688829866666,1,13,0.7,7487.673,31.476
2344122,45521.0,79.00126774933332,-39.414132011,1,13,0.7,7487.757,31.479
2348343,45522.0,78.9999500145,-39.411377038666664,1,13,0.7,7488.018,31.479
2352564,45523.0,78.99863222399999,-39.408625843833335,1,13,0.7,7488.226,31.482
2356785,45524.0,78.99731423266667,-39.405879841166666,1,13,0.7,7488.28,31.482
2361006,45525.0,78.99599600433334,-39.403138795000004,1,13,0.7,7488.451,31.485
2365227,45526.0,78.994677635,-39.4004020845,1,13,0.7,7488.59,31.485
2369448,45527.0,78.99335916483332,-39.39766893866667,1,13,0.7,7488.63,31.488
2373669,45528.0,78.992040582,-39.394938261166665,1,13,0.7,7488.722,31.488
2377890,45529.0,78.99072200666666,-39.3922089515,1,13,0.7,7488.62,31.491
2382111,45530.0,78.98940344833333,-39.389479297,1,13,0.7,7488.547,31.491
2386332,45531.0,78.98808511883334,-39.386747437833336,1,13,0.7,7488.637,31.494
2390553,45532.0,78.98676721616667,-39.38401125866667,1,13,0.7,7488.57,31.494
2394774,45533.0,78.9854499675,-39.38126664566666,1,13,0.7,7488.544,31.497
2398995,45534.0,78.98413364883332,-39.37850849416667,1,13,0.7,7488.614,31.497
2403216,45535.0,78.98281842983333,-39.375735500833336,1,13,0.7,7488.579,31.5
2407437,45536.0,78.98150423516667,-39.372948545166665,1,13,0.7,7488.465,31.5
2411658,45537.0,78.98019091983333,-39.370149954666665,1,13,0.7,7488.499,31.503
2415879,45538.0,78.97887821166667,-39.36734396183333,1,13,0.7,7488.468,31.503
2420100,45539.0,78.97756593783333,-39.364533032000004,1,13,0.7,7488.478,31.506
2424321,45540.0,78.97625389983334,-39.3617189785,1,13,0.7,7488.448,31.506
2428542,45541.0,78.974942216,-39.35890169366667,1,13,0.7,7488.219,31.509
2432763,45542.0,78.97363085933333,-39.3560794985,1,13,0.7,7488.152,31.509
2436984,45543.0,78.9723199595,-39.35325259633333,1,13,0.7,7488.011,31.512
2441205,45544.0,78.97100943233333,-39.350421383000004,1,13,0.7,7487.741,31.512
2445426,45545.0,78.9696992105,-39.34758711133334,1,13,0.7,7487.645,31.515
2449647,45546.0,78.96838899933333,-39.34475487633333,1,13,0.7,7487.585,31.515
2453868,45547.0,78.96707837916667,-39.341930149499994,1,13,0.7,7487.415,31.518
2458090,45548.0,78.9657671065,-39.33911806616666,1,13,0.7,7487.35,31.518
2462493,45549.0,78.96445488533332,-39.33632070183333,1,13,0.7,7487.383,31.521
2466715,45550.0,78.96314181216667,-39.33353820566666,1,13,0.7,7487.146,31.521
2471118,45551.0,78.96182798950001,-39.3307675165,1,13,0.7,7486.945,31.524
2474666,45552.0,78.96051380499999,-39.32800482766667,1,13,0.7,7487.041,31.524
2478916,45553.0,78.95919947133333,-39.325248256,1,13,0.7,7487.204,31.527
2483138,45554.0,78.95788514816667,-39.32249559866667,1,13,0.7,7487.27,31.527
2487360,45555.0,78.95657089433332,-39.31974550016666,1,13,0.7,7487.436,31.53
2491582,45556.0,78.95525671116667,-39.31699728483333,1,13,0.7,7487.638,31.53
2495985,45557.0,78.95394265566667,-39.314250797166665,1,13,0.7,7487.584,31.533
2500207,45558.0,78.95262871733333,-39.31150494716667,1,13,0.7,7487.607,31.533
2504610,45559.0,78.95131496766666,-39.308759109166665,1,13,0.7,7487.566,31.536
2509013,45560.0,78.95000143016667,-39.30601227866667,1,13,0.7,7487.363,31.536
2513416,45561.0,78.94868814083334,-39.3032643855,1,13,0.7,7487.203,31.539
2517638,45562.0,78.9473751095,-39.30051509983333,1,13,0.7,7487.097,31.539
2522283,45563.0,78.94606236633334,-39.2977653065,1,13,0.7,7487.157,31.542
2526686,45564.0,78.94474984983334,-39.2950159075,1,13,0.7,7487.038,31.542
2530908,45565.0,78.943437621,-39.2922667035,1,13,0.7,7487.136,31.545
2535130,45566.0,78.942125604,-39.28951954583333,1,13,0.7,7487.293,31.545
2539533,45567.0,78.94081379549999,-39.28677469,1,13,0.7,7487.443,31.548
2543755,45568.0,78.9395021325,-39.2840319495,1,13,0.7,7487.728,31.548
2547977,45569.0,78.93819071633334,-39.281290704166665,1,13,0.7,7487.916,31.552
2552380,45570.0,78.936879472,-39.278549891333334,1,13,0.7,7488.083,31.552
2556783,45571.0,78.93556843983333,-39.27580888883333,1,13,0.7,7488.34,31.555
2561186,45572.0,78.93425758866667,-39.27306850466667,1,13,0.7,7488.388,31.555
2565408,45573.0,78.93294683683332,-39.27032969816666,1,13,0.7,7488.512,31.558
2569630,45574.0,78.93163614883333,-39.2675926705,1,13,0.7,7488.736,31.558
2573852,45575.0,78.93032551033333,-39.26485756466666,1,13,0.7,7488.738,31.561
2578255,45576.0,78.92901486416666,-39.262124006,1,13,0.7,7488.73,31.561
2582686,45577.0,78.92770414083334,-39.25939254883333,1,13,0.7,7488.727,31.564
2587089,45578.0,78.92639336733333,-39.25666351616667,1,13,0.7,7488.577,31.564
2591492,45579.0,78.92508260416666,-39.253935243,1,13,0.7,7488.493,31.567
2595714,45580.0,78.92377199016667,-39.251207603,1,13,0.7,7488.5,31.567
2600082,45581.0,78.922461552,-39.248480380000004,1,13,0.7,7488.483,31.571
2604304,45582.0,78.92115139683332,-39.24575184866667,1,13,0.7,7488.488,31.571
2608526,45583.0,78.91984163583334,-39.243020387166666,1,13,0.7,7488.566,31.574
2612748,45584.0,78.91853222050001,-39.240286523500004,1,13,0.7,7488.675,31.574
2616970,45585.0,78.9172230995,-39.237550661,1,13,0.7,7488.797,31.577
2621192,45586.0,78.91591419916668,-39.234813541499996,1,13,0.7,7488.837,31.577
2625414,45587.0,78.91460545049999,-39.232075546833336,1,13,0.7,7488.992,31.58
2629636,45588.0,78.91329684249999,-39.229337613666665,1,12,0.8,7488.975,31.58
2633330,45589.0,78.91198823166665,-39.22660033416666,1,12,0.8,7488.75,31.583
2637698,45590.0,78.9106796105,-39.22386293616667,1,12,0.8,7488.742,31.583
2641920,45591.0,78.90937111049999,-39.221126379,1,12,0.8,7488.662,31.587
2646288,45592.0,78.9080626155,-39.218390676333335,1,12,0.8,7488.509,31.587
2650510,45593.0,78.90675417533333,-39.215655844000004,1,12,0.8,7488.604,31.59
2654732,45594.0,78.90544576783333,-39.21292232416667,1,12,0.8,7488.625,31.59
2658954,45595.0,78.9041375345,-39.210190249166665,1,12,0.8,7488.669,31.593
2663176,45596.0,78.90282930883333,-39.20746002833334,1,12,0.8,7488.909,31.593
2667544,45597.0,78.9015211045,-39.20473189416667,1,12,0.8,7488.969,31.597
2671766,45598.0,78.90021274816667,-39.20200798383333,1,12,0.8,7488.974,31.597
2675988,45599.0,78.89890418933334,-39.19928925533333,1,12,0.8,7489.055,31.6
2679434,45600.0,78.89759533916667,-39.19657702716667,1,12,0.8,7489.185,31.6
2683656,45601.0,78.896286065,-39.1938734955,1,12,0.8,7489.183,31.603
2687878,45602.0,78.894976356,-39.19117912766667,1,12,0.8,7489.198,31.603
2692100,45603.0,78.89366632599999,-39.18849211483334,1,12,0.8,7489.407,31.606
2696321,45604.0,78.89235612249999,-39.185810046,1,12,0.8,7489.481,31.606
2700542,45605.0,78.89104601883334,-39.18312858916667,1,12,0.8,7489.377,31.61
2704763,45606.0,78.88973613483333,-39.18044499183333,1,12,0.8,7489.459,31.61
2708984,45607.0,78.888426604,-39.177757441833336,1,12,0.8,7489.353,31.613
2713205,45608.0,78.8871176195,-39.17506247466667,1,12,0.8,7489.207,31.613
2717426,45609.0,78.88580918433333,-39.172360303,1,12,0.8,7489.196,31.616
2721647,45610.0,78.8845010445,-39.16965453733334,1,12,0.8,7489.001,31.616
2725868,45611.0,78.88319301333333,-39.166947746333335,1,12,0.8,7488.846,31.62
2730089,45612.0,78.8818850345,-39.16424148983333,1,12,0.8,7488.918,31.62
2733662,45613.0,78.88057713866667,-39.161537876333334,1,12,0.8,7488.984,31.623
2737883,45614.0,78.87926924599999,-39.15883683216667,1,12,0.8,7489.073,31.623
2742104,45615.0,78.87796140783333,-39.156138170666665,1,12,0.8,7489.303,31.626
2746325,45616.0,78.87665359816667,-39.1534419365,1,12,0.8,7489.397,31.626
2750546,45617.0,78.87534591816667,-39.150747060166665,1,12,0.8,7489.475,31.63
2754767,45618.0,78.87403844933333,-39.148051562999996,1,12,0.8,7489.668,31.63
2758988,45619.0,78.87273125016667,-39.1453547565,1,12,0.8,7489.756,31.633
2763209,45620.0,78.87142417283333,-39.14265799183333,1,12,0.8,7489.62,31.633
2767430,45621.0,78.87011707566667,-39.139964194,1,12,0.8,7489.628,31.637
2771651,45622.0,78.86880976466666,-39.1372762725,1,12,0.8,7489.648,31.637
2776243,45623.0,78.86750223683333,-39.13459443083333,1,12,0.8,7489.537,31.64
2779688,45624.0,78.86619456483332,-39.13191703533333,1,12,0.8,7489.491,31.64
2783909,45625.0,78.86488688083334,-39.129243058,1,12,0.8,7489.526,31.643
2788130,45626.0,78.86357918099999,-39.126571949833334,1,12,0.8,7489.407,31.643
2792351,45627.0,78.862271534,-39.12390302033334,1,12,0.8,7489.295,31.647
2796572,45628.0,78.8609639445,-39.1212354705,1,12,0.8,7489.331,31.647
2800793,45629.0,78.85965658966667,-39.118568441166666,1,12,0.8,7489.342,31.65
2805014,45630.0,78.85834950166667,-39.11589982633333,1,12,0.8,7489.347,31.65
2809235,45631.0,78.85704297766667,-39.1132263915,1,12,0.8,7489.312,31.654
2813456,45632.0,78.85573717783333,-39.110544354666665,1,12,0.8,7489.46,31.654
