task_id,filename,actual_dates,storage_decision,reason,source_sha256,canonical_task_id,windows_with_60s_clean_imu,scientific_eligible
594999d9bb7345ad87d3,ILVIS0_gyro_54935_lvis_applanix_POSAV.013,2009-04-14,keep,GPS-selected trajectory and at least 60 seconds of complete raw IMU are useful for empirical development,c83dfe2728b03bcdcd84edce7c538adf730380d7f7eb78cdbe068103094fb79a,,2,False
55459ded925fbb5b286f,ILVIS0_applanix_55120_LVIS_GSFC_510_POSAV.013,2009-10-16,keep,GPS-selected trajectory and at least 60 seconds of complete raw IMU are useful for empirical development,c8c4285ffeaf1ef8dbd474c17f0b2c52edf60644cb060508bf3b7fa3d6960afa,,1,False
b007185bd3fe112c44c3,ILVIS0_applanix_55124_LVIS_GSFC_510_POSAV.013,2009-10-20,keep,GPS-selected trajectory and at least 60 seconds of complete raw IMU are useful for empirical development,b696f62ba33fe7c06d5608c44449b0100e7416928c788ef82328769c92729986,,1,False
4e045339dc4bf2ba0589,ILVIS0_applanix_55125_LVIS_GSFC_510_POSAV.013,2009-10-21,keep,GPS-selected trajectory and at least 60 seconds of complete raw IMU are useful for empirical development,5f224779f7debf7e7418a8f7086f8c20978c020612e912aa3af05535b48d5e5d,,1,False
dd4066b4761ccf5f031d,ILVIS0_applanix_55128_LVIS_GSFC_510_POSAV.013,2009-10-24,keep,GPS-selected trajectory and at least 60 seconds of complete raw IMU are useful for empirical development,65d338b71cd0da67a7a073cd287af24390e02613da2ee810cddffd6aba284ad3,,1,False
798c004bb4435dcf2723,ILVIS0_applanix_55131_LVIS_GSFC_510_POSAV.013,2009-10-27,keep,GPS-selected trajectory and at least 60 seconds of complete raw IMU are useful for empirical development,2dbe8a2882ba9a8a476c91f2857b3e422f19194944eee08fca8f508eb3c9c385,,1,False
80ec450f8cedbc70215e,ILVIS0_applanix_55133_LVIS_GSFC_510_POSAV.013,2009-10-29,keep,GPS-selected trajectory and at least 60 seconds of complete raw IMU are useful for empirical development,7d6ee14f3a265c00ca753cc29a591c4a27e8fde29e35864289467e8464b445e9,,1,False
4ad8d8525fc91ac7243d,ILVIS0_applanix_55135_LVIS_GSFC_510_POSAV.013,2009-10-31,keep,GPS-selected trajectory and at least 60 seconds of complete raw IMU are useful for empirical development,d05c9e479b1365c85abc2490aeb0276035c1bddac9adbd97672b6e2d2030f6fa,,1,False
c98891d2a38c480fe3e6,ILVIS0_applanix_55139_LVIS_GSFC_510_POSAV.013,2009-11-04,keep,GPS-selected trajectory and at least 60 seconds of complete raw IMU are useful for empirical development,0609af5f0d407b1016cba639abb47ed0a0428f5e12b6d36d1bbb679f73a7aac0,,1,False
29a285ee434f73726bb5,ILVIS0_applanix_55140_LVIS_GSFC_510_POSAV.013,2009-11-05,keep,GPS-selected trajectory and at least 60 seconds of complete raw IMU are useful for empirical development,42865f388e0fa3d7544b10b7b634f4192fc6bcc13544bf68bb9580ab4e2592db,,1,False
0d906637c82059f4b956,ILVIS0_applanix_55278_20100323_510_LVIS_POSAV.013,2010-03-23,keep,GPS-selected trajectory and at least 60 seconds of complete raw IMU are useful for empirical development,b315d46ac969ce1b03534e732390ffef46f94ed38e575e24cbc769d121696821,,1,False
d148e0852763f01663d4,ILVIS0_applanix_55279_20100324_510_LVIS_POSAV.013,2010-03-24,keep,GPS-selected trajectory and at least 60 seconds of complete raw IMU are useful for empirical development,ba025494e62e91ba6f1dd7dbd1f1a3c36824915cf043603cb590409e287fc77a,,1,False
e3ab04fb98d3e143dde9,ILVIS0_applanix_55281_20100326_510_LVIS_POSAV.013,2010-03-26,keep,GPS-selected trajectory and at least 60 seconds of complete raw IMU are useful for empirical development,245a4590984b5d3be818d98c7cd14035f316d4285dd811472a18a6cbebe612a5,,2,False
7fe534a78767ef149e22,ILVIS0_applanix_55288_20100402_510_LVIS_POSAV.013,2010-04-02,keep,GPS-selected trajectory and at least 60 seconds of complete raw IMU are useful for empirical development,7ae961a02f336381e7e1001fbee1cfbe9f6e2fc3964611031f7826d586ec78d2,,1,False
d2ec4f1e1707c0d93dc2,ILVIS0_applanix_55291_20100405_510_LVIS_POSAV.013,2010-04-05,keep,GPS-selected trajectory and at least 60 seconds of complete raw IMU are useful for empirical development,e29e65a69071264544d14d38d9b0015dffa5f6a4dedd5ade6543b2d767d6fddc,,1,False
cd66a80e294af3d53697,ILVIS0_applanix_55295_20100409_510_LVIS_POSAV.013,2010-04-09,keep,GPS-selected trajectory and at least 60 seconds of complete raw IMU are useful for empirical development,028bc903367d9cef5854ff8922ae777d9c1a058b1bb610bb589f0c9245a6e489,,1,False
024088f20237d75d91ce,ILVIS0_applanix_55299_20100413_LVIS_510_POSAV.013,2010-04-13,keep,GPS-selected trajectory and at least 60 seconds of complete raw IMU are useful for empirical development,2c35698af64c154cffa9207c6ed10b30d4d572360be3554531cd1df4d128ee83,,1,False
9144c20384fb71e4b1e3,ILVIS0_applanix_55300_20100414_LVIS510_POSAV.013,2010-04-14,keep,GPS-selected trajectory and at least 60 seconds of complete raw IMU are useful for empirical development,db5dbda2fc2385c762fc35659959e1663b479c718a09090722fb8f44d3435f91,,1,False
abe6956666c05eecbbf9,ILVIS0_applanix_55305_20100419_LVIS510_POSAV.013,2010-04-19,keep,GPS-selected trajectory and at least 60 seconds of complete raw IMU are useful for empirical development,7efb02b6cf37e7581b561ce2d698ac8280b43ca97f7457fb11d66c4d364ac47e,,1,False
4daae299476a856df920,ILVIS0_applanix_55306_20100420_LVIS510_POSAV.013,2010-04-20,keep,GPS-selected trajectory and at least 60 seconds of complete raw IMU are useful for empirical development,9ff8cb138981b86b1585f0f5c729d0f2c585c35d8aa3546204a86d123e5b268e,,2,False
1fec3d39099d0e619100,ILVIS0_applanix_55307_20100421_LVIS510_POSAV.013,2010-04-21,keep,GPS-selected trajectory and at least 60 seconds of complete raw IMU are useful for empirical development,c2e58674c46974395abe5735949fd32ebcf076f1c7e6fb130078128673b96afb,,1,False
70d727f23a7df6b2e47f,ILVIS0_applanix_55308_20100422_LVIS510_POSAV.013,2010-04-21,discard_duplicate,byte-identical duplicate; canonical original preserved,c2e58674c46974395abe5735949fd32ebcf076f1c7e6fb130078128673b96afb,1fec3d39099d0e619100,1,False
f166954fecd1d93111ee,ILVIS0_applanix_55495_20101026_510_lvis_LVIS.013,2010-10-26,keep,GPS-selected trajectory and at least 60 seconds of complete raw IMU are useful for empirical development,3509e0d5099f758d963684048dc7043f9c70d33dda23345c0d74f710a4433ccb,,2,False
953bf000f10421faad04,ILVIS0_applanix_55497_20101028_510_LVIS.013,2010-10-28,keep,GPS-selected trajectory and at least 60 seconds of complete raw IMU are useful for empirical development,e3d28f00cb3fd1acde8ac38a307110b331fc4775058b012bdf74a850920c0492,,1,False
de0755286667fab3c707,ILVIS0_applanix_55499_20101030_510_LVIS.013,2010-10-30,keep,GPS-selected trajectory and at least 60 seconds of complete raw IMU are useful for empirical development,7f35e6476568a8f7ed8c96f3da489af6ea1e45be03e14b18946eac81dabbe55b,,1,False
45d2c3d47421eb1af468,ILVIS0_applanix_55504_20101104_510_lvis_LVIS.013,2010-11-04,keep,GPS-selected trajectory and at least 60 seconds of complete raw IMU are useful for empirical development,1acc7dc22109bc8768cfb2219be59f4818b326e27faa404e1d8bcab72f248ab2,,1,False
f2a610caa1c8af459d3f,ILVIS0_applanix_55505_20101105_510_lvis_LVIS.013,2010-11-05,keep,GPS-selected trajectory and at least 60 seconds of complete raw IMU are useful for empirical development,43e28a6a910974116d4227bceb33e681482b7d6b9b402c2330e86ea0e1814f49,,1,False
010c70375fc8e3a31be0,ILVIS0_applanix_55506_20101106_510_lvis_LVIS.013,2010-11-06,keep,GPS-selected trajectory and at least 60 seconds of complete raw IMU are useful for empirical development,adc153b603d2c5c14515cbc6564da203755648fae3e4cde986c0baa3b1be17b1,,1,False
54ce1ae47ed03618d558,ILVIS0_applanix_55513_20101113_510_lvis_LVIS.013,2010-11-13,keep,GPS-selected trajectory and at least 60 seconds of complete raw IMU are useful for empirical development,75875911659fbef3fb9c938681fce65538a1f7aa4ecb8b9d21ae88762726ab39,,1,False
2ed4b764824f93ef7b89,ILVIS0_applanix_55519_20101119_510_lvis_LVIS.013,2010-11-19,keep,GPS-selected trajectory and at least 60 seconds of complete raw IMU are useful for empirical development,8987b7e95358fe74ec1079862ec8bc0f5b66f3c34416ac4fbbaa844e64af06b8,,2,False
46f49500c8df79c821b2,ILVIS0_applanix_55520_20101120_510_lvis_LVIS.013,2010-11-20,keep,GPS-selected trajectory and at least 60 seconds of complete raw IMU are useful for empirical development,965e7d47fa947841b4863b102c0c369af8397807c90869cb535e0a9b5a8e4d69,,1,False
a80a0998487b4fc283e1,ILVIS0_applanix_55666_510_POSAV.013,2011-04-15,keep,GPS-selected trajectory and at least 60 seconds of complete raw IMU are useful for empirical development,534de564eca4b33c1526321fad3f798d1d14b0ad293d27be41f3aafda291af2b,,2,False
9e8d6fa9271922043b11,ILVIS0_applanix_55667_20110416_510_POSAV.013,2011-04-16,keep,GPS-selected trajectory and at least 60 seconds of complete raw IMU are useful for empirical development,abb758c3067b59ed17f102e673c14f2ce908fc6d4a1005a2473f52b3c9ee3445,,1,False
c8fb72ed074def26d0be,ILVIS0_applanix_55669_510_20110418_POSAV.013,2011-04-18,keep,GPS-selected trajectory and at least 60 seconds of complete raw IMU are useful for empirical development,f76c770b2251089c2fd85f8fc2e59fcd1f4619a2c07596c1e24815ed46daf897,,3,False
160462321f06e92834e9,ILVIS0_applanix_55671_20110420_510_POSAV.013,2011-04-20,keep,GPS-selected trajectory and at least 60 seconds of complete raw IMU are useful for empirical development,c5ce4f64f291e99b60ffc3a3c128f7b33be7be35a3e39e03a782a48d810bfc2b,,1,False
863b4cbc77c4b0ff07f3,ILVIS0_applanix_55676_510_20110425_POSAV.013,2011-04-25,keep,GPS-selected trajectory and at least 60 seconds of complete raw IMU are useful for empirical development,a49d9dab3e0d1824187b1a9e3a67e4459f94634b8627c70b49daa18e3823546c,,1,False
3a4cabe9ba8dc34d25fc,ILVIS0_applanix_55683_20110502_510_POSAV.013,2011-05-02,keep,GPS-selected trajectory and at least 60 seconds of complete raw IMU are useful for empirical development,8fffae12c2e2481f2d9025d4b8a4de914114ace675cdffed427d2eb499440215,,1,False
30995bd9f248cd9025d9,ILVIS0_applanix_55686_20110505_510_POSAV.013,2011-05-05,keep,GPS-selected trajectory and at least 60 seconds of complete raw IMU are useful for empirical development,54800ed1925759a3486e546f27398f4ca9dcd866f375390e0dde5a28b01f5962,,1,False
248b7603dc17be34377c,ILVIS0_applanix_55687_20110506_510_POSAV.013,2011-05-06,keep,GPS-selected trajectory and at least 60 seconds of complete raw IMU are useful for empirical development,ce471cd8ff26c402a7445526de261932f9bed12007ea2510b878dc999e9676c5,,1,False
800e4742e1878bf9d063,ILVIS0_applanix_55688_20110507_510_POSAV.013,2011-05-07,keep,GPS-selected trajectory and at least 60 seconds of complete raw IMU are useful for empirical development,27c23280de3231213fdf58bd0b6375943a70767d4e25570fcf5e4a18937b6a10,,1,False
ed56c39b83785073e14b,ILVIS0_applanix_55842_510_POSAV.013,2011-10-08,keep,GPS-selected trajectory and at least 60 seconds of complete raw IMU are useful for empirical development,923c433254c03bd4e397dd5492a2f7fedf5401098f5570f305bca0e4f0c10197,,1,False
5513dbcc876ba4cde791,ILVIS0_applanix_55844_510_POSAV.013,2011-10-10,keep,GPS-selected trajectory and at least 60 seconds of complete raw IMU are useful for empirical development,fbef1219f2eadf8aa9c621c80b544fa3e1ecfb759b95fc2b6b12f08cd4a70dfb,,1,False
0bfc763c049677c01c38,ILVIS0_applanix_55846_510_POSAV.013,2011-10-12,keep,GPS-selected trajectory and at least 60 seconds of complete raw IMU are useful for empirical development,a431c43a91d9169963003ab0d940072e92ca92c3411dac7da4cbab302df43792,,1,False
322e26afab23cf655935,ILVIS0_applanix_55849_510_POSAV.013,2011-10-15,keep,GPS-selected trajectory and at least 60 seconds of complete raw IMU are useful for empirical development,6745fad0355ca646fbd9ef39f53462e2688a511b2fb4c0c33348b40906bccc79,,1,False
7215f035d9781895f627,ILVIS0_applanix_55851_510_POSAV.013,2011-10-17,keep,GPS-selected trajectory and at least 60 seconds of complete raw IMU are useful for empirical development,6542916043e1b131c9d8e04f09aa10c1459e8164bdd192a121e5e84aeb56a316,,1,False
2f840f444f9444088f92,ILVIS0_applanix_56047_510_POS510.013,2012-04-30,keep,GPS-selected trajectory and at least 60 seconds of complete raw IMU are useful for empirical development,270593ed2c3ea60e3ac41dcea9be378b683262bafffefbdff606b573f0dea4fb,,3,False
dc29b80394d9632b65b7,ILVIS0_applanix_56048_510_POS510.013,2012-05-01,keep,GPS-selected trajectory and at least 60 seconds of complete raw IMU are useful for empirical development,5ae78cbfcb98ea710603ca529b70e26ec8dd8f1042606e912e3f8d53bb792cf9,,1,False
fd613b53fa761ddb0963,ILVIS0_applanix_56049_510_POS510.013,2012-05-02,keep,GPS-selected trajectory and at least 60 seconds of complete raw IMU are useful for empirical development,a5acf0527cf055b406c1db8347215d82e68fd0bf4b189e3fcc19515f2c041408,,2,False
f55542e91b8e2f6ecc2c,ILVIS0_applanix_56050_510_POS510.013,2012-05-03,keep,GPS-selected trajectory and at least 60 seconds of complete raw IMU are useful for empirical development,0afe8c33785f7a04ef7efb94ba89386a8de873d879531f1648b0ee7669bf4882,,1,False
3767559017b196642291,ILVIS0_applanix_56054_510_POS510.013,2012-05-07,keep,GPS-selected trajectory and at least 60 seconds of complete raw IMU are useful for empirical development,3ee77ea5f65f8fe10935b03c7437d429d1dc5bd4d73d72ba9d0311751c6b6b39,,2,False
f9468a2dd07f9ee54df0,ILVIS0_applanix_56055_510_POS510.013,2012-05-08,keep,GPS-selected trajectory and at least 60 seconds of complete raw IMU are useful for empirical development,d5c194fdd87a2fd25bab9fdb468a56d7d8c9e1b4bc03c7218f9f6475ec9c7af9,,2,False
54220c7e2b389fd69064,ILVIS0_applanix_56056_510_POS510.013,2012-05-09,keep,GPS-selected trajectory and at least 60 seconds of complete raw IMU are useful for empirical development,d77394d2ee91390d4d3bd58ec3af88ce2038753dc85ba8e04c751946642597a1,,1,False
c4af455d888117b1fb91,ILVIS0_applanix_56057_510_POS510.013,2012-05-10,keep,GPS-selected trajectory and at least 60 seconds of complete raw IMU are useful for empirical development,087c11e2c469ba5adb53da0c33b58ced346df3d93b100023bfbbb4b7e768b0f9,,1,False
6db1404cb5afe9f69919,ILVIS0_applanix_56596_232_510_POS510.013,2013-10-31,keep,GPS-selected trajectory and at least 60 seconds of complete raw IMU are useful for empirical development,4e72cfe422115918ca8ebd1efbbbcfcaa7fbecc91ad57789195a2597c132ec3e,,1,False
b20226780e68108f29f8,ILVIS0_applanix_56600_232_510_POS510.013,2013-11-04,keep,GPS-selected trajectory and at least 60 seconds of complete raw IMU are useful for empirical development,c97f5e3ec402bd58a06b12372f432189f36a26488eec7d641553ec5b3f68a475,,1,False
382d5a870132d66472f0,ILVIS0_applanix_56601_232_510_POS510.013,2013-11-05,keep,GPS-selected trajectory and at least 60 seconds of complete raw IMU are useful for empirical development,d74fc5186782da90d6660cc77dc6afd28c71b5b312832179c5cfb2c6259ca72f,,2,False
4aac2e3a6694be31401e,ILVIS0_applanix_56604_232_510_POS510.013,2013-11-08,keep,GPS-selected trajectory and at least 60 seconds of complete raw IMU are useful for empirical development,8a81a2a46c08c844000af34464ef8d6bf3e47ee045bfe7d8fea22f8266f70aaf,,2,False
a62bc3b07a6ad3f6043c,ILVIS0_applanix_56608_232_510_POS510.013,2013-11-12,keep,GPS-selected trajectory and at least 60 seconds of complete raw IMU are useful for empirical development,d84fdf8cea73bcac590dfe3e027ef896dbb244c45d34409cdf1182d551a74406,,1,False
9dcc0bf45000011e53d5,ILVIS0_applanix_56909_510_POS510.013,2014-09-09,keep,GPS-selected trajectory and at least 60 seconds of complete raw IMU are useful for empirical development,4196f36c1546c10b7c2e0edcb9751ee6dc467a5ff055afde20dd168629a76b1a,,2,False
f11e387a674ca46976ed,ILVIS0_applanix_56911_510_POS510.013,2014-09-11,keep,GPS-selected trajectory and at least 60 seconds of complete raw IMU are useful for empirical development,9a8e856f64c2a23e7cbca404892f93999fe24d4dc6059ecfa714e43d02c160b8,,1,False
9d54224065d7782b2923,ILVIS0_applanix_56911_610_LVIS610.013,2014-09-11,keep,GPS-selected trajectory and at least 60 seconds of complete raw IMU are useful for empirical development,f0d4ddb5ed1f8fab343d9f1751e8f104c31e67d9c055473894c19891442df3cf,,1,False
d4aafa5c6d644bc528f8,ILVIS0_applanix_56915_510_POS510.013,2014-09-15,keep,GPS-selected trajectory and at least 60 seconds of complete raw IMU are useful for empirical development,5b07c6e8818016915db756c81c6e84b0aed009adbb1d6015886a79547b6dd534,,1,False
f5cae9d0d107ecad9d45,ILVIS0_applanix_56916_510_POS510.013,2014-09-16,keep,GPS-selected trajectory and at least 60 seconds of complete raw IMU are useful for empirical development,627aedaaead70ff4e00ec27ff4b9dafc631a0ac09a57e403de4d49abde34f3a0,,1,False
ceac61de9c1dd86f4632,ILVIS0_applanix_56921_610_LVIS610.013,2014-09-21,keep,GPS-selected trajectory and at least 60 seconds of complete raw IMU are useful for empirical development,924beea859c2ac37c649620b3fabdded5970c788eee4c8d9f2380234051de9ec,,1,False
ae7127a8b48f61b051a8,ILVIS0_applanix_57289_510_LVISGH.013,2015-09-24,keep,GPS-selected trajectory and at least 60 seconds of complete raw IMU are useful for empirical development,221fbceb9d572b60b7e70e599955098418ca8b35688e2b9cfdf30f347f8ec34b,,1,False
2f24bea2d76d164704b1,ILVIS0_applanix_57291_510_LVISGH.013,2015-09-26,keep,GPS-selected trajectory and at least 60 seconds of complete raw IMU are useful for empirical development,cb5cdd71c7d0c259eb0532b2aeee3109f09a1594d13ec02744775909f304a0ee,,1,False
58b0848c35eeaf93a9f6,ILVIS0_applanix_57298_510_LVISGH.013,2015-10-03,keep,GPS-selected trajectory and at least 60 seconds of complete raw IMU are useful for empirical development,9d083807006e44c6080015108178178e0de2227743493b4540ea7640b49e756c,,1,False
e63d19ad53722e5fe0f7,ILVIS0_applanix_57300_510_LVISGH.013,2015-10-05,keep,GPS-selected trajectory and at least 60 seconds of complete raw IMU are useful for empirical development,a8f90c43981812f47c9d637b7ca64ac31d5fd0cbaa1a003514b1563583a06c66,,1,False
d7a8897f8b216724c891,ILVIS0_applanix_57302_510_LVISGH.013,2015-10-07,keep,GPS-selected trajectory and at least 60 seconds of complete raw IMU are useful for empirical development,88d0d45c4fefc26011ea86c400067d5ab63b7b8ebfe9067a6bda676e8b02545f,,1,False
df2ea8cdcaa4ac01615b,ILVIS0_applanix_57305_510_LVISGH.013,2015-10-10,keep,GPS-selected trajectory and at least 60 seconds of complete raw IMU are useful for empirical development,1b4a649992932df739e6b65423789662ff1af15fd781f6a6b04ddf0e148e15c6,,1,False
6d398e7c4d2bc47a4b64,ILVIS0_applanix_57307_510_LVISGH.013,2015-10-12,keep,GPS-selected trajectory and at least 60 seconds of complete raw IMU are useful for empirical development,356348b1dfc3de20894d58ac13f9c58a3ab03c9c03c9c363f8ea3fe86a1c5aa9,,1,False
70c5fd67560175526f43,ILVIS0_applanix_57312_510_LVISGH.013,2015-10-17,keep,GPS-selected trajectory and at least 60 seconds of complete raw IMU are useful for empirical development,0d71ce2a577cd4258c7bbcf2e2151804a7145184be69fcc6844a38ee2240ecc8,,1,False
be639c4d0fa22c858f05,ILVIS0_applanix_57315_510_LVISGH.013,2015-10-20,keep,GPS-selected trajectory and at least 60 seconds of complete raw IMU are useful for empirical development,c751b53c04080bf2f20ff74a8276eea8e383712f1962a0182243fe9b62e24c82,,1,False
1fd5f1663143051897f4,ILVIS0_applanix_57317_510_LVISGH.013,2015-10-22,keep,GPS-selected trajectory and at least 60 seconds of complete raw IMU are useful for empirical development,1552a7db183fb53111e6c26176e1c614f7fd4807cc67e902a44a7d41a1fcddad,,1,False
fafe29d18a4b124a2bd5,ILVIS0_applanix_57320_510_LVISGH.013,2015-10-25,keep,GPS-selected trajectory and at least 60 seconds of complete raw IMU are useful for empirical development,48ef56da2168e29e10e5e6647dbf9cf25f095af206a7ac47a085fdb64aab7caf,,1,False
e5c2db884449f0abf742,ILVIS0_applanix_57322_510_LVISGH.013,2015-10-27,keep,GPS-selected trajectory and at least 60 seconds of complete raw IMU are useful for empirical development,f5f8f12b2b1a1e4d8d8f98d5666000083e4409652cdef9cd0ec39550ec20704e,,1,False
7d48cdbc113c308beaa9,ILVIS0_applanix_57324_510_LVISGH.013,2015-10-29,keep,GPS-selected trajectory and at least 60 seconds of complete raw IMU are useful for empirical development,f5927e0f4991c3dc6c4f5df041bce538d02ac9dd98649701f195c72484592eb9,,1,False
0fb743634f248a06ed6d,ILVIS0_57994_B200T_N44U_imu_510i_0539_41265390829_103723.013,2017-08-29,keep,GPS-selected trajectory and at least 60 seconds of complete raw IMU are useful for empirical development,14bc97929bbab11c9ecb6d05f73968ab9478a6f70b44a9166230ae9c22199552,,3,False
4a752a0d69a9ffcf26f6,ILVIS0_57994_B200T_N44U_imu_510i_pc_card_4126539.013,2017-08-29,keep,GPS-selected trajectory and at least 60 seconds of complete raw IMU are useful for empirical development,0ff59d21187681036636c910f83d36595b9a5020001f151c7f42fd0c270ba1ea,,2,False
1dc217386bf3c9116d3d,ILVIS0_57997_B200T_N44U_imu_510i_0539_41265390901_103423.013,2017-09-01,keep,GPS-selected trajectory and at least 60 seconds of complete raw IMU are useful for empirical development,46004e022d88126629a9bc202840dc47eddebb6fdee1bbfd2911cbb4efc913d1,,1,False
7494ec5589e5a10da69b,ILVIS0_58000_B200T_N44U_imu_510i_0539_41265390904_094008.013,2017-09-04,keep,GPS-selected trajectory and at least 60 seconds of complete raw IMU are useful for empirical development,c46bb23b989e51a34aa8b117cba357a3624813d3177b1f53bb6d63dfe8d2f01d,,1,False
fdaf42fa255797a1ea6b,ILVIS0_58001_B200T_N44U_imu_510i_0539_41265390905_100312.013,2017-09-05,keep,GPS-selected trajectory and at least 60 seconds of complete raw IMU are useful for empirical development,d25e82fed254f20095849919ee27b7277079821b48b82c69773c84b601cce6f8,,1,False
d3b1a8339e1f672b8a99,ILVIS0_58009_B200T_N44U_imu_510i_0539_41265390913_110821.013,2017-09-13,keep,GPS-selected trajectory and at least 60 seconds of complete raw IMU are useful for empirical development,e7e63615b9dd80e91e698a22142d1a1063ede2b5f57433ff648302712d6cf1a6,,2,False
93f52157cbd20bdf8c1b,ILVIS0_58016_B200T_N44U_imu_510i_0539_41265390920_104746.013,2017-09-20,keep,GPS-selected trajectory and at least 60 seconds of complete raw IMU are useful for empirical development,125b48eace30aebd6ede69515bdbbeb33a089fa32b3ea45506dbe89424de4fdc,,1,False
