study,model,case_id,status,parameter,fits,lower,upper,interior,boundary_fraction,median_value,unit
baseline,all,all,all,accel_bias_x,318,163,16,139,0.5628930817610063,-0.24999146629437868,m/s2
baseline,all,all,all,accel_bias_y,318,118,60,140,0.559748427672956,-0.020843705420147712,m/s2
baseline,all,all,all,accel_bias_z,318,69,68,181,0.4308176100628931,0.019985466474720236,m/s2
baseline,all,all,all,accel_gain_x,318,83,100,135,0.5754716981132075,0.041318141288590925,%
baseline,all,all,all,accel_gain_y,318,134,54,130,0.5911949685534591,-5.170135042092969,%
baseline,all,all,all,accel_gain_z,318,0,0,318,0.0,0.2135741301121426,%
baseline,all,all,all,attitude_x,318,0,0,318,0.0,-0.3263091186018946,deg
baseline,all,all,all,attitude_y,318,0,0,318,0.0,0.5410121070633962,deg
baseline,all,all,all,attitude_z,318,0,0,318,0.0,10.666527566499166,deg
baseline,all,all,all,earth_removal,159,108,14,37,0.7672955974842768,8.826273045769994e-15,fraction
baseline,all,all,all,gravity_delta,318,198,26,94,0.7044025157232704,-0.04999999997242345,m/s2
baseline,all,all,all,gyro_bias_x,318,192,12,114,0.6415094339622641,-0.9999999999999999,deg/hour
baseline,all,all,all,gyro_bias_y,318,125,51,142,0.5534591194968553,-0.022208139185472507,deg/hour
baseline,all,all,all,gyro_bias_z,318,225,69,24,0.9245283018867925,-0.9999999999999999,deg/hour
baseline,all,all,all,gyro_gain_x,318,11,214,93,0.7075471698113207,1.9999999999999998,%
baseline,all,all,all,gyro_gain_y,318,76,141,101,0.6823899371069182,0.9136148084348242,%
baseline,all,all,all,gyro_gain_z,318,258,46,14,0.9559748427672956,-1.9999999999999998,%
baseline,all,all,all,lever_x,318,121,88,109,0.6572327044025157,-0.8638175565621153,m
baseline,all,all,all,lever_y,318,58,121,139,0.5628930817610063,0.4850932819997693,m
baseline,all,all,all,lever_z,318,149,16,153,0.5188679245283019,-7.421497121407615,m
baseline,all,all,all,position_x,318,2,12,304,0.0440251572327044,0.2546906918988327,m
baseline,all,all,all,position_y,318,54,19,245,0.22955974842767296,-0.9471037543741818,m
baseline,all,all,all,position_z,318,0,0,318,0.0,5.5166949582744325,m
baseline,all,all,all,time_offset,318,102,67,149,0.5314465408805031,-0.0074480223131706425,s
baseline,all,all,all,velocity_x,318,0,0,318,0.0,-0.10184433063217152,m/s
baseline,all,all,all,velocity_y,318,0,4,314,0.012578616352201259,0.18651117707298775,m/s
baseline,all,all,all,velocity_z,318,0,0,318,0.0,-0.08784693487351526,m/s
baseline,flat_still,bias1_profiled_removal,all,accel_bias_x,53,37,7,9,0.8301886792452831,-0.2499999999999979,m/s2
baseline,flat_still,bias1_profiled_removal,all,accel_bias_y,53,31,16,6,0.8867924528301887,-0.24999999999999895,m/s2
baseline,flat_still,bias1_profiled_removal,all,accel_bias_z,53,20,11,22,0.5849056603773585,-0.019017547683824843,m/s2
baseline,flat_still,bias1_profiled_removal,all,accel_gain_x,53,29,21,3,0.9433962264150944,-14.999926343519768,%
baseline,flat_still,bias1_profiled_removal,all,accel_gain_y,53,37,7,9,0.8301886792452831,-14.999999999999996,%
baseline,flat_still,bias1_profiled_removal,all,accel_gain_z,53,0,0,53,0.0,-0.4796845150957834,%
baseline,flat_still,bias1_profiled_removal,all,attitude_x,53,0,0,53,0.0,-0.7264374303554532,deg
baseline,flat_still,bias1_profiled_removal,all,attitude_y,53,0,0,53,0.0,1.7348270127071272,deg
baseline,flat_still,bias1_profiled_removal,all,attitude_z,53,0,0,53,0.0,8.358996765842457,deg
baseline,flat_still,bias1_profiled_removal,all,earth_removal,53,28,14,11,0.7924528301886793,5.551115123125783e-17,fraction
baseline,flat_still,bias1_profiled_removal,all,gravity_delta,53,43,3,7,0.8679245283018868,-0.049999999999999996,m/s2
baseline,flat_still,bias1_profiled_removal,all,gyro_bias_x,53,45,4,4,0.9245283018867925,-0.9999999999999999,deg/hour
baseline,flat_still,bias1_profiled_removal,all,gyro_bias_y,53,33,14,6,0.8867924528301887,-0.9999999999999999,deg/hour
baseline,flat_still,bias1_profiled_removal,all,gyro_bias_z,53,45,8,0,1.0,-0.9999999999999999,deg/hour
baseline,flat_still,bias1_profiled_removal,all,gyro_gain_x,53,2,51,0,1.0,1.9999999999999998,%
baseline,flat_still,bias1_profiled_removal,all,gyro_gain_y,53,18,34,1,0.9811320754716981,1.9999999999999998,%
baseline,flat_still,bias1_profiled_removal,all,gyro_gain_z,53,53,0,0,1.0,-1.9999999999999998,%
baseline,flat_still,bias1_profiled_removal,all,lever_x,53,33,19,1,0.9811320754716981,-9.999999999999998,m
baseline,flat_still,bias1_profiled_removal,all,lever_y,53,18,29,6,0.8867924528301887,9.99999999984971,m
baseline,flat_still,bias1_profiled_removal,all,lever_z,53,43,1,9,0.8301886792452831,-9.999999999999998,m
baseline,flat_still,bias1_profiled_removal,all,position_x,53,0,0,53,0.0,-25.526008599125667,m
baseline,flat_still,bias1_profiled_removal,all,position_y,53,24,2,27,0.49056603773584906,-92.51719303439036,m
baseline,flat_still,bias1_profiled_removal,all,position_z,53,0,0,53,0.0,9.783984495276242,m
baseline,flat_still,bias1_profiled_removal,all,time_offset,53,31,13,9,0.8301886792452831,-0.14999999999999997,s
baseline,flat_still,bias1_profiled_removal,all,velocity_x,53,0,0,53,0.0,-0.09668732208167984,m/s
baseline,flat_still,bias1_profiled_removal,all,velocity_y,53,0,2,51,0.03773584905660377,2.8981637526399173,m/s
baseline,flat_still,bias1_profiled_removal,all,velocity_z,53,0,0,53,0.0,-0.10248249857323169,m/s
baseline,flat_still,bias1_profiled_removal,converged,accel_bias_x,35,24,6,5,0.8571428571428571,-0.24999999999999997,m/s2
baseline,flat_still,bias1_profiled_removal,converged,accel_bias_y,35,24,9,2,0.9428571428571428,-0.24999999999999997,m/s2
baseline,flat_still,bias1_profiled_removal,converged,accel_bias_z,35,17,10,8,0.7714285714285715,-0.20576585889034998,m/s2
baseline,flat_still,bias1_profiled_removal,converged,accel_gain_x,35,22,11,2,0.9428571428571428,-14.999999999999996,%
baseline,flat_still,bias1_profiled_removal,converged,accel_gain_y,35,28,6,1,0.9714285714285714,-14.999999999999996,%
baseline,flat_still,bias1_profiled_removal,converged,accel_gain_z,35,0,0,35,0.0,-1.8539399606511016,%
baseline,flat_still,bias1_profiled_removal,converged,attitude_x,35,0,0,35,0.0,-0.757085776316651,deg
baseline,flat_still,bias1_profiled_removal,converged,attitude_y,35,0,0,35,0.0,1.8541259412629427,deg
baseline,flat_still,bias1_profiled_removal,converged,attitude_z,35,0,0,35,0.0,5.498778528316451,deg
baseline,flat_still,bias1_profiled_removal,converged,earth_removal,35,22,6,7,0.8,5.551115123125783e-17,fraction
baseline,flat_still,bias1_profiled_removal,converged,gravity_delta,35,31,3,1,0.9714285714285714,-0.049999999999999996,m/s2
baseline,flat_still,bias1_profiled_removal,converged,gyro_bias_x,35,30,4,1,0.9714285714285714,-0.9999999999999999,deg/hour
baseline,flat_still,bias1_profiled_removal,converged,gyro_bias_y,35,25,9,1,0.9714285714285714,-0.9999999999999999,deg/hour
baseline,flat_still,bias1_profiled_removal,converged,gyro_bias_z,35,30,5,0,1.0,-0.9999999999999999,deg/hour
baseline,flat_still,bias1_profiled_removal,converged,gyro_gain_x,35,2,33,0,1.0,1.9999999999999998,%
baseline,flat_still,bias1_profiled_removal,converged,gyro_gain_y,35,10,25,0,1.0,1.9999999999999998,%
baseline,flat_still,bias1_profiled_removal,converged,gyro_gain_z,35,35,0,0,1.0,-1.9999999999999998,%
baseline,flat_still,bias1_profiled_removal,converged,lever_x,35,20,15,0,1.0,-9.999999999999998,m
baseline,flat_still,bias1_profiled_removal,converged,lever_y,35,15,17,3,0.9142857142857143,0.027724697523378125,m
baseline,flat_still,bias1_profiled_removal,converged,lever_z,35,27,1,7,0.8,-9.999999999999998,m
baseline,flat_still,bias1_profiled_removal,converged,position_x,35,0,0,35,0.0,-22.467622532021114,m
baseline,flat_still,bias1_profiled_removal,converged,position_y,35,18,1,16,0.5428571428571428,-99.99999999996984,m
baseline,flat_still,bias1_profiled_removal,converged,position_z,35,0,0,35,0.0,9.803140204103382,m
baseline,flat_still,bias1_profiled_removal,converged,time_offset,35,21,8,6,0.8285714285714286,-0.14999999999999997,s
baseline,flat_still,bias1_profiled_removal,converged,velocity_x,35,0,0,35,0.0,-0.09668732208167984,m/s
baseline,flat_still,bias1_profiled_removal,converged,velocity_y,35,0,2,33,0.05714285714285714,6.720821641453043,m/s
baseline,flat_still,bias1_profiled_removal,converged,velocity_z,35,0,0,35,0.0,-0.11032488925061787,m/s
baseline,flat_still,bias1_profiled_removal,unresolved,accel_bias_x,18,13,1,4,0.7777777777777778,-0.2499992562510684,m/s2
baseline,flat_still,bias1_profiled_removal,unresolved,accel_bias_y,18,7,7,4,0.7777777777777778,0.13421736237833445,m/s2
baseline,flat_still,bias1_profiled_removal,unresolved,accel_bias_z,18,3,1,14,0.2222222222222222,-0.009999116805383804,m/s2
baseline,flat_still,bias1_profiled_removal,unresolved,accel_gain_x,18,7,10,1,0.9444444444444444,14.999732340011306,%
baseline,flat_still,bias1_profiled_removal,unresolved,accel_gain_y,18,9,1,8,0.5555555555555556,-14.817207546055457,%
baseline,flat_still,bias1_profiled_removal,unresolved,accel_gain_z,18,0,0,18,0.0,-0.23424609793232962,%
baseline,flat_still,bias1_profiled_removal,unresolved,attitude_x,18,0,0,18,0.0,-0.5051036101040658,deg
baseline,flat_still,bias1_profiled_removal,unresolved,attitude_y,18,0,0,18,0.0,1.4435057917078182,deg
baseline,flat_still,bias1_profiled_removal,unresolved,attitude_z,18,0,0,18,0.0,61.03432960285285,deg
baseline,flat_still,bias1_profiled_removal,unresolved,earth_removal,18,6,8,4,0.7777777777777778,0.8639828287328233,fraction
baseline,flat_still,bias1_profiled_removal,unresolved,gravity_delta,18,12,0,6,0.6666666666666666,-0.04999979149282758,m/s2
baseline,flat_still,bias1_profiled_removal,unresolved,gyro_bias_x,18,15,0,3,0.8333333333333334,-0.9999999999999999,deg/hour
baseline,flat_still,bias1_profiled_removal,unresolved,gyro_bias_y,18,8,5,5,0.7222222222222222,-0.2555595183960056,deg/hour
baseline,flat_still,bias1_profiled_removal,unresolved,gyro_bias_z,18,15,3,0,1.0,-0.9999999999999999,deg/hour
baseline,flat_still,bias1_profiled_removal,unresolved,gyro_gain_x,18,0,18,0,1.0,1.9999999999999998,%
baseline,flat_still,bias1_profiled_removal,unresolved,gyro_gain_y,18,8,9,1,0.9444444444444444,0.7075831314175947,%
baseline,flat_still,bias1_profiled_removal,unresolved,gyro_gain_z,18,18,0,0,1.0,-1.9999999999999998,%
baseline,flat_still,bias1_profiled_removal,unresolved,lever_x,18,13,4,1,0.9444444444444444,-9.999999999997623,m
baseline,flat_still,bias1_profiled_removal,unresolved,lever_y,18,3,12,3,0.8333333333333334,9.999999999921098,m
baseline,flat_still,bias1_profiled_removal,unresolved,lever_z,18,16,0,2,0.8888888888888888,-9.999999999999998,m
baseline,flat_still,bias1_profiled_removal,unresolved,position_x,18,0,0,18,0.0,-26.724105685785936,m
baseline,flat_still,bias1_profiled_removal,unresolved,position_y,18,6,1,11,0.3888888888888889,-41.32176331198019,m
baseline,flat_still,bias1_profiled_removal,unresolved,position_z,18,0,0,18,0.0,9.76874409311748,m
baseline,flat_still,bias1_profiled_removal,unresolved,time_offset,18,10,5,3,0.8333333333333334,-0.14996865477473614,s
baseline,flat_still,bias1_profiled_removal,unresolved,velocity_x,18,0,0,18,0.0,-0.1336059488318837,m/s
baseline,flat_still,bias1_profiled_removal,unresolved,velocity_y,18,0,0,18,0.0,0.8414608776852281,m/s
baseline,flat_still,bias1_profiled_removal,unresolved,velocity_z,18,0,0,18,0.0,-0.07226807695892465,m/s
baseline,flat_still,bias1_unsubtracted,all,accel_bias_x,53,43,5,5,0.9056603773584906,-0.24999999999999914,m/s2
baseline,flat_still,bias1_unsubtracted,all,accel_bias_y,53,35,15,3,0.9433962264150944,-0.24999999999999997,m/s2
baseline,flat_still,bias1_unsubtracted,all,accel_bias_z,53,19,15,19,0.6415094339622641,-0.010620437297074587,m/s2
baseline,flat_still,bias1_unsubtracted,all,accel_gain_x,53,31,19,3,0.9433962264150944,-14.999999999999996,%
baseline,flat_still,bias1_unsubtracted,all,accel_gain_y,53,39,10,4,0.9245283018867925,-14.999999999999996,%
baseline,flat_still,bias1_unsubtracted,all,accel_gain_z,53,0,0,53,0.0,0.13559124112283621,%
baseline,flat_still,bias1_unsubtracted,all,attitude_x,53,0,0,53,0.0,-1.1561303823661189,deg
baseline,flat_still,bias1_unsubtracted,all,attitude_y,53,0,0,53,0.0,1.8541259412737403,deg
baseline,flat_still,bias1_unsubtracted,all,attitude_z,53,0,0,53,0.0,8.359061664323058,deg
baseline,flat_still,bias1_unsubtracted,all,gravity_delta,53,51,2,0,1.0,-0.049999999999999996,m/s2
baseline,flat_still,bias1_unsubtracted,all,gyro_bias_x,53,46,4,3,0.9433962264150944,-0.9999999999999999,deg/hour
baseline,flat_still,bias1_unsubtracted,all,gyro_bias_y,53,41,6,6,0.8867924528301887,-0.9999999999999999,deg/hour
baseline,flat_still,bias1_unsubtracted,all,gyro_bias_z,53,48,5,0,1.0,-0.9999999999999999,deg/hour
baseline,flat_still,bias1_unsubtracted,all,gyro_gain_x,53,2,51,0,1.0,1.9999999999999998,%
baseline,flat_still,bias1_unsubtracted,all,gyro_gain_y,53,11,41,1,0.9811320754716981,1.9999999999999998,%
baseline,flat_still,bias1_unsubtracted,all,gyro_gain_z,53,53,0,0,1.0,-1.9999999999999998,%
baseline,flat_still,bias1_unsubtracted,all,lever_x,53,36,17,0,1.0,-9.999999999999998,m
baseline,flat_still,bias1_unsubtracted,all,lever_y,53,12,35,6,0.8867924528301887,9.999999999999998,m
baseline,flat_still,bias1_unsubtracted,all,lever_z,53,44,2,7,0.8679245283018868,-9.999999999999998,m
baseline,flat_still,bias1_unsubtracted,all,position_x,53,0,0,53,0.0,-26.67468500070126,m
baseline,flat_still,bias1_unsubtracted,all,position_y,53,24,17,12,0.7735849056603774,-68.33622206784494,m
baseline,flat_still,bias1_unsubtracted,all,position_z,53,0,0,53,0.0,9.614158233655091,m
baseline,flat_still,bias1_unsubtracted,all,time_offset,53,40,3,10,0.8113207547169812,-0.14999999999999997,s
baseline,flat_still,bias1_unsubtracted,all,velocity_x,53,0,0,53,0.0,-0.10700133918266319,m/s
baseline,flat_still,bias1_unsubtracted,all,velocity_y,53,0,2,51,0.03773584905660377,2.8981637271940013,m/s
baseline,flat_still,bias1_unsubtracted,all,velocity_z,53,0,0,53,0.0,-0.08720409588202999,m/s
baseline,flat_still,bias1_unsubtracted,converged,accel_bias_x,37,29,4,4,0.8918918918918919,-0.24999999999999997,m/s2
baseline,flat_still,bias1_unsubtracted,converged,accel_bias_y,37,26,10,1,0.972972972972973,-0.24999999999999997,m/s2
baseline,flat_still,bias1_unsubtracted,converged,accel_bias_z,37,17,13,7,0.8108108108108109,-0.00909434809503101,m/s2
baseline,flat_still,bias1_unsubtracted,converged,accel_gain_x,37,23,13,1,0.972972972972973,-14.999999999999996,%
baseline,flat_still,bias1_unsubtracted,converged,accel_gain_y,37,28,9,0,1.0,-14.999999999999996,%
baseline,flat_still,bias1_unsubtracted,converged,accel_gain_z,37,0,0,37,0.0,0.05278201031483174,%
baseline,flat_still,bias1_unsubtracted,converged,attitude_x,37,0,0,37,0.0,-1.1561303823661189,deg
baseline,flat_still,bias1_unsubtracted,converged,attitude_y,37,0,0,37,0.0,1.814063315615624,deg
baseline,flat_still,bias1_unsubtracted,converged,attitude_z,37,0,0,37,0.0,6.631373206164528,deg
baseline,flat_still,bias1_unsubtracted,converged,gravity_delta,37,35,2,0,1.0,-0.049999999999999996,m/s2
baseline,flat_still,bias1_unsubtracted,converged,gyro_bias_x,37,32,4,1,0.972972972972973,-0.9999999999999999,deg/hour
baseline,flat_still,bias1_unsubtracted,converged,gyro_bias_y,37,29,5,3,0.918918918918919,-0.9999999999999999,deg/hour
baseline,flat_still,bias1_unsubtracted,converged,gyro_bias_z,37,34,3,0,1.0,-0.9999999999999999,deg/hour
baseline,flat_still,bias1_unsubtracted,converged,gyro_gain_x,37,2,35,0,1.0,1.9999999999999998,%
baseline,flat_still,bias1_unsubtracted,converged,gyro_gain_y,37,8,28,1,0.972972972972973,1.9999999999999998,%
baseline,flat_still,bias1_unsubtracted,converged,gyro_gain_z,37,37,0,0,1.0,-1.9999999999999998,%
baseline,flat_still,bias1_unsubtracted,converged,lever_x,37,24,13,0,1.0,-9.999999999999998,m
baseline,flat_still,bias1_unsubtracted,converged,lever_y,37,10,21,6,0.8378378378378378,9.999999999999998,m
baseline,flat_still,bias1_unsubtracted,converged,lever_z,37,29,2,6,0.8378378378378378,-9.999999999999998,m
baseline,flat_still,bias1_unsubtracted,converged,position_x,37,0,0,37,0.0,-18.626552178157503,m
baseline,flat_still,bias1_unsubtracted,converged,position_y,37,17,12,8,0.7837837837837838,-92.51721965003796,m
baseline,flat_still,bias1_unsubtracted,converged,position_z,37,0,0,37,0.0,9.628471370296047,m
baseline,flat_still,bias1_unsubtracted,converged,time_offset,37,26,3,8,0.7837837837837838,-0.14999999999999997,s
baseline,flat_still,bias1_unsubtracted,converged,velocity_x,37,0,0,37,0.0,-0.14140660027487306,m/s
baseline,flat_still,bias1_unsubtracted,converged,velocity_y,37,0,2,35,0.05405405405405406,4.8542887297240025,m/s
baseline,flat_still,bias1_unsubtracted,converged,velocity_z,37,0,0,37,0.0,-0.08766824803111348,m/s
baseline,flat_still,bias1_unsubtracted,unresolved,accel_bias_x,16,14,1,1,0.9375,-0.24999989593933203,m/s2
baseline,flat_still,bias1_unsubtracted,unresolved,accel_bias_y,16,9,5,2,0.875,-0.2499973521397606,m/s2
baseline,flat_still,bias1_unsubtracted,unresolved,accel_bias_z,16,2,2,12,0.25,-0.01150812924413674,m/s2
baseline,flat_still,bias1_unsubtracted,unresolved,accel_gain_x,16,8,6,2,0.875,-9.085456476790672,%
baseline,flat_still,bias1_unsubtracted,unresolved,accel_gain_y,16,11,1,4,0.75,-14.999999992309313,%
baseline,flat_still,bias1_unsubtracted,unresolved,accel_gain_z,16,0,0,16,0.0,0.1500148917395484,%
baseline,flat_still,bias1_unsubtracted,unresolved,attitude_x,16,0,0,16,0.0,-1.0534454703172114,deg
baseline,flat_still,bias1_unsubtracted,unresolved,attitude_y,16,0,0,16,0.0,1.9514618871206344,deg
baseline,flat_still,bias1_unsubtracted,unresolved,attitude_z,16,0,0,16,0.0,24.497978486948256,deg
baseline,flat_still,bias1_unsubtracted,unresolved,gravity_delta,16,16,0,0,1.0,-0.049999999999999996,m/s2
baseline,flat_still,bias1_unsubtracted,unresolved,gyro_bias_x,16,14,0,2,0.875,-0.9999999999999999,deg/hour
baseline,flat_still,bias1_unsubtracted,unresolved,gyro_bias_y,16,12,1,3,0.8125,-0.9999999999999999,deg/hour
baseline,flat_still,bias1_unsubtracted,unresolved,gyro_bias_z,16,14,2,0,1.0,-0.9999999999999999,deg/hour
baseline,flat_still,bias1_unsubtracted,unresolved,gyro_gain_x,16,0,16,0,1.0,1.9999999999999998,%
baseline,flat_still,bias1_unsubtracted,unresolved,gyro_gain_y,16,3,13,0,1.0,1.9999999999999998,%
baseline,flat_still,bias1_unsubtracted,unresolved,gyro_gain_z,16,16,0,0,1.0,-1.9999999999999998,%
baseline,flat_still,bias1_unsubtracted,unresolved,lever_x,16,12,4,0,1.0,-9.999999999999998,m
baseline,flat_still,bias1_unsubtracted,unresolved,lever_y,16,2,14,0,1.0,9.999999999999998,m
baseline,flat_still,bias1_unsubtracted,unresolved,lever_z,16,15,0,1,0.9375,-9.999999999999998,m
baseline,flat_still,bias1_unsubtracted,unresolved,position_x,16,0,0,16,0.0,-30.838268309191434,m
baseline,flat_still,bias1_unsubtracted,unresolved,position_y,16,7,5,4,0.75,-23.684849625807306,m
baseline,flat_still,bias1_unsubtracted,unresolved,position_z,16,0,0,16,0.0,9.328311833411288,m
baseline,flat_still,bias1_unsubtracted,unresolved,time_offset,16,14,0,2,0.875,-0.14999999999999997,s
baseline,flat_still,bias1_unsubtracted,unresolved,velocity_x,16,0,0,16,0.0,-0.06675932902401009,m/s
baseline,flat_still,bias1_unsubtracted,unresolved,velocity_y,16,0,0,16,0.0,-0.4778794512360329,m/s
baseline,flat_still,bias1_unsubtracted,unresolved,velocity_z,16,0,0,16,0.0,-0.07718598752383829,m/s
baseline,sphere_rotating,bias1_profiled_removal,all,accel_bias_x,53,0,0,53,0.0,0.0009558393324313217,m/s2
baseline,sphere_rotating,bias1_profiled_removal,all,accel_bias_y,53,0,0,53,0.0,-0.0034657241115573128,m/s2
baseline,sphere_rotating,bias1_profiled_removal,all,accel_bias_z,53,0,0,53,0.0,0.036035358135863026,m/s2
baseline,sphere_rotating,bias1_profiled_removal,all,accel_gain_x,53,0,0,53,0.0,0.0006052762029176317,%
baseline,sphere_rotating,bias1_profiled_removal,all,accel_gain_y,53,0,0,53,0.0,0.2371038180074896,%
baseline,sphere_rotating,bias1_profiled_removal,all,accel_gain_z,53,0,0,53,0.0,0.09972806401218047,%
baseline,sphere_rotating,bias1_profiled_removal,all,attitude_x,53,0,0,53,0.0,0.08293260992934341,deg
baseline,sphere_rotating,bias1_profiled_removal,all,attitude_y,53,0,0,53,0.0,-0.023469153398170486,deg
baseline,sphere_rotating,bias1_profiled_removal,all,attitude_z,53,0,0,53,0.0,6.269490097652248,deg
baseline,sphere_rotating,bias1_profiled_removal,all,earth_removal,53,28,0,25,0.5283018867924528,1.9394560601959654e-07,fraction
baseline,sphere_rotating,bias1_profiled_removal,all,gravity_delta,53,4,6,43,0.18867924528301888,-0.006778449761082591,m/s2
baseline,sphere_rotating,bias1_profiled_removal,all,gyro_bias_x,53,5,0,48,0.09433962264150944,-0.050337904557751736,deg/hour
baseline,sphere_rotating,bias1_profiled_removal,all,gyro_bias_y,53,2,0,51,0.03773584905660377,0.0444157696896507,deg/hour
baseline,sphere_rotating,bias1_profiled_removal,all,gyro_bias_z,53,15,25,13,0.7547169811320755,0.5557200630784555,deg/hour
baseline,sphere_rotating,bias1_profiled_removal,all,gyro_gain_x,53,2,6,45,0.1509433962264151,0.18404794660216942,%
baseline,sphere_rotating,bias1_profiled_removal,all,gyro_gain_y,53,2,4,47,0.11320754716981132,0.36764637614533296,%
baseline,sphere_rotating,bias1_profiled_removal,all,gyro_gain_z,53,22,24,7,0.8679245283018868,-0.030160591698915228,%
baseline,sphere_rotating,bias1_profiled_removal,all,lever_x,53,1,1,51,0.03773584905660377,-0.09445374837137248,m
baseline,sphere_rotating,bias1_profiled_removal,all,lever_y,53,0,0,53,0.0,-0.18757131981256536,m
baseline,sphere_rotating,bias1_profiled_removal,all,lever_z,53,0,0,53,0.0,-1.8643062116724889,m
baseline,sphere_rotating,bias1_profiled_removal,all,position_x,53,0,0,53,0.0,-0.22500643379405236,m
baseline,sphere_rotating,bias1_profiled_removal,all,position_y,53,0,0,53,0.0,-0.30160980922821806,m
baseline,sphere_rotating,bias1_profiled_removal,all,position_z,53,0,0,53,0.0,2.7315573578848698,m
baseline,sphere_rotating,bias1_profiled_removal,all,time_offset,53,0,0,53,0.0,0.003410546159106652,s
baseline,sphere_rotating,bias1_profiled_removal,all,velocity_x,53,0,0,53,0.0,-0.01901677118972649,m/s
baseline,sphere_rotating,bias1_profiled_removal,all,velocity_y,53,0,0,53,0.0,0.010202205451219073,m/s
baseline,sphere_rotating,bias1_profiled_removal,all,velocity_z,53,0,0,53,0.0,-0.09088597199081916,m/s
baseline,sphere_rotating,bias1_profiled_removal,converged,accel_bias_x,18,0,0,18,0.0,0.008618135115316557,m/s2
baseline,sphere_rotating,bias1_profiled_removal,converged,accel_bias_y,18,0,0,18,0.0,-0.0016057101972689629,m/s2
baseline,sphere_rotating,bias1_profiled_removal,converged,accel_bias_z,18,0,0,18,0.0,0.025876239387522648,m/s2
baseline,sphere_rotating,bias1_profiled_removal,converged,accel_gain_x,18,0,0,18,0.0,-0.047596313773430425,%
baseline,sphere_rotating,bias1_profiled_removal,converged,accel_gain_y,18,0,0,18,0.0,0.4116357998431063,%
baseline,sphere_rotating,bias1_profiled_removal,converged,accel_gain_z,18,0,0,18,0.0,-0.11820250284830341,%
baseline,sphere_rotating,bias1_profiled_removal,converged,attitude_x,18,0,0,18,0.0,0.031595811625543486,deg
baseline,sphere_rotating,bias1_profiled_removal,converged,attitude_y,18,0,0,18,0.0,-0.11230381917909224,deg
baseline,sphere_rotating,bias1_profiled_removal,converged,attitude_z,18,0,0,18,0.0,6.868442357960204,deg
baseline,sphere_rotating,bias1_profiled_removal,converged,earth_removal,18,11,0,7,0.6111111111111112,4.3562219914639044e-08,fraction
baseline,sphere_rotating,bias1_profiled_removal,converged,gravity_delta,18,3,5,10,0.4444444444444444,0.0001112345683574491,m/s2
baseline,sphere_rotating,bias1_profiled_removal,converged,gyro_bias_x,18,2,0,16,0.1111111111111111,-0.05363390731251459,deg/hour
baseline,sphere_rotating,bias1_profiled_removal,converged,gyro_bias_y,18,1,0,17,0.05555555555555555,0.018644456262237027,deg/hour
baseline,sphere_rotating,bias1_profiled_removal,converged,gyro_bias_z,18,4,8,6,0.6666666666666666,0.14165660990330023,deg/hour
baseline,sphere_rotating,bias1_profiled_removal,converged,gyro_gain_x,18,0,2,16,0.1111111111111111,0.3535008545748084,%
baseline,sphere_rotating,bias1_profiled_removal,converged,gyro_gain_y,18,0,1,17,0.05555555555555555,0.3456721879608849,%
baseline,sphere_rotating,bias1_profiled_removal,converged,gyro_gain_z,18,10,6,2,0.8888888888888888,-1.9999997555949898,%
baseline,sphere_rotating,bias1_profiled_removal,converged,lever_x,18,0,0,18,0.0,-0.29626229036815754,m
baseline,sphere_rotating,bias1_profiled_removal,converged,lever_y,18,0,0,18,0.0,-0.26411449834544565,m
baseline,sphere_rotating,bias1_profiled_removal,converged,lever_z,18,0,0,18,0.0,-1.7724554383178135,m
baseline,sphere_rotating,bias1_profiled_removal,converged,position_x,18,0,0,18,0.0,-0.6020734813323985,m
baseline,sphere_rotating,bias1_profiled_removal,converged,position_y,18,0,0,18,0.0,-0.5847779724983031,m
baseline,sphere_rotating,bias1_profiled_removal,converged,position_z,18,0,0,18,0.0,2.5305192264645853,m
baseline,sphere_rotating,bias1_profiled_removal,converged,time_offset,18,0,0,18,0.0,0.0016805527524289274,s
baseline,sphere_rotating,bias1_profiled_removal,converged,velocity_x,18,0,0,18,0.0,0.032105300722891666,m/s
baseline,sphere_rotating,bias1_profiled_removal,converged,velocity_y,18,0,0,18,0.0,-0.0029957493941145264,m/s
baseline,sphere_rotating,bias1_profiled_removal,converged,velocity_z,18,0,0,18,0.0,-0.08626728604716985,m/s
baseline,sphere_rotating,bias1_profiled_removal,unresolved,accel_bias_x,35,0,0,35,0.0,0.0006419348778527707,m/s2
baseline,sphere_rotating,bias1_profiled_removal,unresolved,accel_bias_y,35,0,0,35,0.0,-0.007796215330591527,m/s2
baseline,sphere_rotating,bias1_profiled_removal,unresolved,accel_bias_z,35,0,0,35,0.0,0.03947720324421219,m/s2
baseline,sphere_rotating,bias1_profiled_removal,unresolved,accel_gain_x,35,0,0,35,0.0,0.00309756084209775,%
baseline,sphere_rotating,bias1_profiled_removal,unresolved,accel_gain_y,35,0,0,35,0.0,-0.10936657451509554,%
baseline,sphere_rotating,bias1_profiled_removal,unresolved,accel_gain_z,35,0,0,35,0.0,0.2851113495274297,%
baseline,sphere_rotating,bias1_profiled_removal,unresolved,attitude_x,35,0,0,35,0.0,0.1097954148257482,deg
baseline,sphere_rotating,bias1_profiled_removal,unresolved,attitude_y,35,0,0,35,0.0,0.019709256738081753,deg
baseline,sphere_rotating,bias1_profiled_removal,unresolved,attitude_z,35,0,0,35,0.0,5.461936821174048,deg
baseline,sphere_rotating,bias1_profiled_removal,unresolved,earth_removal,35,17,0,18,0.4857142857142857,0.005144769344681388,fraction
baseline,sphere_rotating,bias1_profiled_removal,unresolved,gravity_delta,35,1,1,33,0.05714285714285714,-0.009284295756777836,m/s2
baseline,sphere_rotating,bias1_profiled_removal,unresolved,gyro_bias_x,35,3,0,32,0.08571428571428572,-0.045355811139720606,deg/hour
baseline,sphere_rotating,bias1_profiled_removal,unresolved,gyro_bias_y,35,1,0,34,0.02857142857142857,0.050803908953653186,deg/hour
baseline,sphere_rotating,bias1_profiled_removal,unresolved,gyro_bias_z,35,11,17,7,0.8,0.7742375357766376,deg/hour
baseline,sphere_rotating,bias1_profiled_removal,unresolved,gyro_gain_x,35,2,4,29,0.17142857142857143,0.11909031801574449,%
baseline,sphere_rotating,bias1_profiled_removal,unresolved,gyro_gain_y,35,2,3,30,0.14285714285714285,0.42115898064511886,%
baseline,sphere_rotating,bias1_profiled_removal,unresolved,gyro_gain_z,35,12,18,5,0.8571428571428571,1.9999397928508096,%
baseline,sphere_rotating,bias1_profiled_removal,unresolved,lever_x,35,1,1,33,0.05714285714285714,0.19588026598898398,m
baseline,sphere_rotating,bias1_profiled_removal,unresolved,lever_y,35,0,0,35,0.0,-0.09262842081399406,m
baseline,sphere_rotating,bias1_profiled_removal,unresolved,lever_z,35,0,0,35,0.0,-1.870214458568741,m
baseline,sphere_rotating,bias1_profiled_removal,unresolved,position_x,35,0,0,35,0.0,-0.06454747359731784,m
baseline,sphere_rotating,bias1_profiled_removal,unresolved,position_y,35,0,0,35,0.0,-0.17908384177785813,m
baseline,sphere_rotating,bias1_profiled_removal,unresolved,position_z,35,0,0,35,0.0,3.2289002106414695,m
baseline,sphere_rotating,bias1_profiled_removal,unresolved,time_offset,35,0,0,35,0.0,0.004095281257739124,s
baseline,sphere_rotating,bias1_profiled_removal,unresolved,velocity_x,35,0,0,35,0.0,-0.0329946336563858,m/s
baseline,sphere_rotating,bias1_profiled_removal,unresolved,velocity_y,35,0,0,35,0.0,0.03382918734760326,m/s
baseline,sphere_rotating,bias1_profiled_removal,unresolved,velocity_z,35,0,0,35,0.0,-0.09088597199081916,m/s
baseline,sphere_rotating,bias1_unsubtracted,all,accel_bias_x,53,0,0,53,0.0,0.00172543962884713,m/s2
baseline,sphere_rotating,bias1_unsubtracted,all,accel_bias_y,53,0,0,53,0.0,-0.0034732052723079553,m/s2
baseline,sphere_rotating,bias1_unsubtracted,all,accel_bias_z,53,0,1,52,0.018867924528301886,0.05216180122660973,m/s2
baseline,sphere_rotating,bias1_unsubtracted,all,accel_gain_x,53,0,0,53,0.0,-0.019875503812890678,%
baseline,sphere_rotating,bias1_unsubtracted,all,accel_gain_y,53,0,0,53,0.0,0.2742218397420033,%
baseline,sphere_rotating,bias1_unsubtracted,all,accel_gain_z,53,0,0,53,0.0,0.40847267141104787,%
baseline,sphere_rotating,bias1_unsubtracted,all,attitude_x,53,0,0,53,0.0,0.08853544508630092,deg
baseline,sphere_rotating,bias1_unsubtracted,all,attitude_y,53,0,0,53,0.0,-0.01015432707933835,deg
baseline,sphere_rotating,bias1_unsubtracted,all,attitude_z,53,0,0,53,0.0,6.344704366437159,deg
baseline,sphere_rotating,bias1_unsubtracted,all,gravity_delta,53,11,8,34,0.3584905660377358,-0.008870991788820075,m/s2
baseline,sphere_rotating,bias1_unsubtracted,all,gyro_bias_x,53,0,0,53,0.0,0.02725058459380196,deg/hour
baseline,sphere_rotating,bias1_unsubtracted,all,gyro_bias_y,53,0,0,53,0.0,0.017212356321447995,deg/hour
baseline,sphere_rotating,bias1_unsubtracted,all,gyro_bias_z,53,21,21,11,0.7924528301886793,0.11805152150277427,deg/hour
baseline,sphere_rotating,bias1_unsubtracted,all,gyro_gain_x,53,1,6,46,0.1320754716981132,-0.03409007842922948,%
baseline,sphere_rotating,bias1_unsubtracted,all,gyro_gain_y,53,2,3,48,0.09433962264150944,0.30614742061113215,%
baseline,sphere_rotating,bias1_unsubtracted,all,gyro_gain_z,53,26,20,7,0.8679245283018868,-1.7664289263325095,%
baseline,sphere_rotating,bias1_unsubtracted,all,lever_x,53,1,1,51,0.03773584905660377,-0.14546695725341896,m
baseline,sphere_rotating,bias1_unsubtracted,all,lever_y,53,0,0,53,0.0,-0.17879648827957922,m
baseline,sphere_rotating,bias1_unsubtracted,all,lever_z,53,0,0,53,0.0,-1.8711604607166636,m
baseline,sphere_rotating,bias1_unsubtracted,all,position_x,53,0,0,53,0.0,-0.3752676862343265,m
baseline,sphere_rotating,bias1_unsubtracted,all,position_y,53,0,0,53,0.0,-0.36229093880475266,m
baseline,sphere_rotating,bias1_unsubtracted,all,position_z,53,0,0,53,0.0,2.7003747987878204,m
baseline,sphere_rotating,bias1_unsubtracted,all,time_offset,53,0,0,53,0.0,0.0028534916295617917,s
baseline,sphere_rotating,bias1_unsubtracted,all,velocity_x,53,0,0,53,0.0,-0.01938763414996156,m/s
baseline,sphere_rotating,bias1_unsubtracted,all,velocity_y,53,0,0,53,0.0,0.005671102531829888,m/s
baseline,sphere_rotating,bias1_unsubtracted,all,velocity_z,53,0,0,53,0.0,-0.09066128378551624,m/s
baseline,sphere_rotating,bias1_unsubtracted,converged,accel_bias_x,25,0,0,25,0.0,0.003227742444652476,m/s2
baseline,sphere_rotating,bias1_unsubtracted,converged,accel_bias_y,25,0,0,25,0.0,0.0008874037521344447,m/s2
baseline,sphere_rotating,bias1_unsubtracted,converged,accel_bias_z,25,0,1,24,0.04,0.03994447442065082,m/s2
baseline,sphere_rotating,bias1_unsubtracted,converged,accel_gain_x,25,0,0,25,0.0,-0.019875503812890678,%
baseline,sphere_rotating,bias1_unsubtracted,converged,accel_gain_y,25,0,0,25,0.0,0.4493080858407988,%
baseline,sphere_rotating,bias1_unsubtracted,converged,accel_gain_z,25,0,0,25,0.0,0.10016975017225063,%
baseline,sphere_rotating,bias1_unsubtracted,converged,attitude_x,25,0,0,25,0.0,0.08806480867681044,deg
baseline,sphere_rotating,bias1_unsubtracted,converged,attitude_y,25,0,0,25,0.0,-0.07390628866271674,deg
baseline,sphere_rotating,bias1_unsubtracted,converged,attitude_z,25,0,0,25,0.0,6.939820045014894,deg
baseline,sphere_rotating,bias1_unsubtracted,converged,gravity_delta,25,10,7,8,0.68,-0.013964011368007038,m/s2
baseline,sphere_rotating,bias1_unsubtracted,converged,gyro_bias_x,25,0,0,25,0.0,0.02236436390795613,deg/hour
baseline,sphere_rotating,bias1_unsubtracted,converged,gyro_bias_y,25,0,0,25,0.0,0.012773458367498778,deg/hour
baseline,sphere_rotating,bias1_unsubtracted,converged,gyro_bias_z,25,9,12,4,0.84,0.276608127617388,deg/hour
baseline,sphere_rotating,bias1_unsubtracted,converged,gyro_gain_x,25,0,3,22,0.12,-0.023249956213546735,%
baseline,sphere_rotating,bias1_unsubtracted,converged,gyro_gain_y,25,1,1,23,0.08,0.30614742061113215,%
baseline,sphere_rotating,bias1_unsubtracted,converged,gyro_gain_z,25,11,10,4,0.84,-1.7028557760375769,%
baseline,sphere_rotating,bias1_unsubtracted,converged,lever_x,25,1,0,24,0.04,-0.028157485055508375,m
baseline,sphere_rotating,bias1_unsubtracted,converged,lever_y,25,0,0,25,0.0,-0.254618352974217,m
baseline,sphere_rotating,bias1_unsubtracted,converged,lever_z,25,0,0,25,0.0,-1.6739339016003658,m
baseline,sphere_rotating,bias1_unsubtracted,converged,position_x,25,0,0,25,0.0,-0.14706269811009295,m
baseline,sphere_rotating,bias1_unsubtracted,converged,position_y,25,0,0,25,0.0,-0.7481502323747664,m
baseline,sphere_rotating,bias1_unsubtracted,converged,position_z,25,0,0,25,0.0,2.390204896562743,m
baseline,sphere_rotating,bias1_unsubtracted,converged,time_offset,25,0,0,25,0.0,0.002825228399353353,s
baseline,sphere_rotating,bias1_unsubtracted,converged,velocity_x,25,0,0,25,0.0,-0.04292468211083165,m/s
baseline,sphere_rotating,bias1_unsubtracted,converged,velocity_y,25,0,0,25,0.0,0.0012526686393898646,m/s
baseline,sphere_rotating,bias1_unsubtracted,converged,velocity_z,25,0,0,25,0.0,-0.02903320157273397,m/s
baseline,sphere_rotating,bias1_unsubtracted,unresolved,accel_bias_x,28,0,0,28,0.0,-0.0016827594422480759,m/s2
baseline,sphere_rotating,bias1_unsubtracted,unresolved,accel_bias_y,28,0,0,28,0.0,-0.012918908192257706,m/s2
baseline,sphere_rotating,bias1_unsubtracted,unresolved,accel_bias_z,28,0,0,28,0.0,0.06919412990674859,m/s2
baseline,sphere_rotating,bias1_unsubtracted,unresolved,accel_gain_x,28,0,0,28,0.0,-0.02026457163803338,%
baseline,sphere_rotating,bias1_unsubtracted,unresolved,accel_gain_y,28,0,0,28,0.0,-0.09779849022888668,%
baseline,sphere_rotating,bias1_unsubtracted,unresolved,accel_gain_z,28,0,0,28,0.0,0.5655286367505485,%
baseline,sphere_rotating,bias1_unsubtracted,unresolved,attitude_x,28,0,0,28,0.0,0.10055393134482365,deg
baseline,sphere_rotating,bias1_unsubtracted,unresolved,attitude_y,28,0,0,28,0.0,0.019271034934125394,deg
baseline,sphere_rotating,bias1_unsubtracted,unresolved,attitude_z,28,0,0,28,0.0,5.640913720095369,deg
baseline,sphere_rotating,bias1_unsubtracted,unresolved,gravity_delta,28,1,1,26,0.07142857142857142,-0.00848509420428583,m/s2
baseline,sphere_rotating,bias1_unsubtracted,unresolved,gyro_bias_x,28,0,0,28,0.0,0.02733359809011006,deg/hour
baseline,sphere_rotating,bias1_unsubtracted,unresolved,gyro_bias_y,28,0,0,28,0.0,0.049455577615062175,deg/hour
baseline,sphere_rotating,bias1_unsubtracted,unresolved,gyro_bias_z,28,12,9,7,0.75,-0.14103094755429932,deg/hour
baseline,sphere_rotating,bias1_unsubtracted,unresolved,gyro_gain_x,28,1,3,24,0.14285714285714285,-0.05775164850662477,%
baseline,sphere_rotating,bias1_unsubtracted,unresolved,gyro_gain_y,28,1,2,25,0.10714285714285714,0.3178198312517989,%
baseline,sphere_rotating,bias1_unsubtracted,unresolved,gyro_gain_z,28,15,10,3,0.8928571428571429,-1.9990779695796417,%
baseline,sphere_rotating,bias1_unsubtracted,unresolved,lever_x,28,0,1,27,0.03571428571428571,-0.16884312002089347,m
baseline,sphere_rotating,bias1_unsubtracted,unresolved,lever_y,28,0,0,28,0.0,-0.05645748098231928,m
baseline,sphere_rotating,bias1_unsubtracted,unresolved,lever_z,28,0,0,28,0.0,-2.2059881552574563,m
baseline,sphere_rotating,bias1_unsubtracted,unresolved,position_x,28,0,0,28,0.0,-0.8607903859076657,m
baseline,sphere_rotating,bias1_unsubtracted,unresolved,position_y,28,0,0,28,0.0,0.07633818931174476,m
baseline,sphere_rotating,bias1_unsubtracted,unresolved,position_z,28,0,0,28,0.0,3.4572093898360627,m
baseline,sphere_rotating,bias1_unsubtracted,unresolved,time_offset,28,0,0,28,0.0,0.005145615746569591,s
baseline,sphere_rotating,bias1_unsubtracted,unresolved,velocity_x,28,0,0,28,0.0,-0.007633982309431954,m/s
baseline,sphere_rotating,bias1_unsubtracted,unresolved,velocity_y,28,0,0,28,0.0,0.014908831089264961,m/s
baseline,sphere_rotating,bias1_unsubtracted,unresolved,velocity_z,28,0,0,28,0.0,-0.1221044235359422,m/s
baseline,sphere_still,bias1_profiled_removal,all,accel_bias_x,53,41,2,10,0.8113207547169812,-0.24999999999999997,m/s2
baseline,sphere_still,bias1_profiled_removal,all,accel_bias_y,53,25,14,14,0.7358490566037735,-0.24654093137341246,m/s2
baseline,sphere_still,bias1_profiled_removal,all,accel_bias_z,53,15,20,18,0.660377358490566,-0.0001450771594963051,m/s2
baseline,sphere_still,bias1_profiled_removal,all,accel_gain_x,53,11,31,11,0.7924528301886793,14.999997153564115,%
baseline,sphere_still,bias1_profiled_removal,all,accel_gain_y,53,28,19,6,0.8867924528301887,-14.999986904577433,%
baseline,sphere_still,bias1_profiled_removal,all,accel_gain_z,53,0,0,53,0.0,0.41592969550598313,%
baseline,sphere_still,bias1_profiled_removal,all,attitude_x,53,0,0,53,0.0,-1.7324815797736461,deg
baseline,sphere_still,bias1_profiled_removal,all,attitude_y,53,0,0,53,0.0,1.2221809099463274,deg
baseline,sphere_still,bias1_profiled_removal,all,attitude_z,53,0,0,53,0.0,43.05187353253345,deg
baseline,sphere_still,bias1_profiled_removal,all,earth_removal,53,52,0,1,0.9811320754716981,5.551115123125783e-17,fraction
baseline,sphere_still,bias1_profiled_removal,all,gravity_delta,53,43,3,7,0.8679245283018868,-0.049999999999999996,m/s2
baseline,sphere_still,bias1_profiled_removal,all,gyro_bias_x,53,48,2,3,0.9433962264150944,-0.9999999999999999,deg/hour
baseline,sphere_still,bias1_profiled_removal,all,gyro_bias_y,53,24,16,13,0.7547169811320755,-0.09438116990601533,deg/hour
baseline,sphere_still,bias1_profiled_removal,all,gyro_bias_z,53,48,5,0,1.0,-0.9999999999999999,deg/hour
baseline,sphere_still,bias1_profiled_removal,all,gyro_gain_x,53,2,50,1,0.9811320754716981,1.9999999999999998,%
baseline,sphere_still,bias1_profiled_removal,all,gyro_gain_y,53,22,29,2,0.9622641509433962,1.999999999999898,%
baseline,sphere_still,bias1_profiled_removal,all,gyro_gain_z,53,52,1,0,1.0,-1.9999999999999998,%
baseline,sphere_still,bias1_profiled_removal,all,lever_x,53,24,25,4,0.9245283018867925,-6.81642355733948,m
baseline,sphere_still,bias1_profiled_removal,all,lever_y,53,14,27,12,0.7735849056603774,9.999997739233162,m
baseline,sphere_still,bias1_profiled_removal,all,lever_z,53,31,6,16,0.6981132075471698,-9.999999999999998,m
baseline,sphere_still,bias1_profiled_removal,all,position_x,53,1,6,46,0.1320754716981132,28.158664661179937,m
baseline,sphere_still,bias1_profiled_removal,all,position_y,53,3,0,50,0.05660377358490566,-6.979777456698271,m
baseline,sphere_still,bias1_profiled_removal,all,position_z,53,0,0,53,0.0,8.029577281736364,m
baseline,sphere_still,bias1_profiled_removal,all,time_offset,53,15,25,13,0.7547169811320755,0.1186891566631445,s
baseline,sphere_still,bias1_profiled_removal,all,velocity_x,53,0,0,53,0.0,-0.590363505354874,m/s
baseline,sphere_still,bias1_profiled_removal,all,velocity_y,53,0,0,53,0.0,0.5970106011916961,m/s
baseline,sphere_still,bias1_profiled_removal,all,velocity_z,53,0,0,53,0.0,-0.08802562171591705,m/s
baseline,sphere_still,bias1_profiled_removal,converged,accel_bias_x,34,31,1,2,0.9411764705882353,-0.24999999999999997,m/s2
baseline,sphere_still,bias1_profiled_removal,converged,accel_bias_y,34,20,9,5,0.8529411764705882,-0.2499999999999875,m/s2
baseline,sphere_still,bias1_profiled_removal,converged,accel_bias_z,34,13,19,2,0.9411764705882353,0.24999982601598317,m/s2
baseline,sphere_still,bias1_profiled_removal,converged,accel_gain_x,34,10,19,5,0.8529411764705882,14.999999999999996,%
baseline,sphere_still,bias1_profiled_removal,converged,accel_gain_y,34,18,15,1,0.9705882352941176,-14.999999999999996,%
baseline,sphere_still,bias1_profiled_removal,converged,accel_gain_z,34,0,0,34,0.0,2.793012509314023,%
baseline,sphere_still,bias1_profiled_removal,converged,attitude_x,34,0,0,34,0.0,-1.9585248654644811,deg
baseline,sphere_still,bias1_profiled_removal,converged,attitude_y,34,0,0,34,0.0,1.2566050956257122,deg
baseline,sphere_still,bias1_profiled_removal,converged,attitude_z,34,0,0,34,0.0,42.277326290686936,deg
baseline,sphere_still,bias1_profiled_removal,converged,earth_removal,34,34,0,0,1.0,5.551115123125783e-17,fraction
baseline,sphere_still,bias1_profiled_removal,converged,gravity_delta,34,32,1,1,0.9705882352941176,-0.049999999999999996,m/s2
baseline,sphere_still,bias1_profiled_removal,converged,gyro_bias_x,34,32,1,1,0.9705882352941176,-0.9999999999999999,deg/hour
baseline,sphere_still,bias1_profiled_removal,converged,gyro_bias_y,34,19,9,6,0.8235294117647058,-0.9999999999999999,deg/hour
baseline,sphere_still,bias1_profiled_removal,converged,gyro_bias_z,34,32,2,0,1.0,-0.9999999999999999,deg/hour
baseline,sphere_still,bias1_profiled_removal,converged,gyro_gain_x,34,1,33,0,1.0,1.9999999999999998,%
baseline,sphere_still,bias1_profiled_removal,converged,gyro_gain_y,34,12,22,0,1.0,1.9999999999999998,%
baseline,sphere_still,bias1_profiled_removal,converged,gyro_gain_z,34,33,1,0,1.0,-1.9999999999999998,%
baseline,sphere_still,bias1_profiled_removal,converged,lever_x,34,15,18,1,0.9705882352941176,9.999999464040616,m
baseline,sphere_still,bias1_profiled_removal,converged,lever_y,34,10,20,4,0.8823529411764706,9.999999999999998,m
baseline,sphere_still,bias1_profiled_removal,converged,lever_z,34,19,6,9,0.7352941176470589,-9.999999999999998,m
baseline,sphere_still,bias1_profiled_removal,converged,position_x,34,1,5,28,0.17647058823529413,32.783434097819814,m
baseline,sphere_still,bias1_profiled_removal,converged,position_y,34,3,0,31,0.08823529411764706,-8.989979640014862,m
baseline,sphere_still,bias1_profiled_removal,converged,position_z,34,0,0,34,0.0,5.844873714630277,m
baseline,sphere_still,bias1_profiled_removal,converged,time_offset,34,10,18,6,0.8235294117647058,0.14999999999575514,s
baseline,sphere_still,bias1_profiled_removal,converged,velocity_x,34,0,0,34,0.0,-0.9415758116860786,m/s
baseline,sphere_still,bias1_profiled_removal,converged,velocity_y,34,0,0,34,0.0,0.8007569531290581,m/s
baseline,sphere_still,bias1_profiled_removal,converged,velocity_z,34,0,0,34,0.0,-0.07378788154440549,m/s
baseline,sphere_still,bias1_profiled_removal,unresolved,accel_bias_x,19,10,1,8,0.5789473684210527,-0.24999902413198918,m/s2
baseline,sphere_still,bias1_profiled_removal,unresolved,accel_bias_y,19,5,5,9,0.5263157894736842,0.022718185097831828,m/s2
baseline,sphere_still,bias1_profiled_removal,unresolved,accel_bias_z,19,2,1,16,0.15789473684210525,-0.004099880221931837,m/s2
baseline,sphere_still,bias1_profiled_removal,unresolved,accel_gain_x,19,1,12,6,0.6842105263157895,14.999877062531548,%
baseline,sphere_still,bias1_profiled_removal,unresolved,accel_gain_y,19,10,4,5,0.7368421052631579,-14.999797656053055,%
baseline,sphere_still,bias1_profiled_removal,unresolved,accel_gain_z,19,0,0,19,0.0,0.2640152396923544,%
baseline,sphere_still,bias1_profiled_removal,unresolved,attitude_x,19,0,0,19,0.0,-0.8609413379166078,deg
baseline,sphere_still,bias1_profiled_removal,unresolved,attitude_y,19,0,0,19,0.0,0.82064554770725,deg
baseline,sphere_still,bias1_profiled_removal,unresolved,attitude_z,19,0,0,19,0.0,44.49488304657715,deg
baseline,sphere_still,bias1_profiled_removal,unresolved,earth_removal,19,18,0,1,0.9473684210526315,5.551115123125783e-17,fraction
baseline,sphere_still,bias1_profiled_removal,unresolved,gravity_delta,19,11,2,6,0.6842105263157895,-0.04999893741480986,m/s2
baseline,sphere_still,bias1_profiled_removal,unresolved,gyro_bias_x,19,16,1,2,0.8947368421052632,-0.9999999999999999,deg/hour
baseline,sphere_still,bias1_profiled_removal,unresolved,gyro_bias_y,19,5,7,7,0.631578947368421,0.24043804966241916,deg/hour
baseline,sphere_still,bias1_profiled_removal,unresolved,gyro_bias_z,19,16,3,0,1.0,-0.9999999999999999,deg/hour
baseline,sphere_still,bias1_profiled_removal,unresolved,gyro_gain_x,19,1,17,1,0.9473684210526315,1.9999999999999973,%
baseline,sphere_still,bias1_profiled_removal,unresolved,gyro_gain_y,19,10,7,2,0.8947368421052632,-1.9999774597413502,%
baseline,sphere_still,bias1_profiled_removal,unresolved,gyro_gain_z,19,19,0,0,1.0,-1.9999999999999998,%
baseline,sphere_still,bias1_profiled_removal,unresolved,lever_x,19,9,7,3,0.8421052631578947,-9.967395675869236,m
baseline,sphere_still,bias1_profiled_removal,unresolved,lever_y,19,4,7,8,0.5789473684210527,9.810193508933528,m
baseline,sphere_still,bias1_profiled_removal,unresolved,lever_z,19,12,0,7,0.631578947368421,-9.999999999999998,m
baseline,sphere_still,bias1_profiled_removal,unresolved,position_x,19,0,1,18,0.05263157894736842,22.007357268424464,m
baseline,sphere_still,bias1_profiled_removal,unresolved,position_y,19,0,0,19,0.0,0.13520405591486093,m
baseline,sphere_still,bias1_profiled_removal,unresolved,position_z,19,0,0,19,0.0,9.782867441291907,m
baseline,sphere_still,bias1_profiled_removal,unresolved,time_offset,19,5,7,7,0.631578947368421,0.0354129483952059,s
baseline,sphere_still,bias1_profiled_removal,unresolved,velocity_x,19,0,0,19,0.0,-0.198307404930189,m/s
baseline,sphere_still,bias1_profiled_removal,unresolved,velocity_y,19,0,0,19,0.0,0.4462987753905163,m/s
baseline,sphere_still,bias1_profiled_removal,unresolved,velocity_z,19,0,0,19,0.0,-0.08941737200854888,m/s
baseline,sphere_still,bias1_unsubtracted,all,accel_bias_x,53,42,2,9,0.8301886792452831,-0.24999999999999997,m/s2
baseline,sphere_still,bias1_unsubtracted,all,accel_bias_y,53,27,15,11,0.7924528301886793,-0.24999989000034775,m/s2
baseline,sphere_still,bias1_unsubtracted,all,accel_bias_z,53,15,21,17,0.6792452830188679,-0.0003832309102907855,m/s2
baseline,sphere_still,bias1_unsubtracted,all,accel_gain_x,53,12,29,12,0.7735849056603774,14.999999997824615,%
baseline,sphere_still,bias1_unsubtracted,all,accel_gain_y,53,30,18,5,0.9056603773584906,-14.999999186382396,%
baseline,sphere_still,bias1_unsubtracted,all,accel_gain_z,53,0,0,53,0.0,0.38966660329247393,%
baseline,sphere_still,bias1_unsubtracted,all,attitude_x,53,0,0,53,0.0,-1.808135193868049,deg
baseline,sphere_still,bias1_unsubtracted,all,attitude_y,53,0,0,53,0.0,1.2035911755836695,deg
baseline,sphere_still,bias1_unsubtracted,all,attitude_z,53,0,0,53,0.0,43.05187399392717,deg
baseline,sphere_still,bias1_unsubtracted,all,gravity_delta,53,46,4,3,0.9433962264150944,-0.049999999999999996,m/s2
baseline,sphere_still,bias1_unsubtracted,all,gyro_bias_x,53,48,2,3,0.9433962264150944,-0.9999999999999999,deg/hour
baseline,sphere_still,bias1_unsubtracted,all,gyro_bias_y,53,25,15,13,0.7547169811320755,-0.27856302061079335,deg/hour
baseline,sphere_still,bias1_unsubtracted,all,gyro_bias_z,53,48,5,0,1.0,-0.9999999999999999,deg/hour
baseline,sphere_still,bias1_unsubtracted,all,gyro_gain_x,53,2,50,1,0.9811320754716981,1.9999999999999998,%
baseline,sphere_still,bias1_unsubtracted,all,gyro_gain_y,53,21,30,2,0.9622641509433962,1.9999999999992568,%
baseline,sphere_still,bias1_unsubtracted,all,gyro_gain_z,53,52,1,0,1.0,-1.9999999999999998,%
baseline,sphere_still,bias1_unsubtracted,all,lever_x,53,26,25,2,0.9622641509433962,-6.816318325374264,m
baseline,sphere_still,bias1_unsubtracted,all,lever_y,53,14,30,9,0.8301886792452831,9.999999997346558,m
baseline,sphere_still,bias1_unsubtracted,all,lever_z,53,31,7,15,0.7169811320754716,-9.99999999999999,m
baseline,sphere_still,bias1_unsubtracted,all,position_x,53,1,6,46,0.1320754716981132,28.146478342775445,m
baseline,sphere_still,bias1_unsubtracted,all,position_y,53,3,0,50,0.05660377358490566,-6.9797711194917,m
baseline,sphere_still,bias1_unsubtracted,all,position_z,53,0,0,53,0.0,8.029577313863413,m
baseline,sphere_still,bias1_unsubtracted,all,time_offset,53,16,26,11,0.7924528301886793,0.13495486212817862,s
baseline,sphere_still,bias1_unsubtracted,all,velocity_x,53,0,0,53,0.0,-0.5869170043510235,m/s
baseline,sphere_still,bias1_unsubtracted,all,velocity_y,53,0,0,53,0.0,0.5970110049488242,m/s
baseline,sphere_still,bias1_unsubtracted,all,velocity_z,53,0,0,53,0.0,-0.08228698282171198,m/s
baseline,sphere_still,bias1_unsubtracted,converged,accel_bias_x,39,35,1,3,0.9230769230769231,-0.24999999999999997,m/s2
baseline,sphere_still,bias1_unsubtracted,converged,accel_bias_y,39,22,11,6,0.8461538461538461,-0.2499999999988168,m/s2
baseline,sphere_still,bias1_unsubtracted,converged,accel_bias_z,39,14,20,5,0.8717948717948718,0.24999872485094854,m/s2
baseline,sphere_still,bias1_unsubtracted,converged,accel_gain_x,39,11,22,6,0.8461538461538461,14.999999999999975,%
baseline,sphere_still,bias1_unsubtracted,converged,accel_gain_y,39,22,16,1,0.9743589743589743,-14.999999999999744,%
baseline,sphere_still,bias1_unsubtracted,converged,accel_gain_z,39,0,0,39,0.0,2.7901229491553887,%
baseline,sphere_still,bias1_unsubtracted,converged,attitude_x,39,0,0,39,0.0,-1.894904502131484,deg
baseline,sphere_still,bias1_unsubtracted,converged,attitude_y,39,0,0,39,0.0,1.2568609623238054,deg
baseline,sphere_still,bias1_unsubtracted,converged,attitude_z,39,0,0,39,0.0,42.328597207852305,deg
baseline,sphere_still,bias1_unsubtracted,converged,gravity_delta,39,36,3,0,1.0,-0.049999999999999996,m/s2
baseline,sphere_still,bias1_unsubtracted,converged,gyro_bias_x,39,37,1,1,0.9743589743589743,-0.9999999999999999,deg/hour
baseline,sphere_still,bias1_unsubtracted,converged,gyro_bias_y,39,21,11,7,0.8205128205128205,-0.9999999999999497,deg/hour
baseline,sphere_still,bias1_unsubtracted,converged,gyro_bias_z,39,37,2,0,1.0,-0.9999999999999999,deg/hour
baseline,sphere_still,bias1_unsubtracted,converged,gyro_gain_x,39,1,38,0,1.0,1.9999999999999998,%
baseline,sphere_still,bias1_unsubtracted,converged,gyro_gain_y,39,15,23,1,0.9743589743589743,1.9999999999999998,%
baseline,sphere_still,bias1_unsubtracted,converged,gyro_gain_z,39,38,1,0,1.0,-1.9999999999999998,%
baseline,sphere_still,bias1_unsubtracted,converged,lever_x,39,18,20,1,0.9743589743589743,9.999999994371729,m
baseline,sphere_still,bias1_unsubtracted,converged,lever_y,39,11,23,5,0.8717948717948718,9.999999999998908,m
baseline,sphere_still,bias1_unsubtracted,converged,lever_z,39,21,6,12,0.6923076923076923,-9.999999998758394,m
baseline,sphere_still,bias1_unsubtracted,converged,position_x,39,1,6,32,0.1794871794871795,30.547795287181618,m
baseline,sphere_still,bias1_unsubtracted,converged,position_y,39,3,0,36,0.07692307692307693,-7.769152596622932,m
baseline,sphere_still,bias1_unsubtracted,converged,position_z,39,0,0,39,0.0,6.195680813360584,m
baseline,sphere_still,bias1_unsubtracted,converged,time_offset,39,11,21,7,0.8205128205128205,0.14999999999988503,s
baseline,sphere_still,bias1_unsubtracted,converged,velocity_x,39,0,0,39,0.0,-0.9010370715624685,m/s
baseline,sphere_still,bias1_unsubtracted,converged,velocity_y,39,0,0,39,0.0,0.7286849320648325,m/s
baseline,sphere_still,bias1_unsubtracted,converged,velocity_z,39,0,0,39,0.0,-0.06797135075378699,m/s
baseline,sphere_still,bias1_unsubtracted,unresolved,accel_bias_x,14,7,1,6,0.5714285714285714,-0.24343830264903576,m/s2
baseline,sphere_still,bias1_unsubtracted,unresolved,accel_bias_y,14,5,4,5,0.6428571428571429,-0.048277453547653795,m/s2
baseline,sphere_still,bias1_unsubtracted,unresolved,accel_bias_z,14,1,1,12,0.14285714285714285,-0.006531911591702265,m/s2
baseline,sphere_still,bias1_unsubtracted,unresolved,accel_gain_x,14,1,7,6,0.5714285714285714,14.909172451078005,%
baseline,sphere_still,bias1_unsubtracted,unresolved,accel_gain_y,14,8,2,4,0.7142857142857143,-14.999806919559202,%
baseline,sphere_still,bias1_unsubtracted,unresolved,accel_gain_z,14,0,0,14,0.0,0.22896654893217583,%
baseline,sphere_still,bias1_unsubtracted,unresolved,attitude_x,14,0,0,14,0.0,-1.1699067022653284,deg
baseline,sphere_still,bias1_unsubtracted,unresolved,attitude_y,14,0,0,14,0.0,0.6888154459773681,deg
baseline,sphere_still,bias1_unsubtracted,unresolved,attitude_z,14,0,0,14,0.0,44.0167651648645,deg
baseline,sphere_still,bias1_unsubtracted,unresolved,gravity_delta,14,10,1,3,0.7857142857142857,-0.04999980726776977,m/s2
baseline,sphere_still,bias1_unsubtracted,unresolved,gyro_bias_x,14,11,1,2,0.8571428571428571,-0.9999999999999999,deg/hour
baseline,sphere_still,bias1_unsubtracted,unresolved,gyro_bias_y,14,4,4,6,0.5714285714285714,0.3221167757345981,deg/hour
baseline,sphere_still,bias1_unsubtracted,unresolved,gyro_bias_z,14,11,3,0,1.0,-0.9999999999999999,deg/hour
baseline,sphere_still,bias1_unsubtracted,unresolved,gyro_gain_x,14,1,12,1,0.9285714285714286,1.9999999999945588,%
baseline,sphere_still,bias1_unsubtracted,unresolved,gyro_gain_y,14,6,7,1,0.9285714285714286,1.9645115976263794,%
baseline,sphere_still,bias1_unsubtracted,unresolved,gyro_gain_z,14,14,0,0,1.0,-1.9999999999999998,%
baseline,sphere_still,bias1_unsubtracted,unresolved,lever_x,14,8,5,1,0.9285714285714286,-9.999904815175238,m
baseline,sphere_still,bias1_unsubtracted,unresolved,lever_y,14,3,7,4,0.7142857142857143,9.879350082351415,m
baseline,sphere_still,bias1_unsubtracted,unresolved,lever_z,14,10,1,3,0.7857142857142857,-9.999999999999998,m
baseline,sphere_still,bias1_unsubtracted,unresolved,position_x,14,0,0,14,0.0,15.70288488238845,m
baseline,sphere_still,bias1_unsubtracted,unresolved,position_y,14,0,0,14,0.0,0.7063633369934019,m
baseline,sphere_still,bias1_unsubtracted,unresolved,position_z,14,0,0,14,0.0,9.931387125916418,m
baseline,sphere_still,bias1_unsubtracted,unresolved,time_offset,14,5,5,4,0.7142857142857143,-0.06632178945877434,s
baseline,sphere_still,bias1_unsubtracted,unresolved,velocity_x,14,0,0,14,0.0,-0.16517536310202305,m/s
baseline,sphere_still,bias1_unsubtracted,unresolved,velocity_y,14,0,0,14,0.0,0.45394317798469597,m/s
baseline,sphere_still,bias1_unsubtracted,unresolved,velocity_z,14,0,0,14,0.0,-0.09133774084045129,m/s
trial,all,all,all,accel_bias_x,12,5,1,6,0.5,-0.23693759024615824,m/s2
trial,all,all,all,accel_bias_y,12,2,4,6,0.5,-0.0037036893336633253,m/s2
trial,all,all,all,accel_bias_z,12,0,8,4,0.6666666666666666,0.2499999155423558,m/s2
trial,all,all,all,accel_gain_x,12,0,8,4,0.6666666666666666,14.999999999999996,%
trial,all,all,all,accel_gain_y,12,8,0,4,0.6666666666666666,-14.999999999999996,%
trial,all,all,all,accel_gain_z,12,0,0,12,0.0,1.857941542591095,%
trial,all,all,all,attitude_x,12,0,0,12,0.0,0.1748892752678906,deg
trial,all,all,all,attitude_y,12,0,0,12,0.0,0.547892965304447,deg
trial,all,all,all,attitude_z,12,0,0,12,0.0,49.31796787349644,deg
trial,all,all,all,earth_removal,6,4,1,1,0.8333333333333334,4.163336342344337e-16,fraction
trial,all,all,all,gravity_delta,12,7,3,2,0.8333333333333334,-0.0499999985675727,m/s2
trial,all,all,all,gyro_bias_x,12,6,0,6,0.5,-0.9986084511286037,deg/hour
trial,all,all,all,gyro_bias_y,12,1,7,4,0.6666666666666666,0.9999999999999999,deg/hour
trial,all,all,all,gyro_bias_z,12,7,5,0,1.0,-0.9999999999999999,deg/hour
trial,all,all,all,gyro_gain_x,12,2,6,4,0.6666666666666666,0.9883750234998635,%
trial,all,all,all,gyro_gain_y,12,8,0,4,0.6666666666666666,-1.9999999999999998,%
trial,all,all,all,gyro_gain_z,12,8,4,0,1.0,-1.9999999999999998,%
trial,all,all,all,lever_x,12,4,4,4,0.6666666666666666,0.14094295198461043,m
trial,all,all,all,lever_y,12,4,4,4,0.6666666666666666,-0.7337709034290052,m
trial,all,all,all,lever_z,12,4,0,8,0.3333333333333333,-5.748680214594473,m
trial,all,all,all,position_x,12,0,0,12,0.0,16.106825616034254,m
trial,all,all,all,position_y,12,0,2,10,0.16666666666666666,1.0515624515732254,m
trial,all,all,all,position_z,12,0,0,12,0.0,6.428166073242892,m
trial,all,all,all,time_offset,12,2,2,8,0.3333333333333333,0.017543592209453222,s
trial,all,all,all,velocity_x,12,0,0,12,0.0,-0.30972422032604674,m/s
trial,all,all,all,velocity_y,12,0,0,12,0.0,0.16394368532613884,m/s
trial,all,all,all,velocity_z,12,0,0,12,0.0,-0.35507906432680386,m/s
trial,flat_still,bias1_profiled_removal,all,accel_bias_x,2,1,1,0,1.0,0.0,m/s2
trial,flat_still,bias1_profiled_removal,all,accel_bias_y,2,1,1,0,1.0,0.0,m/s2
trial,flat_still,bias1_profiled_removal,all,accel_bias_z,2,0,2,0,1.0,0.24999997167556248,m/s2
trial,flat_still,bias1_profiled_removal,all,accel_gain_x,2,0,2,0,1.0,14.999999999999996,%
trial,flat_still,bias1_profiled_removal,all,accel_gain_y,2,2,0,0,1.0,-14.999999999999996,%
trial,flat_still,bias1_profiled_removal,all,accel_gain_z,2,0,0,2,0.0,2.313754952817833,%
trial,flat_still,bias1_profiled_removal,all,attitude_x,2,0,0,2,0.0,-0.5237686431466528,deg
trial,flat_still,bias1_profiled_removal,all,attitude_y,2,0,0,2,0.0,-0.27821722932117987,deg
trial,flat_still,bias1_profiled_removal,all,attitude_z,2,0,0,2,0.0,71.22071413181683,deg
trial,flat_still,bias1_profiled_removal,all,earth_removal,2,0,1,1,0.5,0.8741155248344469,fraction
trial,flat_still,bias1_profiled_removal,all,gravity_delta,2,1,1,0,1.0,0.0,m/s2
trial,flat_still,bias1_profiled_removal,all,gyro_bias_x,2,2,0,0,1.0,-0.9999999999999999,deg/hour
trial,flat_still,bias1_profiled_removal,all,gyro_bias_y,2,0,2,0,1.0,0.9999999999999999,deg/hour
trial,flat_still,bias1_profiled_removal,all,gyro_bias_z,2,1,1,0,1.0,0.0,deg/hour
trial,flat_still,bias1_profiled_removal,all,gyro_gain_x,2,0,2,0,1.0,1.9999999999999998,%
trial,flat_still,bias1_profiled_removal,all,gyro_gain_y,2,2,0,0,1.0,-1.9999999999999998,%
trial,flat_still,bias1_profiled_removal,all,gyro_gain_z,2,2,0,0,1.0,-1.9999999999999998,%
trial,flat_still,bias1_profiled_removal,all,lever_x,2,1,1,0,1.0,0.0,m
trial,flat_still,bias1_profiled_removal,all,lever_y,2,1,1,0,1.0,0.0,m
trial,flat_still,bias1_profiled_removal,all,lever_z,2,1,0,1,0.5,-6.630290965510015,m
trial,flat_still,bias1_profiled_removal,all,position_x,2,0,0,2,0.0,21.236422628863487,m
trial,flat_still,bias1_profiled_removal,all,position_y,2,0,1,1,0.5,28.905510501808013,m
trial,flat_still,bias1_profiled_removal,all,position_z,2,0,0,2,0.0,7.833255107433498,m
trial,flat_still,bias1_profiled_removal,all,time_offset,2,1,0,1,0.5,-0.010386916429502166,s
trial,flat_still,bias1_profiled_removal,all,velocity_x,2,0,0,2,0.0,-2.0970034218526483,m/s
trial,flat_still,bias1_profiled_removal,all,velocity_y,2,0,0,2,0.0,-1.7839730920617907,m/s
trial,flat_still,bias1_profiled_removal,all,velocity_z,2,0,0,2,0.0,-0.3839855796369184,m/s
trial,flat_still,bias1_profiled_removal,converged,accel_bias_x,2,1,1,0,1.0,0.0,m/s2
trial,flat_still,bias1_profiled_removal,converged,accel_bias_y,2,1,1,0,1.0,0.0,m/s2
trial,flat_still,bias1_profiled_removal,converged,accel_bias_z,2,0,2,0,1.0,0.24999997167556248,m/s2
trial,flat_still,bias1_profiled_removal,converged,accel_gain_x,2,0,2,0,1.0,14.999999999999996,%
trial,flat_still,bias1_profiled_removal,converged,accel_gain_y,2,2,0,0,1.0,-14.999999999999996,%
trial,flat_still,bias1_profiled_removal,converged,accel_gain_z,2,0,0,2,0.0,2.313754952817833,%
trial,flat_still,bias1_profiled_removal,converged,attitude_x,2,0,0,2,0.0,-0.5237686431466528,deg
trial,flat_still,bias1_profiled_removal,converged,attitude_y,2,0,0,2,0.0,-0.27821722932117987,deg
trial,flat_still,bias1_profiled_removal,converged,attitude_z,2,0,0,2,0.0,71.22071413181683,deg
trial,flat_still,bias1_profiled_removal,converged,earth_removal,2,0,1,1,0.5,0.8741155248344469,fraction
trial,flat_still,bias1_profiled_removal,converged,gravity_delta,2,1,1,0,1.0,0.0,m/s2
trial,flat_still,bias1_profiled_removal,converged,gyro_bias_x,2,2,0,0,1.0,-0.9999999999999999,deg/hour
trial,flat_still,bias1_profiled_removal,converged,gyro_bias_y,2,0,2,0,1.0,0.9999999999999999,deg/hour
trial,flat_still,bias1_profiled_removal,converged,gyro_bias_z,2,1,1,0,1.0,0.0,deg/hour
trial,flat_still,bias1_profiled_removal,converged,gyro_gain_x,2,0,2,0,1.0,1.9999999999999998,%
trial,flat_still,bias1_profiled_removal,converged,gyro_gain_y,2,2,0,0,1.0,-1.9999999999999998,%
trial,flat_still,bias1_profiled_removal,converged,gyro_gain_z,2,2,0,0,1.0,-1.9999999999999998,%
trial,flat_still,bias1_profiled_removal,converged,lever_x,2,1,1,0,1.0,0.0,m
trial,flat_still,bias1_profiled_removal,converged,lever_y,2,1,1,0,1.0,0.0,m
trial,flat_still,bias1_profiled_removal,converged,lever_z,2,1,0,1,0.5,-6.630290965510015,m
trial,flat_still,bias1_profiled_removal,converged,position_x,2,0,0,2,0.0,21.236422628863487,m
trial,flat_still,bias1_profiled_removal,converged,position_y,2,0,1,1,0.5,28.905510501808013,m
trial,flat_still,bias1_profiled_removal,converged,position_z,2,0,0,2,0.0,7.833255107433498,m
trial,flat_still,bias1_profiled_removal,converged,time_offset,2,1,0,1,0.5,-0.010386916429502166,s
trial,flat_still,bias1_profiled_removal,converged,velocity_x,2,0,0,2,0.0,-2.0970034218526483,m/s
trial,flat_still,bias1_profiled_removal,converged,velocity_y,2,0,0,2,0.0,-1.7839730920617907,m/s
trial,flat_still,bias1_profiled_removal,converged,velocity_z,2,0,0,2,0.0,-0.3839855796369184,m/s
trial,flat_still,bias1_unsubtracted,all,accel_bias_x,2,2,0,0,1.0,-0.24999999999999997,m/s2
trial,flat_still,bias1_unsubtracted,all,accel_bias_y,2,1,1,0,1.0,0.0,m/s2
trial,flat_still,bias1_unsubtracted,all,accel_bias_z,2,0,2,0,1.0,0.24999997723783057,m/s2
trial,flat_still,bias1_unsubtracted,all,accel_gain_x,2,0,2,0,1.0,14.999999999999996,%
trial,flat_still,bias1_unsubtracted,all,accel_gain_y,2,2,0,0,1.0,-14.999999999999996,%
trial,flat_still,bias1_unsubtracted,all,accel_gain_z,2,0,0,2,0.0,2.8677170709620476,%
trial,flat_still,bias1_unsubtracted,all,attitude_x,2,0,0,2,0.0,-1.6289167499359851,deg
trial,flat_still,bias1_unsubtracted,all,attitude_y,2,0,0,2,0.0,0.9420565927800241,deg
trial,flat_still,bias1_unsubtracted,all,attitude_z,2,0,0,2,0.0,81.48783071045793,deg
trial,flat_still,bias1_unsubtracted,all,gravity_delta,2,2,0,0,1.0,-0.049999999999999996,m/s2
trial,flat_still,bias1_unsubtracted,all,gyro_bias_x,2,2,0,0,1.0,-0.9999999999999999,deg/hour
trial,flat_still,bias1_unsubtracted,all,gyro_bias_y,2,1,1,0,1.0,0.0,deg/hour
trial,flat_still,bias1_unsubtracted,all,gyro_bias_z,2,2,0,0,1.0,-0.9999999999999999,deg/hour
trial,flat_still,bias1_unsubtracted,all,gyro_gain_x,2,0,2,0,1.0,1.9999999999999998,%
trial,flat_still,bias1_unsubtracted,all,gyro_gain_y,2,2,0,0,1.0,-1.9999999999999998,%
trial,flat_still,bias1_unsubtracted,all,gyro_gain_z,2,2,0,0,1.0,-1.9999999999999998,%
trial,flat_still,bias1_unsubtracted,all,lever_x,2,1,1,0,1.0,0.0,m
trial,flat_still,bias1_unsubtracted,all,lever_y,2,1,1,0,1.0,0.0,m
trial,flat_still,bias1_unsubtracted,all,lever_z,2,1,0,1,0.5,-6.8614796159051865,m
trial,flat_still,bias1_unsubtracted,all,position_x,2,0,0,2,0.0,0.45589306009130226,m
trial,flat_still,bias1_unsubtracted,all,position_y,2,0,1,1,0.5,78.35229590572999,m
trial,flat_still,bias1_unsubtracted,all,position_z,2,0,0,2,0.0,7.622734383793009,m
trial,flat_still,bias1_unsubtracted,all,time_offset,2,1,0,1,0.5,-0.09294258264189288,s
trial,flat_still,bias1_unsubtracted,all,velocity_x,2,0,0,2,0.0,-2.01462131934319,m/s
trial,flat_still,bias1_unsubtracted,all,velocity_y,2,0,0,2,0.0,-6.842051845691775,m/s
trial,flat_still,bias1_unsubtracted,all,velocity_z,2,0,0,2,0.0,-0.34840447580941986,m/s
trial,flat_still,bias1_unsubtracted,converged,accel_bias_x,2,2,0,0,1.0,-0.24999999999999997,m/s2
trial,flat_still,bias1_unsubtracted,converged,accel_bias_y,2,1,1,0,1.0,0.0,m/s2
trial,flat_still,bias1_unsubtracted,converged,accel_bias_z,2,0,2,0,1.0,0.24999997723783057,m/s2
trial,flat_still,bias1_unsubtracted,converged,accel_gain_x,2,0,2,0,1.0,14.999999999999996,%
trial,flat_still,bias1_unsubtracted,converged,accel_gain_y,2,2,0,0,1.0,-14.999999999999996,%
trial,flat_still,bias1_unsubtracted,converged,accel_gain_z,2,0,0,2,0.0,2.8677170709620476,%
trial,flat_still,bias1_unsubtracted,converged,attitude_x,2,0,0,2,0.0,-1.6289167499359851,deg
trial,flat_still,bias1_unsubtracted,converged,attitude_y,2,0,0,2,0.0,0.9420565927800241,deg
trial,flat_still,bias1_unsubtracted,converged,attitude_z,2,0,0,2,0.0,81.48783071045793,deg
trial,flat_still,bias1_unsubtracted,converged,gravity_delta,2,2,0,0,1.0,-0.049999999999999996,m/s2
trial,flat_still,bias1_unsubtracted,converged,gyro_bias_x,2,2,0,0,1.0,-0.9999999999999999,deg/hour
trial,flat_still,bias1_unsubtracted,converged,gyro_bias_y,2,1,1,0,1.0,0.0,deg/hour
trial,flat_still,bias1_unsubtracted,converged,gyro_bias_z,2,2,0,0,1.0,-0.9999999999999999,deg/hour
trial,flat_still,bias1_unsubtracted,converged,gyro_gain_x,2,0,2,0,1.0,1.9999999999999998,%
trial,flat_still,bias1_unsubtracted,converged,gyro_gain_y,2,2,0,0,1.0,-1.9999999999999998,%
trial,flat_still,bias1_unsubtracted,converged,gyro_gain_z,2,2,0,0,1.0,-1.9999999999999998,%
trial,flat_still,bias1_unsubtracted,converged,lever_x,2,1,1,0,1.0,0.0,m
trial,flat_still,bias1_unsubtracted,converged,lever_y,2,1,1,0,1.0,0.0,m
trial,flat_still,bias1_unsubtracted,converged,lever_z,2,1,0,1,0.5,-6.8614796159051865,m
trial,flat_still,bias1_unsubtracted,converged,position_x,2,0,0,2,0.0,0.45589306009130226,m
trial,flat_still,bias1_unsubtracted,converged,position_y,2,0,1,1,0.5,78.35229590572999,m
trial,flat_still,bias1_unsubtracted,converged,position_z,2,0,0,2,0.0,7.622734383793009,m
trial,flat_still,bias1_unsubtracted,converged,time_offset,2,1,0,1,0.5,-0.09294258264189288,s
trial,flat_still,bias1_unsubtracted,converged,velocity_x,2,0,0,2,0.0,-2.01462131934319,m/s
trial,flat_still,bias1_unsubtracted,converged,velocity_y,2,0,0,2,0.0,-6.842051845691775,m/s
trial,flat_still,bias1_unsubtracted,converged,velocity_z,2,0,0,2,0.0,-0.34840447580941986,m/s
trial,sphere_rotating,bias1_profiled_removal,all,accel_bias_x,2,0,0,2,0.0,0.0029754134494975647,m/s2
trial,sphere_rotating,bias1_profiled_removal,all,accel_bias_y,2,0,0,2,0.0,-0.0037036893927606057,m/s2
trial,sphere_rotating,bias1_profiled_removal,all,accel_bias_z,2,0,0,2,0.0,0.05537737721159777,m/s2
trial,sphere_rotating,bias1_profiled_removal,all,accel_gain_x,2,0,0,2,0.0,-0.19863875736032324,%
trial,sphere_rotating,bias1_profiled_removal,all,accel_gain_y,2,0,0,2,0.0,-2.3916061278921306,%
trial,sphere_rotating,bias1_profiled_removal,all,accel_gain_z,2,0,0,2,0.0,0.7019334855037975,%
trial,sphere_rotating,bias1_profiled_removal,all,attitude_x,2,0,0,2,0.0,0.17488927499999862,deg
trial,sphere_rotating,bias1_profiled_removal,all,attitude_y,2,0,0,2,0.0,-0.1479381914379008,deg
trial,sphere_rotating,bias1_profiled_removal,all,attitude_z,2,0,0,2,0.0,4.970675781073943,deg
trial,sphere_rotating,bias1_profiled_removal,all,earth_removal,2,2,0,0,1.0,4.163336342344337e-16,fraction
trial,sphere_rotating,bias1_profiled_removal,all,gravity_delta,2,1,0,1,0.5,-0.04276834416014488,m/s2
trial,sphere_rotating,bias1_profiled_removal,all,gyro_bias_x,2,0,0,2,0.0,-0.05483404332740296,deg/hour
trial,sphere_rotating,bias1_profiled_removal,all,gyro_bias_y,2,0,0,2,0.0,0.02346499189927278,deg/hour
trial,sphere_rotating,bias1_profiled_removal,all,gyro_bias_z,2,0,2,0,1.0,0.9999999999999999,deg/hour
trial,sphere_rotating,bias1_profiled_removal,all,gyro_gain_x,2,0,0,2,0.0,-0.2169322488814914,%
trial,sphere_rotating,bias1_profiled_removal,all,gyro_gain_y,2,0,0,2,0.0,0.4277801472061452,%
trial,sphere_rotating,bias1_profiled_removal,all,gyro_gain_z,2,1,1,0,1.0,0.0,%
trial,sphere_rotating,bias1_profiled_removal,all,lever_x,2,0,0,2,0.0,0.23996829000197695,m
trial,sphere_rotating,bias1_profiled_removal,all,lever_y,2,0,0,2,0.0,-0.7340147691401215,m
trial,sphere_rotating,bias1_profiled_removal,all,lever_z,2,0,0,2,0.0,-2.023066134915819,m
trial,sphere_rotating,bias1_profiled_removal,all,position_x,2,0,0,2,0.0,2.56377756658341,m
trial,sphere_rotating,bias1_profiled_removal,all,position_y,2,0,0,2,0.0,0.1057762936086728,m
trial,sphere_rotating,bias1_profiled_removal,all,position_z,2,0,0,2,0.0,3.1270557070141694,m
trial,sphere_rotating,bias1_profiled_removal,all,time_offset,2,0,0,2,0.0,0.010277169090547513,s
trial,sphere_rotating,bias1_profiled_removal,all,velocity_x,2,0,0,2,0.0,0.07327338330705747,m/s
trial,sphere_rotating,bias1_profiled_removal,all,velocity_y,2,0,0,2,0.0,0.302383882392335,m/s
trial,sphere_rotating,bias1_profiled_removal,all,velocity_z,2,0,0,2,0.0,-0.3569130923082873,m/s
trial,sphere_rotating,bias1_profiled_removal,converged,accel_bias_x,1,0,0,1,0.0,0.0021348563284752276,m/s2
trial,sphere_rotating,bias1_profiled_removal,converged,accel_bias_y,1,0,0,1,0.0,-0.004323727772442397,m/s2
trial,sphere_rotating,bias1_profiled_removal,converged,accel_bias_z,1,0,0,1,0.0,-0.006636312131612447,m/s2
trial,sphere_rotating,bias1_profiled_removal,converged,accel_gain_x,1,0,0,1,0.0,-0.019875506607026132,%
trial,sphere_rotating,bias1_profiled_removal,converged,accel_gain_y,1,0,0,1,0.0,1.8458405992280875,%
trial,sphere_rotating,bias1_profiled_removal,converged,accel_gain_z,1,0,0,1,0.0,0.1450404709886878,%
trial,sphere_rotating,bias1_profiled_removal,converged,attitude_x,1,0,0,1,0.0,0.16279071432744116,deg
trial,sphere_rotating,bias1_profiled_removal,converged,attitude_y,1,0,0,1,0.0,-0.3376975046678896,deg
trial,sphere_rotating,bias1_profiled_removal,converged,attitude_z,1,0,0,1,0.0,6.666030803564158,deg
trial,sphere_rotating,bias1_profiled_removal,converged,earth_removal,1,1,0,0,1.0,5.551115123125783e-17,fraction
trial,sphere_rotating,bias1_profiled_removal,converged,gravity_delta,1,1,0,0,1.0,-0.04999999999325243,m/s2
trial,sphere_rotating,bias1_profiled_removal,converged,gyro_bias_x,1,0,0,1,0.0,-0.056929909204641464,deg/hour
trial,sphere_rotating,bias1_profiled_removal,converged,gyro_bias_y,1,0,0,1,0.0,0.016745197204442036,deg/hour
trial,sphere_rotating,bias1_profiled_removal,converged,gyro_bias_z,1,0,1,0,1.0,0.9999999999999999,deg/hour
trial,sphere_rotating,bias1_profiled_removal,converged,gyro_gain_x,1,0,0,1,0.0,-0.023249972594357963,%
trial,sphere_rotating,bias1_profiled_removal,converged,gyro_gain_y,1,0,0,1,0.0,-0.1437652027746947,%
trial,sphere_rotating,bias1_profiled_removal,converged,gyro_gain_z,1,1,0,0,1.0,-1.9999999999999998,%
trial,sphere_rotating,bias1_profiled_removal,converged,lever_x,1,0,0,1,0.0,-0.14546692045608553,m
trial,sphere_rotating,bias1_profiled_removal,converged,lever_y,1,0,0,1,0.0,-0.6335030793073606,m
trial,sphere_rotating,bias1_profiled_removal,converged,lever_z,1,0,0,1,0.0,-2.147652490206987,m
trial,sphere_rotating,bias1_profiled_removal,converged,position_x,1,0,0,1,0.0,0.6327855523298839,m
trial,sphere_rotating,bias1_profiled_removal,converged,position_y,1,0,0,1,0.0,-0.8482850991676603,m
trial,sphere_rotating,bias1_profiled_removal,converged,position_z,1,0,0,1,0.0,3.1467393663795216,m
trial,sphere_rotating,bias1_profiled_removal,converged,time_offset,1,0,0,1,0.0,0.0034105459824911436,s
trial,sphere_rotating,bias1_profiled_removal,converged,velocity_x,1,0,0,1,0.0,0.19896304190464373,m/s
trial,sphere_rotating,bias1_profiled_removal,converged,velocity_y,1,0,0,1,0.0,0.43261045167255563,m/s
trial,sphere_rotating,bias1_profiled_removal,converged,velocity_z,1,0,0,1,0.0,-0.39398790653217214,m/s
trial,sphere_rotating,bias1_profiled_removal,unresolved,accel_bias_x,1,0,0,1,0.0,0.0038159705705199023,m/s2
trial,sphere_rotating,bias1_profiled_removal,unresolved,accel_bias_y,1,0,0,1,0.0,-0.0030836510130788147,m/s2
trial,sphere_rotating,bias1_profiled_removal,unresolved,accel_bias_z,1,0,0,1,0.0,0.117391066554808,m/s2
trial,sphere_rotating,bias1_profiled_removal,unresolved,accel_gain_x,1,0,0,1,0.0,-0.37740200811362035,%
trial,sphere_rotating,bias1_profiled_removal,unresolved,accel_gain_y,1,0,0,1,0.0,-6.629052855012349,%
trial,sphere_rotating,bias1_profiled_removal,unresolved,accel_gain_z,1,0,0,1,0.0,1.2588265000189072,%
trial,sphere_rotating,bias1_profiled_removal,unresolved,attitude_x,1,0,0,1,0.0,0.18698783567255609,deg
trial,sphere_rotating,bias1_profiled_removal,unresolved,attitude_y,1,0,0,1,0.0,0.04182112179208802,deg
trial,sphere_rotating,bias1_profiled_removal,unresolved,attitude_z,1,0,0,1,0.0,3.275320758583728,deg
trial,sphere_rotating,bias1_profiled_removal,unresolved,earth_removal,1,1,0,0,1.0,7.771561172376096e-16,fraction
trial,sphere_rotating,bias1_profiled_removal,unresolved,gravity_delta,1,0,0,1,0.0,-0.035536688327037345,m/s2
trial,sphere_rotating,bias1_profiled_removal,unresolved,gyro_bias_x,1,0,0,1,0.0,-0.05273817745016445,deg/hour
trial,sphere_rotating,bias1_profiled_removal,unresolved,gyro_bias_y,1,0,0,1,0.0,0.030184786594103518,deg/hour
trial,sphere_rotating,bias1_profiled_removal,unresolved,gyro_bias_z,1,0,1,0,1.0,0.9999999999999999,deg/hour
trial,sphere_rotating,bias1_profiled_removal,unresolved,gyro_gain_x,1,0,0,1,0.0,-0.41061452516862484,%
trial,sphere_rotating,bias1_profiled_removal,unresolved,gyro_gain_y,1,0,0,1,0.0,0.9993254971869852,%
trial,sphere_rotating,bias1_profiled_removal,unresolved,gyro_gain_z,1,0,1,0,1.0,1.9999999999999998,%
trial,sphere_rotating,bias1_profiled_removal,unresolved,lever_x,1,0,0,1,0.0,0.6254035004600395,m
trial,sphere_rotating,bias1_profiled_removal,unresolved,lever_y,1,0,0,1,0.0,-0.8345264589728824,m
trial,sphere_rotating,bias1_profiled_removal,unresolved,lever_z,1,0,0,1,0.0,-1.898479779624651,m
trial,sphere_rotating,bias1_profiled_removal,unresolved,position_x,1,0,0,1,0.0,4.494769580836936,m
trial,sphere_rotating,bias1_profiled_removal,unresolved,position_y,1,0,0,1,0.0,1.0598376863850059,m
trial,sphere_rotating,bias1_profiled_removal,unresolved,position_z,1,0,0,1,0.0,3.107372047648817,m
trial,sphere_rotating,bias1_profiled_removal,unresolved,time_offset,1,0,0,1,0.0,0.01714379219860388,s
trial,sphere_rotating,bias1_profiled_removal,unresolved,velocity_x,1,0,0,1,0.0,-0.05241627529052878,m/s
trial,sphere_rotating,bias1_profiled_removal,unresolved,velocity_y,1,0,0,1,0.0,0.17215731311211435,m/s
trial,sphere_rotating,bias1_profiled_removal,unresolved,velocity_z,1,0,0,1,0.0,-0.3198382780844025,m/s
trial,sphere_rotating,bias1_unsubtracted,all,accel_bias_x,2,0,0,2,0.0,0.0032040924141217312,m/s2
trial,sphere_rotating,bias1_unsubtracted,all,accel_bias_y,2,0,0,2,0.0,-0.003622682423763034,m/s2
trial,sphere_rotating,bias1_unsubtracted,all,accel_bias_z,2,0,0,2,0.0,0.06574731946763898,m/s2
trial,sphere_rotating,bias1_unsubtracted,all,accel_gain_x,2,0,0,2,0.0,-0.19826319110174911,%
trial,sphere_rotating,bias1_unsubtracted,all,accel_gain_y,2,0,0,2,0.0,-2.2883404496437763,%
trial,sphere_rotating,bias1_unsubtracted,all,accel_gain_z,2,0,0,2,0.0,0.8541652894217712,%
trial,sphere_rotating,bias1_unsubtracted,all,attitude_x,2,0,0,2,0.0,0.17530959445569255,deg
trial,sphere_rotating,bias1_unsubtracted,all,attitude_y,2,0,0,2,0.0,-0.14880137205793442,deg
trial,sphere_rotating,bias1_unsubtracted,all,attitude_z,2,0,0,2,0.0,4.97233936026303,deg
trial,sphere_rotating,bias1_unsubtracted,all,gravity_delta,2,1,0,1,0.5,-0.04720926201778844,m/s2
trial,sphere_rotating,bias1_unsubtracted,all,gyro_bias_x,2,0,0,2,0.0,-0.0575535701997231,deg/hour
trial,sphere_rotating,bias1_unsubtracted,all,gyro_bias_y,2,0,0,2,0.0,0.021490916879022146,deg/hour
trial,sphere_rotating,bias1_unsubtracted,all,gyro_bias_z,2,0,2,0,1.0,0.9999999999999999,deg/hour
trial,sphere_rotating,bias1_unsubtracted,all,gyro_gain_x,2,0,0,2,0.0,-0.2511655472850215,%
trial,sphere_rotating,bias1_unsubtracted,all,gyro_gain_y,2,0,0,2,0.0,0.3776777374556629,%
trial,sphere_rotating,bias1_unsubtracted,all,gyro_gain_z,2,1,1,0,1.0,0.0,%
trial,sphere_rotating,bias1_unsubtracted,all,lever_x,2,0,0,2,0.0,0.14094289650885317,m
trial,sphere_rotating,bias1_unsubtracted,all,lever_y,2,0,0,2,0.0,-0.7337709034290052,m
trial,sphere_rotating,bias1_unsubtracted,all,lever_z,2,0,0,2,0.0,-2.0203801843064864,m
trial,sphere_rotating,bias1_unsubtracted,all,position_x,2,0,0,2,0.0,2.559618560219943,m
trial,sphere_rotating,bias1_unsubtracted,all,position_y,2,0,0,2,0.0,0.0975010777097301,m
trial,sphere_rotating,bias1_unsubtracted,all,position_z,2,0,0,2,0.0,3.1205379991277766,m
trial,sphere_rotating,bias1_unsubtracted,all,time_offset,2,0,0,2,0.0,0.01067696953088616,s
trial,sphere_rotating,bias1_unsubtracted,all,velocity_x,2,0,0,2,0.0,0.07326864598495937,m/s
trial,sphere_rotating,bias1_unsubtracted,all,velocity_y,2,0,0,2,0.0,0.3023744072214317,m/s
trial,sphere_rotating,bias1_unsubtracted,all,velocity_z,2,0,0,2,0.0,-0.3563504306444327,m/s
trial,sphere_rotating,bias1_unsubtracted,converged,accel_bias_x,2,0,0,2,0.0,0.0032040924141217312,m/s2
trial,sphere_rotating,bias1_unsubtracted,converged,accel_bias_y,2,0,0,2,0.0,-0.003622682423763034,m/s2
trial,sphere_rotating,bias1_unsubtracted,converged,accel_bias_z,2,0,0,2,0.0,0.06574731946763898,m/s2
trial,sphere_rotating,bias1_unsubtracted,converged,accel_gain_x,2,0,0,2,0.0,-0.19826319110174911,%
trial,sphere_rotating,bias1_unsubtracted,converged,accel_gain_y,2,0,0,2,0.0,-2.2883404496437763,%
trial,sphere_rotating,bias1_unsubtracted,converged,accel_gain_z,2,0,0,2,0.0,0.8541652894217712,%
trial,sphere_rotating,bias1_unsubtracted,converged,attitude_x,2,0,0,2,0.0,0.17530959445569255,deg
trial,sphere_rotating,bias1_unsubtracted,converged,attitude_y,2,0,0,2,0.0,-0.14880137205793442,deg
trial,sphere_rotating,bias1_unsubtracted,converged,attitude_z,2,0,0,2,0.0,4.97233936026303,deg
trial,sphere_rotating,bias1_unsubtracted,converged,gravity_delta,2,1,0,1,0.5,-0.04720926201778844,m/s2
trial,sphere_rotating,bias1_unsubtracted,converged,gyro_bias_x,2,0,0,2,0.0,-0.0575535701997231,deg/hour
trial,sphere_rotating,bias1_unsubtracted,converged,gyro_bias_y,2,0,0,2,0.0,0.021490916879022146,deg/hour
trial,sphere_rotating,bias1_unsubtracted,converged,gyro_bias_z,2,0,2,0,1.0,0.9999999999999999,deg/hour
trial,sphere_rotating,bias1_unsubtracted,converged,gyro_gain_x,2,0,0,2,0.0,-0.2511655472850215,%
trial,sphere_rotating,bias1_unsubtracted,converged,gyro_gain_y,2,0,0,2,0.0,0.3776777374556629,%
trial,sphere_rotating,bias1_unsubtracted,converged,gyro_gain_z,2,1,1,0,1.0,0.0,%
trial,sphere_rotating,bias1_unsubtracted,converged,lever_x,2,0,0,2,0.0,0.14094289650885317,m
trial,sphere_rotating,bias1_unsubtracted,converged,lever_y,2,0,0,2,0.0,-0.7337709034290052,m
trial,sphere_rotating,bias1_unsubtracted,converged,lever_z,2,0,0,2,0.0,-2.0203801843064864,m
trial,sphere_rotating,bias1_unsubtracted,converged,position_x,2,0,0,2,0.0,2.559618560219943,m
trial,sphere_rotating,bias1_unsubtracted,converged,position_y,2,0,0,2,0.0,0.0975010777097301,m
trial,sphere_rotating,bias1_unsubtracted,converged,position_z,2,0,0,2,0.0,3.1205379991277766,m
trial,sphere_rotating,bias1_unsubtracted,converged,time_offset,2,0,0,2,0.0,0.01067696953088616,s
trial,sphere_rotating,bias1_unsubtracted,converged,velocity_x,2,0,0,2,0.0,0.07326864598495937,m/s
trial,sphere_rotating,bias1_unsubtracted,converged,velocity_y,2,0,0,2,0.0,0.3023744072214317,m/s
trial,sphere_rotating,bias1_unsubtracted,converged,velocity_z,2,0,0,2,0.0,-0.3563504306444327,m/s
trial,sphere_still,bias1_profiled_removal,all,accel_bias_x,2,1,0,1,0.5,-0.2433581371326588,m/s2
trial,sphere_still,bias1_profiled_removal,all,accel_bias_y,2,0,1,1,0.5,0.07795749469128296,m/s2
trial,sphere_still,bias1_profiled_removal,all,accel_bias_z,2,0,2,0,1.0,0.24999994375011753,m/s2
trial,sphere_still,bias1_profiled_removal,all,accel_gain_x,2,0,2,0,1.0,14.999999999999996,%
trial,sphere_still,bias1_profiled_removal,all,accel_gain_y,2,2,0,0,1.0,-14.999999999999996,%
trial,sphere_still,bias1_profiled_removal,all,accel_gain_z,2,0,0,2,0.0,2.4233658374341323,%
trial,sphere_still,bias1_profiled_removal,all,attitude_x,2,0,0,2,0.0,-0.6302151325085867,deg
trial,sphere_still,bias1_profiled_removal,all,attitude_y,2,0,0,2,0.0,1.37381134944008,deg
trial,sphere_still,bias1_profiled_removal,all,attitude_z,2,0,0,2,0.0,50.45811996530463,deg
trial,sphere_still,bias1_profiled_removal,all,earth_removal,2,2,0,0,1.0,5.551115123125783e-17,fraction
trial,sphere_still,bias1_profiled_removal,all,gravity_delta,2,1,1,0,1.0,0.0,m/s2
trial,sphere_still,bias1_profiled_removal,all,gyro_bias_x,2,1,0,1,0.5,-0.9986084511286037,deg/hour
trial,sphere_still,bias1_profiled_removal,all,gyro_bias_y,2,0,2,0,1.0,0.9999999999999999,deg/hour
trial,sphere_still,bias1_profiled_removal,all,gyro_bias_z,2,2,0,0,1.0,-0.9999999999999999,deg/hour
trial,sphere_still,bias1_profiled_removal,all,gyro_gain_x,2,1,1,0,1.0,0.0,%
trial,sphere_still,bias1_profiled_removal,all,gyro_gain_y,2,2,0,0,1.0,-1.9999999999999998,%
trial,sphere_still,bias1_profiled_removal,all,gyro_gain_z,2,1,1,0,1.0,0.0,%
trial,sphere_still,bias1_profiled_removal,all,lever_x,2,1,1,0,1.0,0.0,m
trial,sphere_still,bias1_profiled_removal,all,lever_y,2,1,1,0,1.0,0.0,m
trial,sphere_still,bias1_profiled_removal,all,lever_z,2,1,0,1,0.5,-8.887200598689285,m
trial,sphere_still,bias1_profiled_removal,all,position_x,2,0,0,2,0.0,33.787405632357455,m
trial,sphere_still,bias1_profiled_removal,all,position_y,2,0,0,2,0.0,4.968744599277313,m
trial,sphere_still,bias1_profiled_removal,all,position_z,2,0,0,2,0.0,9.603102637565858,m
trial,sphere_still,bias1_profiled_removal,all,time_offset,2,0,1,1,0.5,0.13179564998325094,s
trial,sphere_still,bias1_profiled_removal,all,velocity_x,2,0,0,2,0.0,-0.6733223673636972,m/s
trial,sphere_still,bias1_profiled_removal,all,velocity_y,2,0,0,2,0.0,0.9540034056590532,m/s
trial,sphere_still,bias1_profiled_removal,all,velocity_z,2,0,0,2,0.0,-0.3352880511989065,m/s
trial,sphere_still,bias1_profiled_removal,converged,accel_bias_x,1,1,0,0,1.0,-0.24999999999999997,m/s2
trial,sphere_still,bias1_profiled_removal,converged,accel_bias_y,1,0,1,0,1.0,0.24999999999999997,m/s2
trial,sphere_still,bias1_profiled_removal,converged,accel_bias_z,1,0,1,0,1.0,0.24999999999202013,m/s2
trial,sphere_still,bias1_profiled_removal,converged,accel_gain_x,1,0,1,0,1.0,14.999999999999996,%
trial,sphere_still,bias1_profiled_removal,converged,accel_gain_y,1,1,0,0,1.0,-14.999999999999996,%
trial,sphere_still,bias1_profiled_removal,converged,accel_gain_z,1,0,0,1,0.0,2.988842970457586,%
trial,sphere_still,bias1_profiled_removal,converged,attitude_x,1,0,0,1,0.0,0.7759203958424464,deg
trial,sphere_still,bias1_profiled_removal,converged,attitude_y,1,0,0,1,0.0,1.6936578900633543,deg
trial,sphere_still,bias1_profiled_removal,converged,attitude_z,1,0,0,1,0.0,45.07412861489289,deg
trial,sphere_still,bias1_profiled_removal,converged,earth_removal,1,1,0,0,1.0,5.551115123125783e-17,fraction
trial,sphere_still,bias1_profiled_removal,converged,gravity_delta,1,1,0,0,1.0,-0.049999999999999996,m/s2
trial,sphere_still,bias1_profiled_removal,converged,gyro_bias_x,1,0,0,1,0.0,-0.9972169022572077,deg/hour
trial,sphere_still,bias1_profiled_removal,converged,gyro_bias_y,1,0,1,0,1.0,0.9999999999999999,deg/hour
trial,sphere_still,bias1_profiled_removal,converged,gyro_bias_z,1,1,0,0,1.0,-0.9999999999999999,deg/hour
trial,sphere_still,bias1_profiled_removal,converged,gyro_gain_x,1,1,0,0,1.0,-1.9999999999999998,%
trial,sphere_still,bias1_profiled_removal,converged,gyro_gain_y,1,1,0,0,1.0,-1.9999999999999998,%
trial,sphere_still,bias1_profiled_removal,converged,gyro_gain_z,1,1,0,0,1.0,-1.9999999999999998,%
trial,sphere_still,bias1_profiled_removal,converged,lever_x,1,1,0,0,1.0,-9.999999999999998,m
trial,sphere_still,bias1_profiled_removal,converged,lever_y,1,0,1,0,1.0,9.999999999999998,m
trial,sphere_still,bias1_profiled_removal,converged,lever_z,1,0,0,1,0.0,-7.774401197378572,m
trial,sphere_still,bias1_profiled_removal,converged,position_x,1,0,0,1,0.0,27.71888165123157,m
trial,sphere_still,bias1_profiled_removal,converged,position_y,1,0,0,1,0.0,-7.769152623577695,m
trial,sphere_still,bias1_profiled_removal,converged,position_z,1,0,0,1,0.0,8.029577289938592,m
trial,sphere_still,bias1_profiled_removal,converged,time_offset,1,0,1,0,1.0,0.14999999999999997,s
trial,sphere_still,bias1_profiled_removal,converged,velocity_x,1,0,0,1,0.0,-0.9821142218292517,m/s
trial,sphere_still,bias1_profiled_removal,converged,velocity_y,1,0,0,1,0.0,1.7524250471360552,m/s
trial,sphere_still,bias1_profiled_removal,converged,velocity_z,1,0,0,1,0.0,-0.3669821143134356,m/s
trial,sphere_still,bias1_profiled_removal,unresolved,accel_bias_x,1,0,0,1,0.0,-0.2367162742653176,m/s2
trial,sphere_still,bias1_profiled_removal,unresolved,accel_bias_y,1,0,0,1,0.0,-0.09408501061743405,m/s2
trial,sphere_still,bias1_profiled_removal,unresolved,accel_bias_z,1,0,1,0,1.0,0.24999988750821495,m/s2
trial,sphere_still,bias1_profiled_removal,unresolved,accel_gain_x,1,0,1,0,1.0,14.999999999999996,%
trial,sphere_still,bias1_profiled_removal,unresolved,accel_gain_y,1,1,0,0,1.0,-14.999999999999996,%
trial,sphere_still,bias1_profiled_removal,unresolved,accel_gain_z,1,0,0,1,0.0,1.8578887044106782,%
trial,sphere_still,bias1_profiled_removal,unresolved,attitude_x,1,0,0,1,0.0,-2.03635066085962,deg
trial,sphere_still,bias1_profiled_removal,unresolved,attitude_y,1,0,0,1,0.0,1.0539648088168059,deg
trial,sphere_still,bias1_profiled_removal,unresolved,attitude_z,1,0,0,1,0.0,55.84211131571638,deg
trial,sphere_still,bias1_profiled_removal,unresolved,earth_removal,1,1,0,0,1.0,5.551115123125783e-17,fraction
trial,sphere_still,bias1_profiled_removal,unresolved,gravity_delta,1,0,1,0,1.0,0.049999999999999996,m/s2
trial,sphere_still,bias1_profiled_removal,unresolved,gyro_bias_x,1,1,0,0,1.0,-0.9999999999999999,deg/hour
trial,sphere_still,bias1_profiled_removal,unresolved,gyro_bias_y,1,0,1,0,1.0,0.9999999999999999,deg/hour
trial,sphere_still,bias1_profiled_removal,unresolved,gyro_bias_z,1,1,0,0,1.0,-0.9999999999999999,deg/hour
trial,sphere_still,bias1_profiled_removal,unresolved,gyro_gain_x,1,0,1,0,1.0,1.9999999999999998,%
trial,sphere_still,bias1_profiled_removal,unresolved,gyro_gain_y,1,1,0,0,1.0,-1.9999999999999998,%
trial,sphere_still,bias1_profiled_removal,unresolved,gyro_gain_z,1,0,1,0,1.0,1.9999999999999998,%
trial,sphere_still,bias1_profiled_removal,unresolved,lever_x,1,0,1,0,1.0,9.999999999999998,m
trial,sphere_still,bias1_profiled_removal,unresolved,lever_y,1,1,0,0,1.0,-9.999999999999998,m
trial,sphere_still,bias1_profiled_removal,unresolved,lever_z,1,1,0,0,1.0,-9.999999999999998,m
trial,sphere_still,bias1_profiled_removal,unresolved,position_x,1,0,0,1,0.0,39.85592961348334,m
trial,sphere_still,bias1_profiled_removal,unresolved,position_y,1,0,0,1,0.0,17.706641822132323,m
trial,sphere_still,bias1_profiled_removal,unresolved,position_z,1,0,0,1,0.0,11.176627985193123,m
trial,sphere_still,bias1_profiled_removal,unresolved,time_offset,1,0,0,1,0.0,0.11359129996650194,s
trial,sphere_still,bias1_profiled_removal,unresolved,velocity_x,1,0,0,1,0.0,-0.36453051289814264,m/s
trial,sphere_still,bias1_profiled_removal,unresolved,velocity_y,1,0,0,1,0.0,0.15558176418205127,m/s
trial,sphere_still,bias1_profiled_removal,unresolved,velocity_z,1,0,0,1,0.0,-0.3035939880843774,m/s
trial,sphere_still,bias1_unsubtracted,all,accel_bias_x,2,1,0,1,0.5,-0.2435794531134994,m/s2
trial,sphere_still,bias1_unsubtracted,all,accel_bias_y,2,0,1,1,0.5,0.07820520297008934,m/s2
trial,sphere_still,bias1_unsubtracted,all,accel_bias_z,2,0,2,0,1.0,0.24999987674088897,m/s2
trial,sphere_still,bias1_unsubtracted,all,accel_gain_x,2,0,2,0,1.0,14.999999999999996,%
trial,sphere_still,bias1_unsubtracted,all,accel_gain_y,2,2,0,0,1.0,-14.999999999998348,%
trial,sphere_still,bias1_unsubtracted,all,accel_gain_z,2,0,0,2,0.0,2.4234185431481894,%
trial,sphere_still,bias1_unsubtracted,all,attitude_x,2,0,0,2,0.0,-0.6290625483454073,deg
trial,sphere_still,bias1_unsubtracted,all,attitude_y,2,0,0,2,0.0,1.3756794478411853,deg
trial,sphere_still,bias1_unsubtracted,all,attitude_z,2,0,0,2,0.0,50.452974036030525,deg
trial,sphere_still,bias1_unsubtracted,all,gravity_delta,2,1,1,0,1.0,0.0,m/s2
trial,sphere_still,bias1_unsubtracted,all,gyro_bias_x,2,1,0,1,0.5,-0.9986084506053591,deg/hour
trial,sphere_still,bias1_unsubtracted,all,gyro_bias_y,2,0,2,0,1.0,0.9999999999999999,deg/hour
trial,sphere_still,bias1_unsubtracted,all,gyro_bias_z,2,2,0,0,1.0,-0.9999999999999999,deg/hour
trial,sphere_still,bias1_unsubtracted,all,gyro_gain_x,2,1,1,0,1.0,0.0,%
trial,sphere_still,bias1_unsubtracted,all,gyro_gain_y,2,2,0,0,1.0,-1.9999999999999998,%
trial,sphere_still,bias1_unsubtracted,all,gyro_gain_z,2,1,1,0,1.0,0.0,%
trial,sphere_still,bias1_unsubtracted,all,lever_x,2,1,1,0,1.0,0.0,m
trial,sphere_still,bias1_unsubtracted,all,lever_y,2,1,1,0,1.0,0.0,m
trial,sphere_still,bias1_unsubtracted,all,lever_z,2,1,0,1,0.5,-8.887200611769654,m
trial,sphere_still,bias1_unsubtracted,all,position_x,2,0,0,2,0.0,33.76667972353388,m
trial,sphere_still,bias1_unsubtracted,all,position_y,2,0,0,2,0.0,4.956012582561602,m
trial,sphere_still,bias1_unsubtracted,all,position_z,2,0,0,2,0.0,9.603208657259728,m
trial,sphere_still,bias1_unsubtracted,all,time_offset,2,0,1,1,0.5,0.13169231569486417,s
trial,sphere_still,bias1_unsubtracted,all,velocity_x,2,0,0,2,0.0,-0.6733256234264843,m/s
trial,sphere_still,bias1_unsubtracted,all,velocity_y,2,0,0,2,0.0,0.9540870268471342,m/s
trial,sphere_still,bias1_unsubtracted,all,velocity_z,2,0,0,2,0.0,-0.33526817922193763,m/s
trial,sphere_still,bias1_unsubtracted,converged,accel_bias_x,2,1,0,1,0.5,-0.2435794531134994,m/s2
trial,sphere_still,bias1_unsubtracted,converged,accel_bias_y,2,0,1,1,0.5,0.07820520297008934,m/s2
trial,sphere_still,bias1_unsubtracted,converged,accel_bias_z,2,0,2,0,1.0,0.24999987674088897,m/s2
trial,sphere_still,bias1_unsubtracted,converged,accel_gain_x,2,0,2,0,1.0,14.999999999999996,%
trial,sphere_still,bias1_unsubtracted,converged,accel_gain_y,2,2,0,0,1.0,-14.999999999998348,%
trial,sphere_still,bias1_unsubtracted,converged,accel_gain_z,2,0,0,2,0.0,2.4234185431481894,%
trial,sphere_still,bias1_unsubtracted,converged,attitude_x,2,0,0,2,0.0,-0.6290625483454073,deg
trial,sphere_still,bias1_unsubtracted,converged,attitude_y,2,0,0,2,0.0,1.3756794478411853,deg
trial,sphere_still,bias1_unsubtracted,converged,attitude_z,2,0,0,2,0.0,50.452974036030525,deg
trial,sphere_still,bias1_unsubtracted,converged,gravity_delta,2,1,1,0,1.0,0.0,m/s2
trial,sphere_still,bias1_unsubtracted,converged,gyro_bias_x,2,1,0,1,0.5,-0.9986084506053591,deg/hour
trial,sphere_still,bias1_unsubtracted,converged,gyro_bias_y,2,0,2,0,1.0,0.9999999999999999,deg/hour
trial,sphere_still,bias1_unsubtracted,converged,gyro_bias_z,2,2,0,0,1.0,-0.9999999999999999,deg/hour
trial,sphere_still,bias1_unsubtracted,converged,gyro_gain_x,2,1,1,0,1.0,0.0,%
trial,sphere_still,bias1_unsubtracted,converged,gyro_gain_y,2,2,0,0,1.0,-1.9999999999999998,%
trial,sphere_still,bias1_unsubtracted,converged,gyro_gain_z,2,1,1,0,1.0,0.0,%
trial,sphere_still,bias1_unsubtracted,converged,lever_x,2,1,1,0,1.0,0.0,m
trial,sphere_still,bias1_unsubtracted,converged,lever_y,2,1,1,0,1.0,0.0,m
trial,sphere_still,bias1_unsubtracted,converged,lever_z,2,1,0,1,0.5,-8.887200611769654,m
trial,sphere_still,bias1_unsubtracted,converged,position_x,2,0,0,2,0.0,33.76667972353388,m
trial,sphere_still,bias1_unsubtracted,converged,position_y,2,0,0,2,0.0,4.956012582561602,m
trial,sphere_still,bias1_unsubtracted,converged,position_z,2,0,0,2,0.0,9.603208657259728,m
trial,sphere_still,bias1_unsubtracted,converged,time_offset,2,0,1,1,0.5,0.13169231569486417,s
trial,sphere_still,bias1_unsubtracted,converged,velocity_x,2,0,0,2,0.0,-0.6733256234264843,m/s
trial,sphere_still,bias1_unsubtracted,converged,velocity_y,2,0,0,2,0.0,0.9540870268471342,m/s
trial,sphere_still,bias1_unsubtracted,converged,velocity_z,2,0,0,2,0.0,-0.33526817922193763,m/s
