fit_id,study,segment_id,case_id,model,status,weak_direction,singular_value,relative_singular_value,dominant_parameters
trial::570b37d23af5e245dd461051::bias1_unsubtracted::sphere_rotating,trial,570b37d23af5e245dd461051,bias1_unsubtracted,sphere_rotating,converged,1,0.005118010933291188,4.4157771077995496e-08,gravity_delta:-0.911258;gyro_gain_x:-0.231701;gyro_gain_y:-0.231229;accel_bias_z:-0.18242;gyro_gain_z:-0.166533
trial::570b37d23af5e245dd461051::bias1_unsubtracted::sphere_rotating,trial,570b37d23af5e245dd461051,bias1_unsubtracted,sphere_rotating,converged,2,0.017725104628707813,1.529307230347541e-07,gyro_gain_z:-0.985463;gravity_delta:0.153241;gyro_gain_x:0.0455674;gyro_gain_y:0.0369117;accel_bias_z:0.0298062
trial::570b37d23af5e245dd461051::bias1_unsubtracted::sphere_rotating,trial,570b37d23af5e245dd461051,bias1_unsubtracted,sphere_rotating,converged,3,0.05185332503316141,4.473861596412813e-07,gyro_bias_z:0.998309;gyro_gain_x:-0.0312889;gyro_gain_z:0.0306847;gyro_bias_x:-0.0210902;lever_x:-0.0165409
trial::570b37d23af5e245dd461051::bias1_unsubtracted::sphere_still,trial,570b37d23af5e245dd461051,bias1_unsubtracted,sphere_still,converged,1,0.005158804690820537,3.931704732597548e-08,gravity_delta:0.902006;gyro_gain_y:0.225085;gyro_gain_x:0.224796;gyro_gain_z:0.221642;accel_bias_z:0.185436
trial::570b37d23af5e245dd461051::bias1_unsubtracted::sphere_still,trial,570b37d23af5e245dd461051,bias1_unsubtracted,sphere_still,converged,2,0.041689389501858125,3.1772935752969404e-07,gyro_gain_z:0.926546;gyro_bias_z:0.310339;gravity_delta:-0.187977;gyro_gain_x:-0.0735821;gyro_gain_y:-0.0407745
trial::570b37d23af5e245dd461051::bias1_unsubtracted::sphere_still,trial,570b37d23af5e245dd461051,bias1_unsubtracted,sphere_still,converged,3,0.04823463353233944,3.6761294195079006e-07,gyro_bias_z:-0.948208;gyro_gain_z:0.300143;gravity_delta:-0.0822606;gyro_bias_y:-0.0371383;gyro_bias_x:0.0336085
trial::570b37d23af5e245dd461051::bias1_unsubtracted::flat_still,trial,570b37d23af5e245dd461051,bias1_unsubtracted,flat_still,converged,1,0.002585768445491155,2.030614737642253e-08,gravity_delta:-0.903793;gyro_gain_x:-0.23898;gyro_gain_y:-0.229972;gyro_gain_z:-0.194442;accel_bias_z:-0.186093
trial::570b37d23af5e245dd461051::bias1_unsubtracted::flat_still,trial,570b37d23af5e245dd461051,bias1_unsubtracted,flat_still,converged,2,0.029852602364996424,2.344337306189897e-07,gyro_gain_z:0.978442;gravity_delta:-0.180483;gyro_gain_x:-0.0518896;lever_x:-0.0448251;gyro_bias_z:0.0382808
trial::570b37d23af5e245dd461051::bias1_unsubtracted::flat_still,trial,570b37d23af5e245dd461051,bias1_unsubtracted,flat_still,converged,3,0.040884340037391,3.210664263595113e-07,gyro_bias_z:-0.993951;gyro_gain_x:0.0626677;gravity_delta:-0.0506282;gyro_bias_x:0.0463325;gyro_bias_y:-0.0336272
trial::570b37d23af5e245dd461051::bias1_profiled_removal::sphere_rotating,trial,570b37d23af5e245dd461051,bias1_profiled_removal,sphere_rotating,converged,1,0.003914172523166986,3.376724862895212e-08,gravity_delta:-0.908399;gyro_gain_y:-0.231234;gyro_gain_x:-0.230965;accel_bias_z:-0.18186;gyro_gain_z:-0.144445
trial::570b37d23af5e245dd461051::bias1_profiled_removal::sphere_rotating,trial,570b37d23af5e245dd461051,bias1_profiled_removal,sphere_rotating,converged,2,0.017467340485369492,1.5068932847620164e-07,gyro_gain_z:-0.972108;gyro_bias_z:0.184887;gravity_delta:0.109534;gyro_bias_x:-0.0596887;gyro_bias_y:0.049428
trial::570b37d23af5e245dd461051::bias1_profiled_removal::sphere_rotating,trial,570b37d23af5e245dd461051,bias1_profiled_removal,sphere_rotating,converged,3,0.023696202912511923,2.0442521901448475e-07,gyro_bias_z:0.871997;gyro_bias_x:-0.338176;gyro_bias_y:0.247081;gyro_gain_z:0.184045;gravity_delta:-0.129152
trial::570b37d23af5e245dd461051::bias1_profiled_removal::sphere_still,trial,570b37d23af5e245dd461051,bias1_profiled_removal,sphere_still,converged,1,0.00454981788874181,3.4673017124753253e-08,gravity_delta:0.901508;gyro_gain_y:0.225202;gyro_gain_x:0.224118;gyro_gain_z:0.211281;accel_bias_z:0.185381
trial::570b37d23af5e245dd461051::bias1_profiled_removal::sphere_still,trial,570b37d23af5e245dd461051,bias1_profiled_removal,sphere_still,converged,2,0.025518284886310263,1.944684271972139e-07,gyro_bias_z:-0.923433;gyro_bias_y:-0.337436;gyro_gain_z:0.111675;gyro_bias_x:0.107683;earth_removal:-0.0818098
trial::570b37d23af5e245dd461051::bias1_profiled_removal::sphere_still,trial,570b37d23af5e245dd461051,bias1_profiled_removal,sphere_still,converged,3,0.04188857897093881,3.192223186745136e-07,gyro_gain_z:0.968501;gravity_delta:-0.198113;gyro_bias_z:0.112236;gyro_gain_x:-0.0725893;gyro_gain_y:-0.0444806
trial::570b37d23af5e245dd461051::bias1_profiled_removal::flat_still,trial,570b37d23af5e245dd461051,bias1_profiled_removal,flat_still,converged,1,0.0020720463949493507,1.5838678068393778e-08,gravity_delta:-0.900076;gyro_gain_x:-0.236671;gyro_gain_y:-0.22866;gyro_gain_z:-0.214495;accel_bias_z:-0.185109
trial::570b37d23af5e245dd461051::bias1_profiled_removal::flat_still,trial,570b37d23af5e245dd461051,bias1_profiled_removal,flat_still,converged,2,0.019591264351372394,1.4975520324764337e-07,gyro_bias_z:0.938104;gyro_bias_y:0.291967;gyro_bias_x:0.157331;earth_removal:0.0835032;gyro_gain_z:0.0408429
trial::570b37d23af5e245dd461051::bias1_profiled_removal::flat_still,trial,570b37d23af5e245dd461051,bias1_profiled_removal,flat_still,converged,3,0.029920031401784387,2.28708076384882e-07,gyro_gain_z:0.973965;gravity_delta:-0.199909;gyro_gain_x:-0.0534693;lever_x:-0.0442498;gyro_gain_y:-0.0407501
trial::b4e44ddc0f130ecd45674c78::bias1_unsubtracted::sphere_rotating,trial,b4e44ddc0f130ecd45674c78,bias1_unsubtracted,sphere_rotating,converged,1,0.000805969003620575,6.925758291815906e-09,gravity_delta:-0.913458;gyro_gain_y:-0.23605;gyro_gain_x:-0.23131;accel_bias_z:-0.185272;gyro_gain_z:-0.139629
trial::b4e44ddc0f130ecd45674c78::bias1_unsubtracted::sphere_rotating,trial,b4e44ddc0f130ecd45674c78,bias1_unsubtracted,sphere_rotating,converged,2,0.009342893611755224,8.028425734797793e-08,gyro_gain_z:-0.84393;gyro_bias_z:0.5182;gravity_delta:0.121055;gyro_gain_y:0.0511703;gyro_gain_x:0.0320962
trial::b4e44ddc0f130ecd45674c78::bias1_unsubtracted::sphere_rotating,trial,b4e44ddc0f130ecd45674c78,bias1_unsubtracted,sphere_rotating,converged,3,0.019178779526448628,1.6480483831949174e-07,gyro_bias_z:0.851413;gyro_gain_z:0.516451;gravity_delta:-0.0582775;accel_gain_y:0.0475763;gyro_gain_y:0.0296608
trial::b4e44ddc0f130ecd45674c78::bias1_unsubtracted::sphere_still,trial,b4e44ddc0f130ecd45674c78,bias1_unsubtracted,sphere_still,converged,1,0.0006966718807411114,5.823047648451722e-09,gravity_delta:-0.900616;gyro_gain_x:-0.233181;gyro_gain_z:-0.223636;gyro_gain_y:-0.22253;accel_bias_z:-0.183473
trial::b4e44ddc0f130ecd45674c78::bias1_unsubtracted::sphere_still,trial,b4e44ddc0f130ecd45674c78,bias1_unsubtracted,sphere_still,converged,2,0.012718225070028991,1.0630374590076627e-07,gyro_bias_z:0.900847;gyro_gain_z:-0.422211;gravity_delta:0.0741466;gyro_gain_y:0.0462622;gyro_gain_x:0.0322987
trial::b4e44ddc0f130ecd45674c78::bias1_unsubtracted::sphere_still,trial,b4e44ddc0f130ecd45674c78,bias1_unsubtracted,sphere_still,converged,3,0.023711475513155302,1.981895000287927e-07,gyro_gain_z:-0.876289;gyro_bias_z:-0.428838;gravity_delta:0.202739;accel_bias_z:0.0502754;accel_gain_y:-0.0491473
trial::b4e44ddc0f130ecd45674c78::bias1_unsubtracted::flat_still,trial,b4e44ddc0f130ecd45674c78,bias1_unsubtracted,flat_still,converged,1,0.0032173559567571577,3.318484443589842e-08,gravity_delta:-0.896766;gyro_gain_x:-0.234992;gyro_gain_z:-0.234827;gyro_gain_y:-0.224061;accel_bias_z:-0.186958
trial::b4e44ddc0f130ecd45674c78::bias1_unsubtracted::flat_still,trial,b4e44ddc0f130ecd45674c78,bias1_unsubtracted,flat_still,converged,2,0.008411372620529593,8.675760334146894e-08,gyro_bias_z:0.984875;gyro_gain_z:-0.124577;gyro_gain_x:0.099909;gyro_gain_y:0.0373836;accel_gain_y:0.0354519
trial::b4e44ddc0f130ecd45674c78::bias1_unsubtracted::flat_still,trial,b4e44ddc0f130ecd45674c78,bias1_unsubtracted,flat_still,converged,3,0.01272911408000334,1.3129217787188052e-07,gyro_gain_z:-0.867311;gyro_gain_x:-0.330782;gravity_delta:0.284176;accel_gain_y:-0.202519;gyro_bias_z:-0.074892
trial::b4e44ddc0f130ecd45674c78::bias1_profiled_removal::sphere_rotating,trial,b4e44ddc0f130ecd45674c78,bias1_profiled_removal,sphere_rotating,unresolved,1,0.0006489690206258248,5.570632260683523e-09,gravity_delta:0.911799;gyro_gain_y:0.234917;gyro_gain_x:0.231036;accel_bias_z:0.184541;gyro_gain_z:0.158138
trial::b4e44ddc0f130ecd45674c78::bias1_profiled_removal::sphere_rotating,trial,b4e44ddc0f130ecd45674c78,bias1_profiled_removal,sphere_rotating,unresolved,2,0.009344406024424,8.02106849513155e-08,gyro_gain_z:0.761076;gyro_bias_z:-0.633747;gravity_delta:-0.107611;gyro_bias_x:0.0491525;gyro_gain_y:-0.0468203
trial::b4e44ddc0f130ecd45674c78::bias1_profiled_removal::sphere_rotating,trial,b4e44ddc0f130ecd45674c78,bias1_profiled_removal,sphere_rotating,unresolved,3,0.009970600013424133,8.558582047505182e-08,gyro_bias_z:-0.711599;gyro_gain_z:-0.604381;gyro_bias_x:0.290613;gyro_bias_y:-0.165398;gravity_delta:0.090134
trial::b4e44ddc0f130ecd45674c78::bias1_profiled_removal::sphere_still,trial,b4e44ddc0f130ecd45674c78,bias1_profiled_removal,sphere_still,unresolved,1,0.0006014651572938175,5.028284897759778e-09,gravity_delta:0.903803;gyro_gain_x:0.233502;gyro_gain_y:0.223226;gyro_gain_z:0.206168;accel_bias_z:0.184112
trial::b4e44ddc0f130ecd45674c78::bias1_profiled_removal::sphere_still,trial,b4e44ddc0f130ecd45674c78,bias1_profiled_removal,sphere_still,unresolved,2,0.006621936370755513,5.535978642023059e-08,gyro_bias_z:-0.934874;gyro_gain_z:-0.26349;gyro_bias_y:-0.220615;earth_removal:-0.0603985;gyro_bias_x:0.0586921
trial::b4e44ddc0f130ecd45674c78::bias1_profiled_removal::sphere_still,trial,b4e44ddc0f130ecd45674c78,bias1_profiled_removal,sphere_still,unresolved,3,0.015751468703941413,1.316832259376806e-07,gyro_gain_z:0.916884;gyro_bias_z:-0.302396;gravity_delta:-0.185133;gyro_bias_y:0.151559;gyro_gain_y:-0.0643255
trial::b4e44ddc0f130ecd45674c78::bias1_profiled_removal::flat_still,trial,b4e44ddc0f130ecd45674c78,bias1_profiled_removal,flat_still,converged,1,0.0009231262302319878,9.06310820452562e-09,gravity_delta:-0.908006;gyro_gain_x:-0.227101;gyro_gain_y:-0.225251;gyro_gain_z:-0.196409;accel_bias_z:-0.184425
trial::b4e44ddc0f130ecd45674c78::bias1_profiled_removal::flat_still,trial,b4e44ddc0f130ecd45674c78,bias1_profiled_removal,flat_still,converged,2,0.004197895994260278,4.1214282923977094e-08,gyro_bias_z:0.728799;gyro_gain_z:0.643447;gyro_bias_x:0.177958;gravity_delta:-0.127686;earth_removal:0.0463546
trial::b4e44ddc0f130ecd45674c78::bias1_profiled_removal::flat_still,trial,b4e44ddc0f130ecd45674c78,bias1_profiled_removal,flat_still,converged,3,0.0071355824556080735,7.00560267702917e-08,gyro_gain_z:0.737482;gyro_bias_z:-0.642192;gyro_bias_x:-0.130255;gravity_delta:-0.127224;gyro_gain_x:-0.0644476
