fit_id,study,segment_id,model,case_id,status,gain_percent,gain_boundary,offset_deg_hour,offset_boundary
baseline::b365bdf39150ee6afc303ac1::bias1_unsubtracted::sphere_rotating,baseline,b365bdf39150ee6afc303ac1,sphere_rotating,bias1_unsubtracted,unresolved,-1.9999999999999998,lower,-0.9999999999999999,lower
baseline::b365bdf39150ee6afc303ac1::bias1_unsubtracted::sphere_still,baseline,b365bdf39150ee6afc303ac1,sphere_still,bias1_unsubtracted,unresolved,-1.9999999999999998,lower,-0.9999999999980036,lower
baseline::b365bdf39150ee6afc303ac1::bias1_unsubtracted::flat_still,baseline,b365bdf39150ee6afc303ac1,flat_still,bias1_unsubtracted,unresolved,-1.9999999999999998,lower,-0.9999999999999999,lower
baseline::b365bdf39150ee6afc303ac1::bias1_profiled_removal::sphere_rotating,baseline,b365bdf39150ee6afc303ac1,sphere_rotating,bias1_profiled_removal,unresolved,-1.9999999999999998,lower,-0.9999999999999999,lower
baseline::b365bdf39150ee6afc303ac1::bias1_profiled_removal::sphere_still,baseline,b365bdf39150ee6afc303ac1,sphere_still,bias1_profiled_removal,unresolved,-1.9999999999999998,lower,-0.9999999999850528,lower
baseline::b365bdf39150ee6afc303ac1::bias1_profiled_removal::flat_still,baseline,b365bdf39150ee6afc303ac1,flat_still,bias1_profiled_removal,unresolved,-1.9999999999999998,lower,-0.9999998662181997,lower
baseline::034547522e2d98947b598466::bias1_unsubtracted::sphere_rotating,baseline,034547522e2d98947b598466,sphere_rotating,bias1_unsubtracted,unresolved,1.9999999999999998,upper,0.9999999999999999,upper
baseline::034547522e2d98947b598466::bias1_unsubtracted::sphere_still,baseline,034547522e2d98947b598466,sphere_still,bias1_unsubtracted,unresolved,-1.9999920500379602,lower,-0.999999999994767,lower
baseline::034547522e2d98947b598466::bias1_unsubtracted::flat_still,baseline,034547522e2d98947b598466,flat_still,bias1_unsubtracted,converged,-1.9999999999999998,lower,-0.9999999999999999,lower
baseline::034547522e2d98947b598466::bias1_profiled_removal::sphere_rotating,baseline,034547522e2d98947b598466,sphere_rotating,bias1_profiled_removal,unresolved,1.999999840805984,upper,0.999995335692253,upper
baseline::034547522e2d98947b598466::bias1_profiled_removal::sphere_still,baseline,034547522e2d98947b598466,sphere_still,bias1_profiled_removal,unresolved,-1.9991047248760354,lower,-0.9999999999375986,lower
baseline::034547522e2d98947b598466::bias1_profiled_removal::flat_still,baseline,034547522e2d98947b598466,flat_still,bias1_profiled_removal,unresolved,-1.9999999999999998,lower,0.9999999999999999,upper
baseline::3df34ea39a6cbdbe15bb0f36::bias1_unsubtracted::sphere_rotating,baseline,3df34ea39a6cbdbe15bb0f36,sphere_rotating,bias1_unsubtracted,unresolved,-1.9996490731030836,lower,-0.9999947204535505,lower
baseline::3df34ea39a6cbdbe15bb0f36::bias1_unsubtracted::sphere_still,baseline,3df34ea39a6cbdbe15bb0f36,sphere_still,bias1_unsubtracted,converged,-1.9999999999999998,lower,-0.9999999999999999,lower
baseline::3df34ea39a6cbdbe15bb0f36::bias1_unsubtracted::flat_still,baseline,3df34ea39a6cbdbe15bb0f36,flat_still,bias1_unsubtracted,converged,-1.9999999999999998,lower,-0.9999999999999999,lower
baseline::3df34ea39a6cbdbe15bb0f36::bias1_profiled_removal::sphere_rotating,baseline,3df34ea39a6cbdbe15bb0f36,sphere_rotating,bias1_profiled_removal,unresolved,-1.9997126667600573,lower,-0.9999643937684031,lower
baseline::3df34ea39a6cbdbe15bb0f36::bias1_profiled_removal::sphere_still,baseline,3df34ea39a6cbdbe15bb0f36,sphere_still,bias1_profiled_removal,converged,-1.9999999999999998,lower,-0.9999999999999999,lower
baseline::3df34ea39a6cbdbe15bb0f36::bias1_profiled_removal::flat_still,baseline,3df34ea39a6cbdbe15bb0f36,flat_still,bias1_profiled_removal,converged,-1.9999999999999998,lower,-0.9999999999999999,lower
baseline::233183f67270980491416678::bias1_unsubtracted::sphere_rotating,baseline,233183f67270980491416678,sphere_rotating,bias1_unsubtracted,unresolved,-1.9999999999999998,lower,0.9999999999999999,upper
baseline::233183f67270980491416678::bias1_unsubtracted::sphere_still,baseline,233183f67270980491416678,sphere_still,bias1_unsubtracted,converged,-1.9999999999999998,lower,-0.9999999999999999,lower
baseline::233183f67270980491416678::bias1_unsubtracted::flat_still,baseline,233183f67270980491416678,flat_still,bias1_unsubtracted,unresolved,-1.9999999999999998,lower,-0.9999999999999999,lower
baseline::233183f67270980491416678::bias1_profiled_removal::sphere_rotating,baseline,233183f67270980491416678,sphere_rotating,bias1_profiled_removal,unresolved,-1.9999999999999998,lower,0.9999999999999999,upper
baseline::233183f67270980491416678::bias1_profiled_removal::sphere_still,baseline,233183f67270980491416678,sphere_still,bias1_profiled_removal,converged,-1.9999999999999998,lower,-0.9999999999999999,lower
baseline::233183f67270980491416678::bias1_profiled_removal::flat_still,baseline,233183f67270980491416678,flat_still,bias1_profiled_removal,unresolved,-1.9999999999999998,lower,-0.9999999999999999,lower
baseline::c16df82d514fc69d11d941d2::bias1_unsubtracted::sphere_rotating,baseline,c16df82d514fc69d11d941d2,sphere_rotating,bias1_unsubtracted,unresolved,1.9999999934028154,upper,0.6662340285065562,interior
baseline::c16df82d514fc69d11d941d2::bias1_unsubtracted::sphere_still,baseline,c16df82d514fc69d11d941d2,sphere_still,bias1_unsubtracted,converged,-1.9999999999999727,lower,-0.9999999999999999,lower
baseline::c16df82d514fc69d11d941d2::bias1_unsubtracted::flat_still,baseline,c16df82d514fc69d11d941d2,flat_still,bias1_unsubtracted,converged,-1.9999999999999998,lower,-0.9999999999999999,lower
baseline::c16df82d514fc69d11d941d2::bias1_profiled_removal::sphere_rotating,baseline,c16df82d514fc69d11d941d2,sphere_rotating,bias1_profiled_removal,unresolved,1.9999999966678166,upper,0.9999999975794255,upper
baseline::c16df82d514fc69d11d941d2::bias1_profiled_removal::sphere_still,baseline,c16df82d514fc69d11d941d2,sphere_still,bias1_profiled_removal,converged,-1.9999999999999998,lower,-0.9999999999999999,lower
baseline::c16df82d514fc69d11d941d2::bias1_profiled_removal::flat_still,baseline,c16df82d514fc69d11d941d2,flat_still,bias1_profiled_removal,converged,-1.9999999999999998,lower,-0.9999999999999999,lower
baseline::fad74da3a09951b31e882472::bias1_unsubtracted::sphere_rotating,baseline,fad74da3a09951b31e882472,sphere_rotating,bias1_unsubtracted,unresolved,1.9976961308189138,interior,-0.9998315123072368,lower
baseline::fad74da3a09951b31e882472::bias1_unsubtracted::sphere_still,baseline,fad74da3a09951b31e882472,sphere_still,bias1_unsubtracted,unresolved,-1.9999999999999998,lower,-0.9999999999999999,lower
baseline::fad74da3a09951b31e882472::bias1_unsubtracted::flat_still,baseline,fad74da3a09951b31e882472,flat_still,bias1_unsubtracted,unresolved,-1.9999999999999998,lower,-0.9999999999999999,lower
baseline::fad74da3a09951b31e882472::bias1_profiled_removal::sphere_rotating,baseline,fad74da3a09951b31e882472,sphere_rotating,bias1_profiled_removal,unresolved,1.9999999999999998,upper,-0.9999992442553702,lower
baseline::fad74da3a09951b31e882472::bias1_profiled_removal::sphere_still,baseline,fad74da3a09951b31e882472,sphere_still,bias1_profiled_removal,unresolved,-1.9999999999999998,lower,-0.9999999999999999,lower
baseline::fad74da3a09951b31e882472::bias1_profiled_removal::flat_still,baseline,fad74da3a09951b31e882472,flat_still,bias1_profiled_removal,unresolved,-1.9999999999999998,lower,-0.999236942440813,lower
baseline::0e73879f98c3b701fd7c42df::bias1_unsubtracted::sphere_rotating,baseline,0e73879f98c3b701fd7c42df,sphere_rotating,bias1_unsubtracted,unresolved,-1.9999999999999998,lower,-0.9999999999999999,lower
baseline::0e73879f98c3b701fd7c42df::bias1_unsubtracted::sphere_still,baseline,0e73879f98c3b701fd7c42df,sphere_still,bias1_unsubtracted,unresolved,-1.9999997374998615,lower,-0.9999988269598027,lower
baseline::0e73879f98c3b701fd7c42df::bias1_unsubtracted::flat_still,baseline,0e73879f98c3b701fd7c42df,flat_still,bias1_unsubtracted,converged,-1.9999999999999998,lower,-0.9999999999999999,lower
baseline::0e73879f98c3b701fd7c42df::bias1_profiled_removal::sphere_rotating,baseline,0e73879f98c3b701fd7c42df,sphere_rotating,bias1_profiled_removal,unresolved,1.9999946644616584,upper,-0.9320803020596488,interior
baseline::0e73879f98c3b701fd7c42df::bias1_profiled_removal::sphere_still,baseline,0e73879f98c3b701fd7c42df,sphere_still,bias1_profiled_removal,unresolved,-1.9999999731015232,lower,-0.9999995820693101,lower
baseline::0e73879f98c3b701fd7c42df::bias1_profiled_removal::flat_still,baseline,0e73879f98c3b701fd7c42df,flat_still,bias1_profiled_removal,converged,-1.9999999999999998,lower,-0.9999999999999999,lower
baseline::fd7b81e48a4122b149c4925b::bias1_unsubtracted::sphere_rotating,baseline,fd7b81e48a4122b149c4925b,sphere_rotating,bias1_unsubtracted,unresolved,-1.9985068660562,lower,0.781456230902455,interior
baseline::fd7b81e48a4122b149c4925b::bias1_unsubtracted::sphere_still,baseline,fd7b81e48a4122b149c4925b,sphere_still,bias1_unsubtracted,converged,-1.9999999999999998,lower,-0.9999999999999999,lower
baseline::fd7b81e48a4122b149c4925b::bias1_unsubtracted::flat_still,baseline,fd7b81e48a4122b149c4925b,flat_still,bias1_unsubtracted,converged,-1.9999999999999998,lower,-0.9999999999999999,lower
baseline::fd7b81e48a4122b149c4925b::bias1_profiled_removal::sphere_rotating,baseline,fd7b81e48a4122b149c4925b,sphere_rotating,bias1_profiled_removal,unresolved,-1.9992549536101176,lower,0.7742375357766376,interior
baseline::fd7b81e48a4122b149c4925b::bias1_profiled_removal::sphere_still,baseline,fd7b81e48a4122b149c4925b,sphere_still,bias1_profiled_removal,converged,-1.9999999999999998,lower,-0.9999999999999999,lower
baseline::fd7b81e48a4122b149c4925b::bias1_profiled_removal::flat_still,baseline,fd7b81e48a4122b149c4925b,flat_still,bias1_profiled_removal,converged,-1.9999999999999998,lower,-0.9999999999999999,lower
baseline::7024120d59221e8eaf127084::bias1_unsubtracted::sphere_rotating,baseline,7024120d59221e8eaf127084,sphere_rotating,bias1_unsubtracted,converged,1.9999999999999998,upper,-0.6760082947369059,interior
baseline::7024120d59221e8eaf127084::bias1_unsubtracted::sphere_still,baseline,7024120d59221e8eaf127084,sphere_still,bias1_unsubtracted,converged,-1.9999999999452265,lower,0.9999999999996888,upper
baseline::7024120d59221e8eaf127084::bias1_unsubtracted::flat_still,baseline,7024120d59221e8eaf127084,flat_still,bias1_unsubtracted,converged,-1.9999994302153854,lower,0.9999999999999999,upper
baseline::7024120d59221e8eaf127084::bias1_profiled_removal::sphere_rotating,baseline,7024120d59221e8eaf127084,sphere_rotating,bias1_profiled_removal,converged,1.9999999984308152,upper,-0.5995717160058349,interior
baseline::7024120d59221e8eaf127084::bias1_profiled_removal::sphere_still,baseline,7024120d59221e8eaf127084,sphere_still,bias1_profiled_removal,converged,-1.9999999999950613,lower,0.9999999999999999,upper
baseline::7024120d59221e8eaf127084::bias1_profiled_removal::flat_still,baseline,7024120d59221e8eaf127084,flat_still,bias1_profiled_removal,converged,-1.9999999999999998,lower,0.9999999999999999,upper
baseline::b4ab6e128de963c2ce69aa51::bias1_unsubtracted::sphere_rotating,baseline,b4ab6e128de963c2ce69aa51,sphere_rotating,bias1_unsubtracted,converged,-1.9999999999999998,lower,-0.11557004680855829,interior
baseline::b4ab6e128de963c2ce69aa51::bias1_unsubtracted::sphere_still,baseline,b4ab6e128de963c2ce69aa51,sphere_still,bias1_unsubtracted,unresolved,-1.9999999999999998,lower,0.9999999999999999,upper
baseline::b4ab6e128de963c2ce69aa51::bias1_unsubtracted::flat_still,baseline,b4ab6e128de963c2ce69aa51,flat_still,bias1_unsubtracted,converged,-1.9999999999999998,lower,0.9999999999999999,upper
baseline::b4ab6e128de963c2ce69aa51::bias1_profiled_removal::sphere_rotating,baseline,b4ab6e128de963c2ce69aa51,sphere_rotating,bias1_profiled_removal,converged,-1.9999999988547172,lower,-0.10180720393285696,interior
baseline::b4ab6e128de963c2ce69aa51::bias1_profiled_removal::sphere_still,baseline,b4ab6e128de963c2ce69aa51,sphere_still,bias1_profiled_removal,unresolved,-1.9999999999999998,lower,0.9999999999999999,upper
baseline::b4ab6e128de963c2ce69aa51::bias1_profiled_removal::flat_still,baseline,b4ab6e128de963c2ce69aa51,flat_still,bias1_profiled_removal,converged,-1.9999999999999998,lower,0.9999999999999999,upper
baseline::7df21c836bec5751f83c0cce::bias1_unsubtracted::sphere_rotating,baseline,7df21c836bec5751f83c0cce,sphere_rotating,bias1_unsubtracted,unresolved,-1.9999999999999998,lower,-0.9999999999999999,lower
baseline::7df21c836bec5751f83c0cce::bias1_unsubtracted::sphere_still,baseline,7df21c836bec5751f83c0cce,sphere_still,bias1_unsubtracted,unresolved,-1.9999999999999998,lower,0.9999999999999999,upper
baseline::7df21c836bec5751f83c0cce::bias1_unsubtracted::flat_still,baseline,7df21c836bec5751f83c0cce,flat_still,bias1_unsubtracted,unresolved,-1.9999999999999998,lower,0.9999999999999999,upper
baseline::7df21c836bec5751f83c0cce::bias1_profiled_removal::sphere_rotating,baseline,7df21c836bec5751f83c0cce,sphere_rotating,bias1_profiled_removal,unresolved,-1.9999999999999998,lower,-0.9999999899472023,lower
baseline::7df21c836bec5751f83c0cce::bias1_profiled_removal::sphere_still,baseline,7df21c836bec5751f83c0cce,sphere_still,bias1_profiled_removal,unresolved,-1.9999999999999998,lower,0.9999999999999999,upper
baseline::7df21c836bec5751f83c0cce::bias1_profiled_removal::flat_still,baseline,7df21c836bec5751f83c0cce,flat_still,bias1_profiled_removal,unresolved,-1.9999999999999998,lower,0.9999999999999999,upper
baseline::bb8061a43b4f14b6262ceda1::bias1_unsubtracted::sphere_rotating,baseline,bb8061a43b4f14b6262ceda1,sphere_rotating,bias1_unsubtracted,unresolved,1.5531379788134316,interior,-0.9999999999999999,lower
baseline::bb8061a43b4f14b6262ceda1::bias1_unsubtracted::sphere_still,baseline,bb8061a43b4f14b6262ceda1,sphere_still,bias1_unsubtracted,unresolved,-1.9999999997923759,lower,0.9999999998612633,upper
baseline::bb8061a43b4f14b6262ceda1::bias1_unsubtracted::flat_still,baseline,bb8061a43b4f14b6262ceda1,flat_still,bias1_unsubtracted,unresolved,-1.9999999999999998,lower,0.9999999999999999,upper
baseline::bb8061a43b4f14b6262ceda1::bias1_profiled_removal::sphere_rotating,baseline,bb8061a43b4f14b6262ceda1,sphere_rotating,bias1_profiled_removal,unresolved,1.6715643837160812,interior,-0.9999999999999999,lower
baseline::bb8061a43b4f14b6262ceda1::bias1_profiled_removal::sphere_still,baseline,bb8061a43b4f14b6262ceda1,sphere_still,bias1_profiled_removal,unresolved,-1.9999999999999998,lower,0.9999999999999999,upper
baseline::bb8061a43b4f14b6262ceda1::bias1_profiled_removal::flat_still,baseline,bb8061a43b4f14b6262ceda1,flat_still,bias1_profiled_removal,unresolved,-1.9999629809499824,lower,0.9999813986407124,upper
baseline::48c1bfe2f1aeb31c9386841d::bias1_unsubtracted::sphere_rotating,baseline,48c1bfe2f1aeb31c9386841d,sphere_rotating,bias1_unsubtracted,converged,-1.9999999999999998,lower,0.276608127617388,interior
baseline::48c1bfe2f1aeb31c9386841d::bias1_unsubtracted::sphere_still,baseline,48c1bfe2f1aeb31c9386841d,sphere_still,bias1_unsubtracted,converged,-1.9999999999999998,lower,-0.9999999999999999,lower
baseline::48c1bfe2f1aeb31c9386841d::bias1_unsubtracted::flat_still,baseline,48c1bfe2f1aeb31c9386841d,flat_still,bias1_unsubtracted,unresolved,-1.9999999999999998,lower,-0.9999999999999999,lower
baseline::48c1bfe2f1aeb31c9386841d::bias1_profiled_removal::sphere_rotating,baseline,48c1bfe2f1aeb31c9386841d,sphere_rotating,bias1_profiled_removal,unresolved,-1.9999999999999998,lower,0.2766179151563702,interior
baseline::48c1bfe2f1aeb31c9386841d::bias1_profiled_removal::sphere_still,baseline,48c1bfe2f1aeb31c9386841d,sphere_still,bias1_profiled_removal,unresolved,-1.9999999999999998,lower,-0.9999999999999999,lower
baseline::48c1bfe2f1aeb31c9386841d::bias1_profiled_removal::flat_still,baseline,48c1bfe2f1aeb31c9386841d,flat_still,bias1_profiled_removal,unresolved,-1.9999999999999998,lower,-0.9999999999999999,lower
baseline::8bf60391909fe8988c23621a::bias1_unsubtracted::sphere_rotating,baseline,8bf60391909fe8988c23621a,sphere_rotating,bias1_unsubtracted,unresolved,-1.9999998826524847,lower,-0.7007802663419602,interior
baseline::8bf60391909fe8988c23621a::bias1_unsubtracted::sphere_still,baseline,8bf60391909fe8988c23621a,sphere_still,bias1_unsubtracted,converged,-1.9999999999999998,lower,-0.9999999999999999,lower
baseline::8bf60391909fe8988c23621a::bias1_unsubtracted::flat_still,baseline,8bf60391909fe8988c23621a,flat_still,bias1_unsubtracted,converged,-1.9999999999999998,lower,-0.9999999999999999,lower
baseline::8bf60391909fe8988c23621a::bias1_profiled_removal::sphere_rotating,baseline,8bf60391909fe8988c23621a,sphere_rotating,bias1_profiled_removal,unresolved,-1.988910306412066,interior,0.9999954208378615,upper
baseline::8bf60391909fe8988c23621a::bias1_profiled_removal::sphere_still,baseline,8bf60391909fe8988c23621a,sphere_still,bias1_profiled_removal,converged,-1.9999999999999998,lower,-0.9999999999999999,lower
baseline::8bf60391909fe8988c23621a::bias1_profiled_removal::flat_still,baseline,8bf60391909fe8988c23621a,flat_still,bias1_profiled_removal,unresolved,-1.9999999999999998,lower,-0.9999999999999999,lower
baseline::2791235ca0b11b1ef4386e21::bias1_unsubtracted::sphere_rotating,baseline,2791235ca0b11b1ef4386e21,sphere_rotating,bias1_unsubtracted,unresolved,1.9999999999999998,upper,0.9999999999999999,upper
baseline::2791235ca0b11b1ef4386e21::bias1_unsubtracted::sphere_still,baseline,2791235ca0b11b1ef4386e21,sphere_still,bias1_unsubtracted,converged,-1.9999999999999998,lower,-0.9999999999999999,lower
baseline::2791235ca0b11b1ef4386e21::bias1_unsubtracted::flat_still,baseline,2791235ca0b11b1ef4386e21,flat_still,bias1_unsubtracted,converged,-1.9999999999999998,lower,-0.9999999999999999,lower
baseline::2791235ca0b11b1ef4386e21::bias1_profiled_removal::sphere_rotating,baseline,2791235ca0b11b1ef4386e21,sphere_rotating,bias1_profiled_removal,unresolved,1.999999867447268,upper,0.9999993134493177,upper
baseline::2791235ca0b11b1ef4386e21::bias1_profiled_removal::sphere_still,baseline,2791235ca0b11b1ef4386e21,sphere_still,bias1_profiled_removal,converged,-1.9999999999999998,lower,-0.9999999999999999,lower
baseline::2791235ca0b11b1ef4386e21::bias1_profiled_removal::flat_still,baseline,2791235ca0b11b1ef4386e21,flat_still,bias1_profiled_removal,converged,-1.9999999999999998,lower,-0.9999999999999999,lower
baseline::2f7e37c48f3b4423c55662dd::bias1_unsubtracted::sphere_rotating,baseline,2f7e37c48f3b4423c55662dd,sphere_rotating,bias1_unsubtracted,converged,-1.9999999999999998,lower,0.9999999999999999,upper
baseline::2f7e37c48f3b4423c55662dd::bias1_unsubtracted::sphere_still,baseline,2f7e37c48f3b4423c55662dd,sphere_still,bias1_unsubtracted,converged,-1.9999999999999998,lower,-0.9999999999999999,lower
baseline::2f7e37c48f3b4423c55662dd::bias1_unsubtracted::flat_still,baseline,2f7e37c48f3b4423c55662dd,flat_still,bias1_unsubtracted,converged,-1.9999999999999998,lower,-0.9999999999999999,lower
baseline::2f7e37c48f3b4423c55662dd::bias1_profiled_removal::sphere_rotating,baseline,2f7e37c48f3b4423c55662dd,sphere_rotating,bias1_profiled_removal,converged,-1.9999999999999998,lower,0.9999999999999999,upper
baseline::2f7e37c48f3b4423c55662dd::bias1_profiled_removal::sphere_still,baseline,2f7e37c48f3b4423c55662dd,sphere_still,bias1_profiled_removal,converged,-1.9999999999999998,lower,-0.9999999999999999,lower
baseline::2f7e37c48f3b4423c55662dd::bias1_profiled_removal::flat_still,baseline,2f7e37c48f3b4423c55662dd,flat_still,bias1_profiled_removal,converged,-1.9999999999999998,lower,-0.9999999999999999,lower
baseline::d9d91c8edba5721931856fc9::bias1_unsubtracted::sphere_rotating,baseline,d9d91c8edba5721931856fc9,sphere_rotating,bias1_unsubtracted,unresolved,-1.9999999999999998,lower,-0.9999999999999999,lower
baseline::d9d91c8edba5721931856fc9::bias1_unsubtracted::sphere_still,baseline,d9d91c8edba5721931856fc9,sphere_still,bias1_unsubtracted,converged,-1.9999999999999998,lower,-0.9999999999999999,lower
baseline::d9d91c8edba5721931856fc9::bias1_unsubtracted::flat_still,baseline,d9d91c8edba5721931856fc9,flat_still,bias1_unsubtracted,converged,-1.9999999999999998,lower,-0.9999999999999999,lower
baseline::d9d91c8edba5721931856fc9::bias1_profiled_removal::sphere_rotating,baseline,d9d91c8edba5721931856fc9,sphere_rotating,bias1_profiled_removal,unresolved,-1.9999999999999998,lower,-0.9999999999999999,lower
baseline::d9d91c8edba5721931856fc9::bias1_profiled_removal::sphere_still,baseline,d9d91c8edba5721931856fc9,sphere_still,bias1_profiled_removal,converged,-1.9999999999999998,lower,-0.9999999999999999,lower
baseline::d9d91c8edba5721931856fc9::bias1_profiled_removal::flat_still,baseline,d9d91c8edba5721931856fc9,flat_still,bias1_profiled_removal,converged,-1.9999999999999998,lower,-0.9999999999999999,lower
baseline::da346f70a6661ee42cecea19::bias1_unsubtracted::sphere_rotating,baseline,da346f70a6661ee42cecea19,sphere_rotating,bias1_unsubtracted,unresolved,1.9999718226683425,upper,-0.4001134166113729,interior
baseline::da346f70a6661ee42cecea19::bias1_unsubtracted::sphere_still,baseline,da346f70a6661ee42cecea19,sphere_still,bias1_unsubtracted,converged,-1.9999999999999998,lower,-0.9999999999999999,lower
baseline::da346f70a6661ee42cecea19::bias1_unsubtracted::flat_still,baseline,da346f70a6661ee42cecea19,flat_still,bias1_unsubtracted,converged,-1.9999999999999998,lower,-0.9999999999999999,lower
baseline::da346f70a6661ee42cecea19::bias1_profiled_removal::sphere_rotating,baseline,da346f70a6661ee42cecea19,sphere_rotating,bias1_profiled_removal,unresolved,1.9999966409540075,upper,0.08898721082588455,interior
baseline::da346f70a6661ee42cecea19::bias1_profiled_removal::sphere_still,baseline,da346f70a6661ee42cecea19,sphere_still,bias1_profiled_removal,converged,-1.9999999999999998,lower,-0.9999999999999999,lower
baseline::da346f70a6661ee42cecea19::bias1_profiled_removal::flat_still,baseline,da346f70a6661ee42cecea19,flat_still,bias1_profiled_removal,unresolved,-1.9999999999999998,lower,-0.9999999999999999,lower
baseline::e6629f14d2e03e471a446e06::bias1_unsubtracted::sphere_rotating,baseline,e6629f14d2e03e471a446e06,sphere_rotating,bias1_unsubtracted,converged,-1.9999999999999998,lower,0.9999999999999999,upper
baseline::e6629f14d2e03e471a446e06::bias1_unsubtracted::sphere_still,baseline,e6629f14d2e03e471a446e06,sphere_still,bias1_unsubtracted,converged,-1.9999999999999998,lower,-0.9999999999999999,lower
baseline::e6629f14d2e03e471a446e06::bias1_unsubtracted::flat_still,baseline,e6629f14d2e03e471a446e06,flat_still,bias1_unsubtracted,unresolved,-1.9999999999999998,lower,-0.9999999999999999,lower
baseline::e6629f14d2e03e471a446e06::bias1_profiled_removal::sphere_rotating,baseline,e6629f14d2e03e471a446e06,sphere_rotating,bias1_profiled_removal,converged,-1.9999999999999998,lower,0.9999999999999999,upper
baseline::e6629f14d2e03e471a446e06::bias1_profiled_removal::sphere_still,baseline,e6629f14d2e03e471a446e06,sphere_still,bias1_profiled_removal,unresolved,-1.9999999999999998,lower,-0.9999999999999999,lower
baseline::e6629f14d2e03e471a446e06::bias1_profiled_removal::flat_still,baseline,e6629f14d2e03e471a446e06,flat_still,bias1_profiled_removal,unresolved,-1.9999999999999998,lower,-0.9999999999999999,lower
baseline::f7677e15295077fd8cfd3089::bias1_unsubtracted::sphere_rotating,baseline,f7677e15295077fd8cfd3089,sphere_rotating,bias1_unsubtracted,converged,-0.5358645111578519,interior,-0.9999999999999999,lower
baseline::f7677e15295077fd8cfd3089::bias1_unsubtracted::sphere_still,baseline,f7677e15295077fd8cfd3089,sphere_still,bias1_unsubtracted,converged,-1.9999999999999998,lower,-0.9999999999999999,lower
baseline::f7677e15295077fd8cfd3089::bias1_unsubtracted::flat_still,baseline,f7677e15295077fd8cfd3089,flat_still,bias1_unsubtracted,converged,-1.9999999999999998,lower,-0.9999999999999999,lower
baseline::f7677e15295077fd8cfd3089::bias1_profiled_removal::sphere_rotating,baseline,f7677e15295077fd8cfd3089,sphere_rotating,bias1_profiled_removal,converged,-0.030160591698915228,interior,-0.7688265939408314,interior
baseline::f7677e15295077fd8cfd3089::bias1_profiled_removal::sphere_still,baseline,f7677e15295077fd8cfd3089,sphere_still,bias1_profiled_removal,converged,-1.9999999999999998,lower,-0.9999999999999999,lower
baseline::f7677e15295077fd8cfd3089::bias1_profiled_removal::flat_still,baseline,f7677e15295077fd8cfd3089,flat_still,bias1_profiled_removal,converged,-1.9999999999999998,lower,-0.9999999999999999,lower
baseline::abe881b5c87cc878226a9aef::bias1_unsubtracted::sphere_rotating,baseline,abe881b5c87cc878226a9aef,sphere_rotating,bias1_unsubtracted,converged,-1.9999999999999998,lower,0.9999999999349065,upper
baseline::abe881b5c87cc878226a9aef::bias1_unsubtracted::sphere_still,baseline,abe881b5c87cc878226a9aef,sphere_still,bias1_unsubtracted,converged,-1.9999999999999998,lower,-0.9999999999999999,lower
baseline::abe881b5c87cc878226a9aef::bias1_unsubtracted::flat_still,baseline,abe881b5c87cc878226a9aef,flat_still,bias1_unsubtracted,converged,-1.9999999999999998,lower,-0.9999999999999999,lower
baseline::abe881b5c87cc878226a9aef::bias1_profiled_removal::sphere_rotating,baseline,abe881b5c87cc878226a9aef,sphere_rotating,bias1_profiled_removal,converged,-1.9999999999999998,lower,0.9999102841885783,upper
baseline::abe881b5c87cc878226a9aef::bias1_profiled_removal::sphere_still,baseline,abe881b5c87cc878226a9aef,sphere_still,bias1_profiled_removal,converged,-1.9999999999999998,lower,-0.9999999999999999,lower
baseline::abe881b5c87cc878226a9aef::bias1_profiled_removal::flat_still,baseline,abe881b5c87cc878226a9aef,flat_still,bias1_profiled_removal,converged,-1.9999999999999998,lower,-0.9999999999999999,lower
baseline::01177d345ecb28bcfdcc6a4f::bias1_unsubtracted::sphere_rotating,baseline,01177d345ecb28bcfdcc6a4f,sphere_rotating,bias1_unsubtracted,unresolved,-0.48355335910807024,interior,-0.9999382614533793,lower
baseline::01177d345ecb28bcfdcc6a4f::bias1_unsubtracted::sphere_still,baseline,01177d345ecb28bcfdcc6a4f,sphere_still,bias1_unsubtracted,converged,-1.9999999999999998,lower,-0.9999999999999999,lower
baseline::01177d345ecb28bcfdcc6a4f::bias1_unsubtracted::flat_still,baseline,01177d345ecb28bcfdcc6a4f,flat_still,bias1_unsubtracted,unresolved,-1.9999999999999998,lower,-0.9999999999999999,lower
baseline::01177d345ecb28bcfdcc6a4f::bias1_profiled_removal::sphere_rotating,baseline,01177d345ecb28bcfdcc6a4f,sphere_rotating,bias1_profiled_removal,unresolved,-1.9967254360791609,interior,-0.8007227882338412,interior
baseline::01177d345ecb28bcfdcc6a4f::bias1_profiled_removal::sphere_still,baseline,01177d345ecb28bcfdcc6a4f,sphere_still,bias1_profiled_removal,converged,-1.9999999999999998,lower,-0.9999999999999999,lower
baseline::01177d345ecb28bcfdcc6a4f::bias1_profiled_removal::flat_still,baseline,01177d345ecb28bcfdcc6a4f,flat_still,bias1_profiled_removal,unresolved,-1.9999999999999998,lower,-0.9999999999999999,lower
baseline::dac266ab5c198050d25b17f6::bias1_unsubtracted::sphere_rotating,baseline,dac266ab5c198050d25b17f6,sphere_rotating,bias1_unsubtracted,unresolved,1.9999999999999998,upper,0.9999999999999999,upper
baseline::dac266ab5c198050d25b17f6::bias1_unsubtracted::sphere_still,baseline,dac266ab5c198050d25b17f6,sphere_still,bias1_unsubtracted,unresolved,-1.9999999999999998,lower,-0.9999999999999999,lower
baseline::dac266ab5c198050d25b17f6::bias1_unsubtracted::flat_still,baseline,dac266ab5c198050d25b17f6,flat_still,bias1_unsubtracted,converged,-1.9999999999999998,lower,-0.9999999999999999,lower
baseline::dac266ab5c198050d25b17f6::bias1_profiled_removal::sphere_rotating,baseline,dac266ab5c198050d25b17f6,sphere_rotating,bias1_profiled_removal,unresolved,1.9999999999999998,upper,0.9999999999999999,upper
baseline::dac266ab5c198050d25b17f6::bias1_profiled_removal::sphere_still,baseline,dac266ab5c198050d25b17f6,sphere_still,bias1_profiled_removal,unresolved,-1.9999999999999998,lower,-0.9999999999999999,lower
baseline::dac266ab5c198050d25b17f6::bias1_profiled_removal::flat_still,baseline,dac266ab5c198050d25b17f6,flat_still,bias1_profiled_removal,converged,-1.9999999999999998,lower,-0.9999999999999999,lower
baseline::f50ff54d2e6175d2e8277823::bias1_unsubtracted::sphere_rotating,baseline,f50ff54d2e6175d2e8277823,sphere_rotating,bias1_unsubtracted,unresolved,1.9999996932216597,upper,-0.9999999683598298,lower
baseline::f50ff54d2e6175d2e8277823::bias1_unsubtracted::sphere_still,baseline,f50ff54d2e6175d2e8277823,sphere_still,bias1_unsubtracted,converged,-1.9999999999999998,lower,-0.9999999999999999,lower
baseline::f50ff54d2e6175d2e8277823::bias1_unsubtracted::flat_still,baseline,f50ff54d2e6175d2e8277823,flat_still,bias1_unsubtracted,unresolved,-1.9999999999999998,lower,-0.9999999999999999,lower
baseline::f50ff54d2e6175d2e8277823::bias1_profiled_removal::sphere_rotating,baseline,f50ff54d2e6175d2e8277823,sphere_rotating,bias1_profiled_removal,unresolved,1.9999999995895523,upper,-0.9999999596179465,lower
baseline::f50ff54d2e6175d2e8277823::bias1_profiled_removal::sphere_still,baseline,f50ff54d2e6175d2e8277823,sphere_still,bias1_profiled_removal,converged,-1.9999999999999998,lower,-0.9999999999999999,lower
baseline::f50ff54d2e6175d2e8277823::bias1_profiled_removal::flat_still,baseline,f50ff54d2e6175d2e8277823,flat_still,bias1_profiled_removal,converged,-1.9999999999999998,lower,-0.9999999999999999,lower
baseline::4fad619380ea429cbf6cbcc9::bias1_unsubtracted::sphere_rotating,baseline,4fad619380ea429cbf6cbcc9,sphere_rotating,bias1_unsubtracted,converged,-1.7664289263325095,interior,-0.9999999999999999,lower
baseline::4fad619380ea429cbf6cbcc9::bias1_unsubtracted::sphere_still,baseline,4fad619380ea429cbf6cbcc9,sphere_still,bias1_unsubtracted,converged,-1.9999999999999998,lower,-0.9999999999999999,lower
baseline::4fad619380ea429cbf6cbcc9::bias1_unsubtracted::flat_still,baseline,4fad619380ea429cbf6cbcc9,flat_still,bias1_unsubtracted,converged,-1.9999999999999998,lower,-0.9999999999999999,lower
baseline::4fad619380ea429cbf6cbcc9::bias1_profiled_removal::sphere_rotating,baseline,4fad619380ea429cbf6cbcc9,sphere_rotating,bias1_profiled_removal,unresolved,1.9999999847994328,upper,-0.9999999999999999,lower
baseline::4fad619380ea429cbf6cbcc9::bias1_profiled_removal::sphere_still,baseline,4fad619380ea429cbf6cbcc9,sphere_still,bias1_profiled_removal,converged,-1.9999999999999998,lower,-0.9999999999999999,lower
baseline::4fad619380ea429cbf6cbcc9::bias1_profiled_removal::flat_still,baseline,4fad619380ea429cbf6cbcc9,flat_still,bias1_profiled_removal,converged,-1.9999999999999998,lower,-0.9999999999999999,lower
baseline::d4e793dd58b79bf4d95c692b::bias1_unsubtracted::sphere_rotating,baseline,d4e793dd58b79bf4d95c692b,sphere_rotating,bias1_unsubtracted,converged,1.9999999999999998,upper,0.9999999999999999,upper
baseline::d4e793dd58b79bf4d95c692b::bias1_unsubtracted::sphere_still,baseline,d4e793dd58b79bf4d95c692b,sphere_still,bias1_unsubtracted,converged,-1.9999999999999987,lower,-0.9999999999999999,lower
baseline::d4e793dd58b79bf4d95c692b::bias1_unsubtracted::flat_still,baseline,d4e793dd58b79bf4d95c692b,flat_still,bias1_unsubtracted,unresolved,-1.9999999999999998,lower,-0.9999999999999999,lower
baseline::d4e793dd58b79bf4d95c692b::bias1_profiled_removal::sphere_rotating,baseline,d4e793dd58b79bf4d95c692b,sphere_rotating,bias1_profiled_removal,unresolved,1.9999999999999998,upper,0.9999966464317082,upper
baseline::d4e793dd58b79bf4d95c692b::bias1_profiled_removal::sphere_still,baseline,d4e793dd58b79bf4d95c692b,sphere_still,bias1_profiled_removal,converged,-1.9999999999999998,lower,-0.9999999999999999,lower
baseline::d4e793dd58b79bf4d95c692b::bias1_profiled_removal::flat_still,baseline,d4e793dd58b79bf4d95c692b,flat_still,bias1_profiled_removal,unresolved,-1.9999999999999998,lower,-0.9999999999999999,lower
baseline::570b37d23af5e245dd461051::bias1_unsubtracted::sphere_rotating,baseline,570b37d23af5e245dd461051,sphere_rotating,bias1_unsubtracted,converged,-1.9999999999999998,lower,0.9999999999999999,upper
baseline::570b37d23af5e245dd461051::bias1_unsubtracted::sphere_still,baseline,570b37d23af5e245dd461051,sphere_still,bias1_unsubtracted,converged,-1.9999999999999998,lower,-0.9999999999999999,lower
baseline::570b37d23af5e245dd461051::bias1_unsubtracted::flat_still,baseline,570b37d23af5e245dd461051,flat_still,bias1_unsubtracted,converged,-1.9999999999999998,lower,-0.9999999999999999,lower
baseline::570b37d23af5e245dd461051::bias1_profiled_removal::sphere_rotating,baseline,570b37d23af5e245dd461051,sphere_rotating,bias1_profiled_removal,converged,-1.9999999999999998,lower,0.9999999999999999,upper
baseline::570b37d23af5e245dd461051::bias1_profiled_removal::sphere_still,baseline,570b37d23af5e245dd461051,sphere_still,bias1_profiled_removal,converged,-1.9999999999999998,lower,-0.9999999999999999,lower
baseline::570b37d23af5e245dd461051::bias1_profiled_removal::flat_still,baseline,570b37d23af5e245dd461051,flat_still,bias1_profiled_removal,converged,-1.9999999999999998,lower,-0.9999999999999999,lower
baseline::8dacbcf9f1e2774318723460::bias1_unsubtracted::sphere_rotating,baseline,8dacbcf9f1e2774318723460,sphere_rotating,bias1_unsubtracted,converged,-1.9999999999999998,lower,0.9999999999999999,upper
baseline::8dacbcf9f1e2774318723460::bias1_unsubtracted::sphere_still,baseline,8dacbcf9f1e2774318723460,sphere_still,bias1_unsubtracted,converged,-1.9999999999999998,lower,-0.9999999999999999,lower
baseline::8dacbcf9f1e2774318723460::bias1_unsubtracted::flat_still,baseline,8dacbcf9f1e2774318723460,flat_still,bias1_unsubtracted,converged,-1.9999999999999998,lower,-0.9999999999999999,lower
baseline::8dacbcf9f1e2774318723460::bias1_profiled_removal::sphere_rotating,baseline,8dacbcf9f1e2774318723460,sphere_rotating,bias1_profiled_removal,converged,-1.9999999999999998,lower,0.9999999999999999,upper
baseline::8dacbcf9f1e2774318723460::bias1_profiled_removal::sphere_still,baseline,8dacbcf9f1e2774318723460,sphere_still,bias1_profiled_removal,converged,-1.9999999999999998,lower,-0.9999999999999999,lower
baseline::8dacbcf9f1e2774318723460::bias1_profiled_removal::flat_still,baseline,8dacbcf9f1e2774318723460,flat_still,bias1_profiled_removal,converged,-1.99999999999999,lower,-0.9999999999999999,lower
baseline::a953c8ddf4fae255674de128::bias1_unsubtracted::sphere_rotating,baseline,a953c8ddf4fae255674de128,sphere_rotating,bias1_unsubtracted,converged,-1.9999999999999998,lower,-0.9999999999999999,lower
baseline::a953c8ddf4fae255674de128::bias1_unsubtracted::sphere_still,baseline,a953c8ddf4fae255674de128,sphere_still,bias1_unsubtracted,converged,-1.9999999999993492,lower,-0.9999999999999113,lower
baseline::a953c8ddf4fae255674de128::bias1_unsubtracted::flat_still,baseline,a953c8ddf4fae255674de128,flat_still,bias1_unsubtracted,converged,-1.9999999999999998,lower,-0.9999999999999999,lower
baseline::a953c8ddf4fae255674de128::bias1_profiled_removal::sphere_rotating,baseline,a953c8ddf4fae255674de128,sphere_rotating,bias1_profiled_removal,unresolved,-1.9999999999999998,lower,-0.999999999999852,lower
baseline::a953c8ddf4fae255674de128::bias1_profiled_removal::sphere_still,baseline,a953c8ddf4fae255674de128,sphere_still,bias1_profiled_removal,converged,-1.9999999999999014,lower,-0.9999999999999997,lower
baseline::a953c8ddf4fae255674de128::bias1_profiled_removal::flat_still,baseline,a953c8ddf4fae255674de128,flat_still,bias1_profiled_removal,converged,-1.9999999999999998,lower,-0.9999999999999999,lower
baseline::711e7aade97a54f71ac5d9c5::bias1_unsubtracted::sphere_rotating,baseline,711e7aade97a54f71ac5d9c5,sphere_rotating,bias1_unsubtracted,converged,1.9999999999999998,upper,-0.9999999999999999,lower
baseline::711e7aade97a54f71ac5d9c5::bias1_unsubtracted::sphere_still,baseline,711e7aade97a54f71ac5d9c5,sphere_still,bias1_unsubtracted,converged,-1.9999999999999998,lower,-0.9999999999999999,lower
baseline::711e7aade97a54f71ac5d9c5::bias1_unsubtracted::flat_still,baseline,711e7aade97a54f71ac5d9c5,flat_still,bias1_unsubtracted,converged,-1.9999999999999998,lower,-0.9999999999999999,lower
baseline::711e7aade97a54f71ac5d9c5::bias1_profiled_removal::sphere_rotating,baseline,711e7aade97a54f71ac5d9c5,sphere_rotating,bias1_profiled_removal,converged,1.999997730431584,upper,-0.9999999999976058,lower
baseline::711e7aade97a54f71ac5d9c5::bias1_profiled_removal::sphere_still,baseline,711e7aade97a54f71ac5d9c5,sphere_still,bias1_profiled_removal,converged,-1.9999999999999998,lower,-0.9999999999999999,lower
baseline::711e7aade97a54f71ac5d9c5::bias1_profiled_removal::flat_still,baseline,711e7aade97a54f71ac5d9c5,flat_still,bias1_profiled_removal,converged,-1.9999999999999998,lower,-0.9999999999999999,lower
baseline::31d7e5019dfdc9e2e6387206::bias1_unsubtracted::sphere_rotating,baseline,31d7e5019dfdc9e2e6387206,sphere_rotating,bias1_unsubtracted,converged,-1.9999999999999998,lower,-0.9999999999999999,lower
baseline::31d7e5019dfdc9e2e6387206::bias1_unsubtracted::sphere_still,baseline,31d7e5019dfdc9e2e6387206,sphere_still,bias1_unsubtracted,converged,-1.9999999999999998,lower,-0.9999999999999999,lower
baseline::31d7e5019dfdc9e2e6387206::bias1_unsubtracted::flat_still,baseline,31d7e5019dfdc9e2e6387206,flat_still,bias1_unsubtracted,converged,-1.9999999999999998,lower,-0.9999999999999999,lower
baseline::31d7e5019dfdc9e2e6387206::bias1_profiled_removal::sphere_rotating,baseline,31d7e5019dfdc9e2e6387206,sphere_rotating,bias1_profiled_removal,converged,-1.9999999999999998,lower,-0.9999999999999999,lower
baseline::31d7e5019dfdc9e2e6387206::bias1_profiled_removal::sphere_still,baseline,31d7e5019dfdc9e2e6387206,sphere_still,bias1_profiled_removal,converged,-1.9999999999999998,lower,-0.9999999999999999,lower
baseline::31d7e5019dfdc9e2e6387206::bias1_profiled_removal::flat_still,baseline,31d7e5019dfdc9e2e6387206,flat_still,bias1_profiled_removal,converged,-1.9999999999999998,lower,-0.9999999999999999,lower
baseline::f66ab49757292bc3c396aba2::bias1_unsubtracted::sphere_rotating,baseline,f66ab49757292bc3c396aba2,sphere_rotating,bias1_unsubtracted,converged,1.9999999999999998,upper,0.9999999999999999,upper
baseline::f66ab49757292bc3c396aba2::bias1_unsubtracted::sphere_still,baseline,f66ab49757292bc3c396aba2,sphere_still,bias1_unsubtracted,converged,-1.9999999999999758,lower,-0.9999999999999979,lower
baseline::f66ab49757292bc3c396aba2::bias1_unsubtracted::flat_still,baseline,f66ab49757292bc3c396aba2,flat_still,bias1_unsubtracted,converged,-1.9999999999999998,lower,-0.9999999999999999,lower
baseline::f66ab49757292bc3c396aba2::bias1_profiled_removal::sphere_rotating,baseline,f66ab49757292bc3c396aba2,sphere_rotating,bias1_profiled_removal,unresolved,1.9999999999999998,upper,0.9999999672248109,upper
baseline::f66ab49757292bc3c396aba2::bias1_profiled_removal::sphere_still,baseline,f66ab49757292bc3c396aba2,sphere_still,bias1_profiled_removal,unresolved,-1.9999999991658826,lower,-0.999999999894236,lower
baseline::f66ab49757292bc3c396aba2::bias1_profiled_removal::flat_still,baseline,f66ab49757292bc3c396aba2,flat_still,bias1_profiled_removal,converged,-1.9999999999999998,lower,-0.9999999999999999,lower
baseline::e543e7b6e878b96a1966dbb6::bias1_unsubtracted::sphere_rotating,baseline,e543e7b6e878b96a1966dbb6,sphere_rotating,bias1_unsubtracted,unresolved,-1.9999999975838185,lower,0.11805152150277427,interior
baseline::e543e7b6e878b96a1966dbb6::bias1_unsubtracted::sphere_still,baseline,e543e7b6e878b96a1966dbb6,sphere_still,bias1_unsubtracted,unresolved,-1.9999999999999998,lower,-0.9999999999999999,lower
baseline::e543e7b6e878b96a1966dbb6::bias1_unsubtracted::flat_still,baseline,e543e7b6e878b96a1966dbb6,flat_still,bias1_unsubtracted,converged,-1.9999999999999998,lower,-0.9999999999999999,lower
baseline::e543e7b6e878b96a1966dbb6::bias1_profiled_removal::sphere_rotating,baseline,e543e7b6e878b96a1966dbb6,sphere_rotating,bias1_profiled_removal,converged,-1.516621233185636,interior,0.9999998505888477,upper
baseline::e543e7b6e878b96a1966dbb6::bias1_profiled_removal::sphere_still,baseline,e543e7b6e878b96a1966dbb6,sphere_still,bias1_profiled_removal,unresolved,-1.9999999999999998,lower,-0.9999999999999999,lower
baseline::e543e7b6e878b96a1966dbb6::bias1_profiled_removal::flat_still,baseline,e543e7b6e878b96a1966dbb6,flat_still,bias1_profiled_removal,converged,-1.9999999999999998,lower,-0.9999999999999999,lower
baseline::9f4d888995ab94bb8eff4df6::bias1_unsubtracted::sphere_rotating,baseline,9f4d888995ab94bb8eff4df6,sphere_rotating,bias1_unsubtracted,unresolved,-1.9999999999999998,lower,0.619690562653731,interior
baseline::9f4d888995ab94bb8eff4df6::bias1_unsubtracted::sphere_still,baseline,9f4d888995ab94bb8eff4df6,sphere_still,bias1_unsubtracted,converged,-1.9999999999999998,lower,-0.9999999999999999,lower
baseline::9f4d888995ab94bb8eff4df6::bias1_unsubtracted::flat_still,baseline,9f4d888995ab94bb8eff4df6,flat_still,bias1_unsubtracted,unresolved,-1.9999999999999998,lower,-0.9999999999999999,lower
baseline::9f4d888995ab94bb8eff4df6::bias1_profiled_removal::sphere_rotating,baseline,9f4d888995ab94bb8eff4df6,sphere_rotating,bias1_profiled_removal,unresolved,-1.9999999999999998,lower,0.9999999999999999,upper
baseline::9f4d888995ab94bb8eff4df6::bias1_profiled_removal::sphere_still,baseline,9f4d888995ab94bb8eff4df6,sphere_still,bias1_profiled_removal,converged,-1.9999999999999998,lower,-0.9999999999999999,lower
baseline::9f4d888995ab94bb8eff4df6::bias1_profiled_removal::flat_still,baseline,9f4d888995ab94bb8eff4df6,flat_still,bias1_profiled_removal,unresolved,-1.9999999999999998,lower,-0.9999999999999999,lower
baseline::705de394963c8be15c580512::bias1_unsubtracted::sphere_rotating,baseline,705de394963c8be15c580512,sphere_rotating,bias1_unsubtracted,unresolved,1.9999999551191174,upper,0.9999999999999999,upper
baseline::705de394963c8be15c580512::bias1_unsubtracted::sphere_still,baseline,705de394963c8be15c580512,sphere_still,bias1_unsubtracted,converged,-1.9999999999999998,lower,-0.9999999999999999,lower
baseline::705de394963c8be15c580512::bias1_unsubtracted::flat_still,baseline,705de394963c8be15c580512,flat_still,bias1_unsubtracted,converged,-1.9999999999999998,lower,-0.9999999999999999,lower
baseline::705de394963c8be15c580512::bias1_profiled_removal::sphere_rotating,baseline,705de394963c8be15c580512,sphere_rotating,bias1_profiled_removal,converged,1.9993577499711126,upper,0.9999999891872424,upper
baseline::705de394963c8be15c580512::bias1_profiled_removal::sphere_still,baseline,705de394963c8be15c580512,sphere_still,bias1_profiled_removal,converged,-1.9999999999999998,lower,-0.9999999999999999,lower
baseline::705de394963c8be15c580512::bias1_profiled_removal::flat_still,baseline,705de394963c8be15c580512,flat_still,bias1_profiled_removal,converged,-1.9999999999999998,lower,-0.9999999999999999,lower
baseline::74ec8f62cb621604ddcdde9c::bias1_unsubtracted::sphere_rotating,baseline,74ec8f62cb621604ddcdde9c,sphere_rotating,bias1_unsubtracted,converged,1.999999999997204,upper,0.9999999999999999,upper
baseline::74ec8f62cb621604ddcdde9c::bias1_unsubtracted::sphere_still,baseline,74ec8f62cb621604ddcdde9c,sphere_still,bias1_unsubtracted,converged,-1.9999999999999998,lower,-0.9999999999999999,lower
baseline::74ec8f62cb621604ddcdde9c::bias1_unsubtracted::flat_still,baseline,74ec8f62cb621604ddcdde9c,flat_still,bias1_unsubtracted,converged,-1.9999999999999998,lower,-0.9999999999999999,lower
baseline::74ec8f62cb621604ddcdde9c::bias1_profiled_removal::sphere_rotating,baseline,74ec8f62cb621604ddcdde9c,sphere_rotating,bias1_profiled_removal,unresolved,1.9999397928508096,upper,0.9995376163789613,upper
baseline::74ec8f62cb621604ddcdde9c::bias1_profiled_removal::sphere_still,baseline,74ec8f62cb621604ddcdde9c,sphere_still,bias1_profiled_removal,converged,-1.9999999999999998,lower,-0.9999999999999999,lower
baseline::74ec8f62cb621604ddcdde9c::bias1_profiled_removal::flat_still,baseline,74ec8f62cb621604ddcdde9c,flat_still,bias1_profiled_removal,converged,-1.9999999999999998,lower,-0.9999999999999999,lower
baseline::a6e658d1550299e4eb9f00a3::bias1_unsubtracted::sphere_rotating,baseline,a6e658d1550299e4eb9f00a3,sphere_rotating,bias1_unsubtracted,unresolved,-1.9999995049022494,lower,-0.9999875618439842,lower
baseline::a6e658d1550299e4eb9f00a3::bias1_unsubtracted::sphere_still,baseline,a6e658d1550299e4eb9f00a3,sphere_still,bias1_unsubtracted,unresolved,-1.9999999999999998,lower,-0.9999999999999999,lower
baseline::a6e658d1550299e4eb9f00a3::bias1_unsubtracted::flat_still,baseline,a6e658d1550299e4eb9f00a3,flat_still,bias1_unsubtracted,converged,-1.9999999999999998,lower,-0.9999999999999999,lower
baseline::a6e658d1550299e4eb9f00a3::bias1_profiled_removal::sphere_rotating,baseline,a6e658d1550299e4eb9f00a3,sphere_rotating,bias1_profiled_removal,unresolved,-1.999999947595484,lower,-0.9999942948779961,lower
baseline::a6e658d1550299e4eb9f00a3::bias1_profiled_removal::sphere_still,baseline,a6e658d1550299e4eb9f00a3,sphere_still,bias1_profiled_removal,converged,-1.9999999999999998,lower,-0.9999999999999999,lower
baseline::a6e658d1550299e4eb9f00a3::bias1_profiled_removal::flat_still,baseline,a6e658d1550299e4eb9f00a3,flat_still,bias1_profiled_removal,converged,-1.9999999999999998,lower,-0.9999999999999999,lower
baseline::8f2a00e9f13b367202e4d46a::bias1_unsubtracted::sphere_rotating,baseline,8f2a00e9f13b367202e4d46a,sphere_rotating,bias1_unsubtracted,converged,-1.9999999999999998,lower,-0.9999999912366182,lower
baseline::8f2a00e9f13b367202e4d46a::bias1_unsubtracted::sphere_still,baseline,8f2a00e9f13b367202e4d46a,sphere_still,bias1_unsubtracted,converged,-1.9999999999999998,lower,0.9999999999999999,upper
baseline::8f2a00e9f13b367202e4d46a::bias1_unsubtracted::flat_still,baseline,8f2a00e9f13b367202e4d46a,flat_still,bias1_unsubtracted,converged,-1.9999999999999998,lower,0.9999999999999999,upper
baseline::8f2a00e9f13b367202e4d46a::bias1_profiled_removal::sphere_rotating,baseline,8f2a00e9f13b367202e4d46a,sphere_rotating,bias1_profiled_removal,converged,-1.9999999999999998,lower,-0.9999999999541085,lower
baseline::8f2a00e9f13b367202e4d46a::bias1_profiled_removal::sphere_still,baseline,8f2a00e9f13b367202e4d46a,sphere_still,bias1_profiled_removal,converged,-1.9999999999999998,lower,0.9999999999999999,upper
baseline::8f2a00e9f13b367202e4d46a::bias1_profiled_removal::flat_still,baseline,8f2a00e9f13b367202e4d46a,flat_still,bias1_profiled_removal,converged,-1.9999999999999998,lower,0.9999999999999999,upper
baseline::8cc288f5de7e88878c04b7f1::bias1_unsubtracted::sphere_rotating,baseline,8cc288f5de7e88878c04b7f1,sphere_rotating,bias1_unsubtracted,unresolved,-1.9999999999999998,lower,0.9999999999999999,upper
baseline::8cc288f5de7e88878c04b7f1::bias1_unsubtracted::sphere_still,baseline,8cc288f5de7e88878c04b7f1,sphere_still,bias1_unsubtracted,converged,-1.9999999999999998,lower,-0.9999999999999999,lower
baseline::8cc288f5de7e88878c04b7f1::bias1_unsubtracted::flat_still,baseline,8cc288f5de7e88878c04b7f1,flat_still,bias1_unsubtracted,converged,-1.9999999999999998,lower,-0.9999999999999999,lower
baseline::8cc288f5de7e88878c04b7f1::bias1_profiled_removal::sphere_rotating,baseline,8cc288f5de7e88878c04b7f1,sphere_rotating,bias1_profiled_removal,unresolved,-1.9999999999999998,lower,0.999999999996699,upper
baseline::8cc288f5de7e88878c04b7f1::bias1_profiled_removal::sphere_still,baseline,8cc288f5de7e88878c04b7f1,sphere_still,bias1_profiled_removal,unresolved,-1.9999999999999993,lower,-0.9999999999999927,lower
baseline::8cc288f5de7e88878c04b7f1::bias1_profiled_removal::flat_still,baseline,8cc288f5de7e88878c04b7f1,flat_still,bias1_profiled_removal,converged,-1.9999999999999998,lower,-0.9999999999999999,lower
baseline::50f24131843071ae9312c082::bias1_unsubtracted::sphere_rotating,baseline,50f24131843071ae9312c082,sphere_rotating,bias1_unsubtracted,unresolved,-1.9999999999999103,lower,0.9999999999999999,upper
baseline::50f24131843071ae9312c082::bias1_unsubtracted::sphere_still,baseline,50f24131843071ae9312c082,sphere_still,bias1_unsubtracted,unresolved,-1.999999999882162,lower,-0.9999999999999999,lower
baseline::50f24131843071ae9312c082::bias1_unsubtracted::flat_still,baseline,50f24131843071ae9312c082,flat_still,bias1_unsubtracted,converged,-1.9999999999999998,lower,-0.9999999999999999,lower
baseline::50f24131843071ae9312c082::bias1_profiled_removal::sphere_rotating,baseline,50f24131843071ae9312c082,sphere_rotating,bias1_profiled_removal,unresolved,-0.5171644023983949,interior,0.9999999999999449,upper
baseline::50f24131843071ae9312c082::bias1_profiled_removal::sphere_still,baseline,50f24131843071ae9312c082,sphere_still,bias1_profiled_removal,unresolved,-1.999995720322946,lower,-0.9999999999999999,lower
baseline::50f24131843071ae9312c082::bias1_profiled_removal::flat_still,baseline,50f24131843071ae9312c082,flat_still,bias1_profiled_removal,converged,-1.9999999999999998,lower,0.9999999999999999,upper
baseline::be1d75a0e47ff1c972865ba7::bias1_unsubtracted::sphere_rotating,baseline,be1d75a0e47ff1c972865ba7,sphere_rotating,bias1_unsubtracted,converged,-0.8623569180218411,interior,-0.9999999999999999,lower
baseline::be1d75a0e47ff1c972865ba7::bias1_unsubtracted::sphere_still,baseline,be1d75a0e47ff1c972865ba7,sphere_still,bias1_unsubtracted,converged,-1.9999999999999998,lower,-0.9999999999999999,lower
baseline::be1d75a0e47ff1c972865ba7::bias1_unsubtracted::flat_still,baseline,be1d75a0e47ff1c972865ba7,flat_still,bias1_unsubtracted,unresolved,-1.9999999999999998,lower,-0.9999999999999999,lower
baseline::be1d75a0e47ff1c972865ba7::bias1_profiled_removal::sphere_rotating,baseline,be1d75a0e47ff1c972865ba7,sphere_rotating,bias1_profiled_removal,converged,1.9997926606564729,upper,-0.19092511461290051,interior
baseline::be1d75a0e47ff1c972865ba7::bias1_profiled_removal::sphere_still,baseline,be1d75a0e47ff1c972865ba7,sphere_still,bias1_profiled_removal,converged,-1.9999999999999998,lower,-0.9999999999999999,lower
baseline::be1d75a0e47ff1c972865ba7::bias1_profiled_removal::flat_still,baseline,be1d75a0e47ff1c972865ba7,flat_still,bias1_profiled_removal,unresolved,-1.9999999999999998,lower,-0.9999999999999999,lower
baseline::61e1b08da0912019eb521cd9::bias1_unsubtracted::sphere_rotating,baseline,61e1b08da0912019eb521cd9,sphere_rotating,bias1_unsubtracted,converged,1.9999999999999998,upper,-0.8989618184875682,interior
baseline::61e1b08da0912019eb521cd9::bias1_unsubtracted::sphere_still,baseline,61e1b08da0912019eb521cd9,sphere_still,bias1_unsubtracted,unresolved,-1.9999999999999998,lower,-0.9999999999999999,lower
baseline::61e1b08da0912019eb521cd9::bias1_unsubtracted::flat_still,baseline,61e1b08da0912019eb521cd9,flat_still,bias1_unsubtracted,converged,-1.9999999999999998,lower,-0.9999999999999999,lower
baseline::61e1b08da0912019eb521cd9::bias1_profiled_removal::sphere_rotating,baseline,61e1b08da0912019eb521cd9,sphere_rotating,bias1_profiled_removal,unresolved,1.9999999852647516,upper,-0.9023163455785036,interior
baseline::61e1b08da0912019eb521cd9::bias1_profiled_removal::sphere_still,baseline,61e1b08da0912019eb521cd9,sphere_still,bias1_profiled_removal,unresolved,-1.9999999999999998,lower,-0.9999999999999999,lower
baseline::61e1b08da0912019eb521cd9::bias1_profiled_removal::flat_still,baseline,61e1b08da0912019eb521cd9,flat_still,bias1_profiled_removal,unresolved,-1.9999999999999998,lower,-0.9999999999999999,lower
baseline::ec6effbf9b2172b1389afc96::bias1_unsubtracted::sphere_rotating,baseline,ec6effbf9b2172b1389afc96,sphere_rotating,bias1_unsubtracted,converged,1.9999999999999951,upper,-0.9999999999997633,lower
baseline::ec6effbf9b2172b1389afc96::bias1_unsubtracted::sphere_still,baseline,ec6effbf9b2172b1389afc96,sphere_still,bias1_unsubtracted,converged,-1.9999999999999998,lower,-0.9999999999999999,lower
baseline::ec6effbf9b2172b1389afc96::bias1_unsubtracted::flat_still,baseline,ec6effbf9b2172b1389afc96,flat_still,bias1_unsubtracted,converged,-1.9999999999999998,lower,-0.9999999999999999,lower
baseline::ec6effbf9b2172b1389afc96::bias1_profiled_removal::sphere_rotating,baseline,ec6effbf9b2172b1389afc96,sphere_rotating,bias1_profiled_removal,converged,1.9999999999999998,upper,0.38512042373945743,interior
baseline::ec6effbf9b2172b1389afc96::bias1_profiled_removal::sphere_still,baseline,ec6effbf9b2172b1389afc96,sphere_still,bias1_profiled_removal,converged,-1.9999999999999998,lower,-0.9999999999999999,lower
baseline::ec6effbf9b2172b1389afc96::bias1_profiled_removal::flat_still,baseline,ec6effbf9b2172b1389afc96,flat_still,bias1_profiled_removal,converged,-1.9999999999999998,lower,-0.9999999999999999,lower
baseline::c69d0a93113d86b5264f92eb::bias1_unsubtracted::sphere_rotating,baseline,c69d0a93113d86b5264f92eb,sphere_rotating,bias1_unsubtracted,converged,1.9999999999999998,upper,0.9999999999999974,upper
baseline::c69d0a93113d86b5264f92eb::bias1_unsubtracted::sphere_still,baseline,c69d0a93113d86b5264f92eb,sphere_still,bias1_unsubtracted,converged,-1.9999999999999998,lower,-0.9999999999999999,lower
baseline::c69d0a93113d86b5264f92eb::bias1_unsubtracted::flat_still,baseline,c69d0a93113d86b5264f92eb,flat_still,bias1_unsubtracted,converged,-1.9999999999999998,lower,-0.9999999999999999,lower
baseline::c69d0a93113d86b5264f92eb::bias1_profiled_removal::sphere_rotating,baseline,c69d0a93113d86b5264f92eb,sphere_rotating,bias1_profiled_removal,converged,1.9999999999999998,upper,0.9999999999999999,upper
baseline::c69d0a93113d86b5264f92eb::bias1_profiled_removal::sphere_still,baseline,c69d0a93113d86b5264f92eb,sphere_still,bias1_profiled_removal,converged,-1.9999999999999998,lower,-0.9999999999999999,lower
baseline::c69d0a93113d86b5264f92eb::bias1_profiled_removal::flat_still,baseline,c69d0a93113d86b5264f92eb,flat_still,bias1_profiled_removal,converged,-1.9999999999999998,lower,-0.9999999999999999,lower
baseline::370cec66878c4c1cf84b4ceb::bias1_unsubtracted::sphere_rotating,baseline,370cec66878c4c1cf84b4ceb,sphere_rotating,bias1_unsubtracted,converged,1.9999999999999998,upper,0.9999999999999999,upper
baseline::370cec66878c4c1cf84b4ceb::bias1_unsubtracted::sphere_still,baseline,370cec66878c4c1cf84b4ceb,sphere_still,bias1_unsubtracted,unresolved,-1.9999999999999998,lower,-0.9999999999999999,lower
baseline::370cec66878c4c1cf84b4ceb::bias1_unsubtracted::flat_still,baseline,370cec66878c4c1cf84b4ceb,flat_still,bias1_unsubtracted,unresolved,-1.9999999999999998,lower,-0.9999999999999999,lower
baseline::370cec66878c4c1cf84b4ceb::bias1_profiled_removal::sphere_rotating,baseline,370cec66878c4c1cf84b4ceb,sphere_rotating,bias1_profiled_removal,unresolved,1.9999999982887817,upper,0.9999999999346718,upper
baseline::370cec66878c4c1cf84b4ceb::bias1_profiled_removal::sphere_still,baseline,370cec66878c4c1cf84b4ceb,sphere_still,bias1_profiled_removal,unresolved,-1.9999999999999998,lower,-0.9999999999999999,lower
baseline::370cec66878c4c1cf84b4ceb::bias1_profiled_removal::flat_still,baseline,370cec66878c4c1cf84b4ceb,flat_still,bias1_profiled_removal,converged,-1.9999999999999998,lower,-0.9999999999999999,lower
baseline::b4e44ddc0f130ecd45674c78::bias1_unsubtracted::sphere_rotating,baseline,b4e44ddc0f130ecd45674c78,sphere_rotating,bias1_unsubtracted,converged,1.9999999999999998,upper,0.9999999999999999,upper
baseline::b4e44ddc0f130ecd45674c78::bias1_unsubtracted::sphere_still,baseline,b4e44ddc0f130ecd45674c78,sphere_still,bias1_unsubtracted,converged,1.9999999999999998,upper,-0.9999999999999999,lower
baseline::b4e44ddc0f130ecd45674c78::bias1_unsubtracted::flat_still,baseline,b4e44ddc0f130ecd45674c78,flat_still,bias1_unsubtracted,converged,-1.9999999999999998,lower,-0.9999999999999999,lower
baseline::b4e44ddc0f130ecd45674c78::bias1_profiled_removal::sphere_rotating,baseline,b4e44ddc0f130ecd45674c78,sphere_rotating,bias1_profiled_removal,unresolved,1.9999999999999998,upper,0.9999999999999999,upper
baseline::b4e44ddc0f130ecd45674c78::bias1_profiled_removal::sphere_still,baseline,b4e44ddc0f130ecd45674c78,sphere_still,bias1_profiled_removal,converged,1.9999999999999998,upper,-0.9999999999999999,lower
baseline::b4e44ddc0f130ecd45674c78::bias1_profiled_removal::flat_still,baseline,b4e44ddc0f130ecd45674c78,flat_still,bias1_profiled_removal,converged,-1.9999999999999998,lower,0.9999999999999999,upper
baseline::2eb8727803b318a39937e7ec::bias1_unsubtracted::sphere_rotating,baseline,2eb8727803b318a39937e7ec,sphere_rotating,bias1_unsubtracted,unresolved,1.9999999999999998,upper,-0.999999999999999,lower
baseline::2eb8727803b318a39937e7ec::bias1_unsubtracted::sphere_still,baseline,2eb8727803b318a39937e7ec,sphere_still,bias1_unsubtracted,converged,-1.9999999999999998,lower,-0.9999999999999999,lower
baseline::2eb8727803b318a39937e7ec::bias1_unsubtracted::flat_still,baseline,2eb8727803b318a39937e7ec,flat_still,bias1_unsubtracted,unresolved,-1.9999999999999998,lower,-0.9999999999999999,lower
baseline::2eb8727803b318a39937e7ec::bias1_profiled_removal::sphere_rotating,baseline,2eb8727803b318a39937e7ec,sphere_rotating,bias1_profiled_removal,unresolved,1.9999999997998552,upper,-0.999999998557029,lower
baseline::2eb8727803b318a39937e7ec::bias1_profiled_removal::sphere_still,baseline,2eb8727803b318a39937e7ec,sphere_still,bias1_profiled_removal,unresolved,-1.9999999999999998,lower,-0.9999999999999999,lower
baseline::2eb8727803b318a39937e7ec::bias1_profiled_removal::flat_still,baseline,2eb8727803b318a39937e7ec,flat_still,bias1_profiled_removal,unresolved,-1.9999999852639756,lower,-0.9999991571604593,lower
baseline::2a56eb8fa7d4e10c9a867bb0::bias1_unsubtracted::sphere_rotating,baseline,2a56eb8fa7d4e10c9a867bb0,sphere_rotating,bias1_unsubtracted,converged,-1.7028557760375769,interior,0.9999875953403831,upper
baseline::2a56eb8fa7d4e10c9a867bb0::bias1_unsubtracted::sphere_still,baseline,2a56eb8fa7d4e10c9a867bb0,sphere_still,bias1_unsubtracted,converged,-1.9999999999999998,lower,-0.9999999999999999,lower
baseline::2a56eb8fa7d4e10c9a867bb0::bias1_unsubtracted::flat_still,baseline,2a56eb8fa7d4e10c9a867bb0,flat_still,bias1_unsubtracted,unresolved,-1.9999999999999998,lower,-0.9999999999999999,lower
baseline::2a56eb8fa7d4e10c9a867bb0::bias1_profiled_removal::sphere_rotating,baseline,2a56eb8fa7d4e10c9a867bb0,sphere_rotating,bias1_profiled_removal,unresolved,1.0099530402694543,interior,0.9999999806738072,upper
baseline::2a56eb8fa7d4e10c9a867bb0::bias1_profiled_removal::sphere_still,baseline,2a56eb8fa7d4e10c9a867bb0,sphere_still,bias1_profiled_removal,unresolved,-1.9999999999998506,lower,-0.9999999999999397,lower
baseline::2a56eb8fa7d4e10c9a867bb0::bias1_profiled_removal::flat_still,baseline,2a56eb8fa7d4e10c9a867bb0,flat_still,bias1_profiled_removal,unresolved,-1.9999999999999998,lower,-0.9999999999999999,lower
baseline::f5c1fca513b9b40dffba93eb::bias1_unsubtracted::sphere_rotating,baseline,f5c1fca513b9b40dffba93eb,sphere_rotating,bias1_unsubtracted,unresolved,-1.9999999999999998,lower,0.9999997288276222,upper
baseline::f5c1fca513b9b40dffba93eb::bias1_unsubtracted::sphere_still,baseline,f5c1fca513b9b40dffba93eb,sphere_still,bias1_unsubtracted,converged,-1.9999999999999987,lower,-0.9999999999999883,lower
baseline::f5c1fca513b9b40dffba93eb::bias1_unsubtracted::flat_still,baseline,f5c1fca513b9b40dffba93eb,flat_still,bias1_unsubtracted,converged,-1.9999999999999998,lower,-0.9999999999999999,lower
baseline::f5c1fca513b9b40dffba93eb::bias1_profiled_removal::sphere_rotating,baseline,f5c1fca513b9b40dffba93eb,sphere_rotating,bias1_profiled_removal,unresolved,-1.9999999999974156,lower,0.9999722474539962,upper
baseline::f5c1fca513b9b40dffba93eb::bias1_profiled_removal::sphere_still,baseline,f5c1fca513b9b40dffba93eb,sphere_still,bias1_profiled_removal,converged,-1.9999999999999967,lower,-0.9999999999999762,lower
baseline::f5c1fca513b9b40dffba93eb::bias1_profiled_removal::flat_still,baseline,f5c1fca513b9b40dffba93eb,flat_still,bias1_profiled_removal,converged,-1.9999999999999998,lower,-0.9999999999999999,lower
baseline::013fdb894ff28509889a8896::bias1_unsubtracted::sphere_rotating,baseline,013fdb894ff28509889a8896,sphere_rotating,bias1_unsubtracted,unresolved,1.9999999999999998,upper,0.9999999999999282,upper
baseline::013fdb894ff28509889a8896::bias1_unsubtracted::sphere_still,baseline,013fdb894ff28509889a8896,sphere_still,bias1_unsubtracted,unresolved,-1.9999999999999998,lower,-0.9999999999999999,lower
baseline::013fdb894ff28509889a8896::bias1_unsubtracted::flat_still,baseline,013fdb894ff28509889a8896,flat_still,bias1_unsubtracted,unresolved,-1.9999999999999998,lower,-0.9999999999999999,lower
baseline::013fdb894ff28509889a8896::bias1_profiled_removal::sphere_rotating,baseline,013fdb894ff28509889a8896,sphere_rotating,bias1_profiled_removal,unresolved,1.9999999461424496,upper,0.9999894335732443,upper
baseline::013fdb894ff28509889a8896::bias1_profiled_removal::sphere_still,baseline,013fdb894ff28509889a8896,sphere_still,bias1_profiled_removal,unresolved,-1.9999999999999998,lower,-0.9999999999999999,lower
baseline::013fdb894ff28509889a8896::bias1_profiled_removal::flat_still,baseline,013fdb894ff28509889a8896,flat_still,bias1_profiled_removal,unresolved,-1.9999999999999998,lower,-0.9999999999999999,lower
baseline::5a642167dfb523f6c9cc284c::bias1_unsubtracted::sphere_rotating,baseline,5a642167dfb523f6c9cc284c,sphere_rotating,bias1_unsubtracted,unresolved,-1.9999999999452889,lower,-0.9999999988348327,lower
baseline::5a642167dfb523f6c9cc284c::bias1_unsubtracted::sphere_still,baseline,5a642167dfb523f6c9cc284c,sphere_still,bias1_unsubtracted,converged,-1.9999999999999998,lower,-0.9999999999999999,lower
baseline::5a642167dfb523f6c9cc284c::bias1_unsubtracted::flat_still,baseline,5a642167dfb523f6c9cc284c,flat_still,bias1_unsubtracted,converged,-1.9999999999999998,lower,-0.9999999999999999,lower
baseline::5a642167dfb523f6c9cc284c::bias1_profiled_removal::sphere_rotating,baseline,5a642167dfb523f6c9cc284c,sphere_rotating,bias1_profiled_removal,converged,-1.9999995123352623,lower,-0.8609046740904005,interior
baseline::5a642167dfb523f6c9cc284c::bias1_profiled_removal::sphere_still,baseline,5a642167dfb523f6c9cc284c,sphere_still,bias1_profiled_removal,converged,-1.9999999999999998,lower,-0.9999999999999999,lower
baseline::5a642167dfb523f6c9cc284c::bias1_profiled_removal::flat_still,baseline,5a642167dfb523f6c9cc284c,flat_still,bias1_profiled_removal,converged,-1.9999999999999998,lower,-0.9999999999999999,lower
baseline::c028fde63f91c3f1067df4ad::bias1_unsubtracted::sphere_rotating,baseline,c028fde63f91c3f1067df4ad,sphere_rotating,bias1_unsubtracted,converged,-1.9999999999999998,lower,-0.9999999999999999,lower
baseline::c028fde63f91c3f1067df4ad::bias1_unsubtracted::sphere_still,baseline,c028fde63f91c3f1067df4ad,sphere_still,bias1_unsubtracted,converged,-1.9999999999999998,lower,-0.9999999999999999,lower
baseline::c028fde63f91c3f1067df4ad::bias1_unsubtracted::flat_still,baseline,c028fde63f91c3f1067df4ad,flat_still,bias1_unsubtracted,converged,-1.9999999999999998,lower,-0.9999999999999999,lower
baseline::c028fde63f91c3f1067df4ad::bias1_profiled_removal::sphere_rotating,baseline,c028fde63f91c3f1067df4ad,sphere_rotating,bias1_profiled_removal,converged,-1.9999999999999998,lower,-0.9999999999782285,lower
baseline::c028fde63f91c3f1067df4ad::bias1_profiled_removal::sphere_still,baseline,c028fde63f91c3f1067df4ad,sphere_still,bias1_profiled_removal,converged,-1.9999999999999998,lower,-0.9999999999999999,lower
baseline::c028fde63f91c3f1067df4ad::bias1_profiled_removal::flat_still,baseline,c028fde63f91c3f1067df4ad,flat_still,bias1_profiled_removal,converged,-1.9999999999999998,lower,-0.9999999999999999,lower
baseline::7ee5e21c025360c970124eeb::bias1_unsubtracted::sphere_rotating,baseline,7ee5e21c025360c970124eeb,sphere_rotating,bias1_unsubtracted,unresolved,1.9999999999999998,upper,0.20204121737121086,interior
baseline::7ee5e21c025360c970124eeb::bias1_unsubtracted::sphere_still,baseline,7ee5e21c025360c970124eeb,sphere_still,bias1_unsubtracted,converged,-1.9999999999999998,lower,-0.9999999999999999,lower
baseline::7ee5e21c025360c970124eeb::bias1_unsubtracted::flat_still,baseline,7ee5e21c025360c970124eeb,flat_still,bias1_unsubtracted,converged,-1.9999999999999998,lower,-0.9999999999999999,lower
baseline::7ee5e21c025360c970124eeb::bias1_profiled_removal::sphere_rotating,baseline,7ee5e21c025360c970124eeb,sphere_rotating,bias1_profiled_removal,unresolved,1.9999999999999998,upper,0.5557200630784555,interior
baseline::7ee5e21c025360c970124eeb::bias1_profiled_removal::sphere_still,baseline,7ee5e21c025360c970124eeb,sphere_still,bias1_profiled_removal,converged,-1.9999999999999998,lower,-0.9999999999999999,lower
baseline::7ee5e21c025360c970124eeb::bias1_profiled_removal::flat_still,baseline,7ee5e21c025360c970124eeb,flat_still,bias1_profiled_removal,converged,-1.9999999999999998,lower,-0.9999999999999999,lower
trial::570b37d23af5e245dd461051::bias1_unsubtracted::sphere_rotating,trial,570b37d23af5e245dd461051,sphere_rotating,bias1_unsubtracted,converged,-1.9999999999999998,lower,0.9999999999999999,upper
trial::570b37d23af5e245dd461051::bias1_unsubtracted::sphere_still,trial,570b37d23af5e245dd461051,sphere_still,bias1_unsubtracted,converged,-1.9999999999999998,lower,-0.9999999999999999,lower
trial::570b37d23af5e245dd461051::bias1_unsubtracted::flat_still,trial,570b37d23af5e245dd461051,flat_still,bias1_unsubtracted,converged,-1.9999999999999998,lower,-0.9999999999999999,lower
trial::570b37d23af5e245dd461051::bias1_profiled_removal::sphere_rotating,trial,570b37d23af5e245dd461051,sphere_rotating,bias1_profiled_removal,converged,-1.9999999999999998,lower,0.9999999999999999,upper
trial::570b37d23af5e245dd461051::bias1_profiled_removal::sphere_still,trial,570b37d23af5e245dd461051,sphere_still,bias1_profiled_removal,converged,-1.9999999999999998,lower,-0.9999999999999999,lower
trial::570b37d23af5e245dd461051::bias1_profiled_removal::flat_still,trial,570b37d23af5e245dd461051,flat_still,bias1_profiled_removal,converged,-1.9999999999999998,lower,-0.9999999999999999,lower
trial::b4e44ddc0f130ecd45674c78::bias1_unsubtracted::sphere_rotating,trial,b4e44ddc0f130ecd45674c78,sphere_rotating,bias1_unsubtracted,converged,1.9999999999999998,upper,0.9999999999999999,upper
trial::b4e44ddc0f130ecd45674c78::bias1_unsubtracted::sphere_still,trial,b4e44ddc0f130ecd45674c78,sphere_still,bias1_unsubtracted,converged,1.9999999999999998,upper,-0.9999999999999999,lower
trial::b4e44ddc0f130ecd45674c78::bias1_unsubtracted::flat_still,trial,b4e44ddc0f130ecd45674c78,flat_still,bias1_unsubtracted,converged,-1.9999999999999998,lower,-0.9999999999999999,lower
trial::b4e44ddc0f130ecd45674c78::bias1_profiled_removal::sphere_rotating,trial,b4e44ddc0f130ecd45674c78,sphere_rotating,bias1_profiled_removal,unresolved,1.9999999999999998,upper,0.9999999999999999,upper
trial::b4e44ddc0f130ecd45674c78::bias1_profiled_removal::sphere_still,trial,b4e44ddc0f130ecd45674c78,sphere_still,bias1_profiled_removal,unresolved,1.9999999999999998,upper,-0.9999999999999999,lower
trial::b4e44ddc0f130ecd45674c78::bias1_profiled_removal::flat_still,trial,b4e44ddc0f130ecd45674c78,flat_still,bias1_profiled_removal,converged,-1.9999999999999998,lower,0.9999999999999999,upper
