task_id,filename,source_sha256,azimuth_difference_deg,elevation_difference_deg,ephemeris_payload_sha256,first_packet_offset,format,gps_week,gps_week_seconds,interpretation,payload_sha256,predicted_azimuth_deg,predicted_elevation_deg,reported_azimuth_deg,reported_elevation_deg,sv_id,utc_epoch,sv_flags
594999d9bb7345ad87d3,ILVIS0_gyro_54935_lvis_applanix_POSAV.013,c83dfe2728b03bcdcd84edce7c538adf730380d7f7eb78cdbe068103094fb79a,-136.42734714493986,8.122547384790348,4a7b3c8a02e18536db4a9040f00ab1e47b4df559cfcd99a722189fadad738b25,8150848,RT17,1527,216434.0,flagged diagnostic only; no automatic omission/repair,d48f116585e81100de3f12011e7e04645dae5235e76eafda262d85e4ecab79c6,223.5726528550601,8.122547384790348,0,0,10,2009-04-14T12:06:59+00:00,"[220, 4]"
594999d9bb7345ad87d3,ILVIS0_gyro_54935_lvis_applanix_POSAV.013,c83dfe2728b03bcdcd84edce7c538adf730380d7f7eb78cdbe068103094fb79a,-136.42001534188194,8.12821401535828,4a7b3c8a02e18536db4a9040f00ab1e47b4df559cfcd99a722189fadad738b25,8177288,RT17,1527,216435.0,flagged diagnostic only; no automatic omission/repair,6b5046c63123ffc34acafa6348337029a3eb65b6dd32c5ef5296347096beb6ad,223.5799846581181,8.12821401535828,0,0,10,2009-04-14T12:07:00+00:00,"[220, 4]"
594999d9bb7345ad87d3,ILVIS0_gyro_54935_lvis_applanix_POSAV.013,c83dfe2728b03bcdcd84edce7c538adf730380d7f7eb78cdbe068103094fb79a,-136.41268094039373,8.133881297353735,4a7b3c8a02e18536db4a9040f00ab1e47b4df559cfcd99a722189fadad738b25,8203728,RT17,1527,216436.0,flagged diagnostic only; no automatic omission/repair,c198c315e71c3d722dfb274452a8c39f1ace3f15b218ea61b4e9c753812a98d1,223.58731905960627,8.133881297353735,0,0,10,2009-04-14T12:07:01+00:00,"[220, 4]"
594999d9bb7345ad87d3,ILVIS0_gyro_54935_lvis_applanix_POSAV.013,c83dfe2728b03bcdcd84edce7c538adf730380d7f7eb78cdbe068103094fb79a,-136.40534332724587,8.139549315230173,4a7b3c8a02e18536db4a9040f00ab1e47b4df559cfcd99a722189fadad738b25,8230168,RT17,1527,216437.0,flagged diagnostic only; no automatic omission/repair,21043f70a1e550d1aa1542fe885d7dd9120f27b85721b04b33b6553e82f9a3b8,223.5946566727541,8.139549315230173,0,0,10,2009-04-14T12:07:02+00:00,"[220, 4]"
594999d9bb7345ad87d3,ILVIS0_gyro_54935_lvis_applanix_POSAV.013,c83dfe2728b03bcdcd84edce7c538adf730380d7f7eb78cdbe068103094fb79a,-136.39800258153036,8.145217268231525,4a7b3c8a02e18536db4a9040f00ab1e47b4df559cfcd99a722189fadad738b25,8256948,RT17,1527,216438.0,flagged diagnostic only; no automatic omission/repair,c59bf0f82c78e9f1cc98a6cc3760be9702d66ded425846c472cde709cf467724,223.60199741846967,8.145217268231525,0,0,10,2009-04-14T12:07:03+00:00,"[220, 4]"
594999d9bb7345ad87d3,ILVIS0_gyro_54935_lvis_applanix_POSAV.013,c83dfe2728b03bcdcd84edce7c538adf730380d7f7eb78cdbe068103094fb79a,-136.39065993218532,8.150884978116384,4a7b3c8a02e18536db4a9040f00ab1e47b4df559cfcd99a722189fadad738b25,8283388,RT17,1527,216439.0,flagged diagnostic only; no automatic omission/repair,9537b1abdd42991cb67c728cf7d9176bf0ee0945a516e49b1fd7699276a9329b,223.60934006781468,8.150884978116384,0,0,10,2009-04-14T12:07:04+00:00,"[220, 4]"
594999d9bb7345ad87d3,ILVIS0_gyro_54935_lvis_applanix_POSAV.013,c83dfe2728b03bcdcd84edce7c538adf730380d7f7eb78cdbe068103094fb79a,-136.38331690367318,8.156552243063363,4a7b3c8a02e18536db4a9040f00ab1e47b4df559cfcd99a722189fadad738b25,8309828,RT17,1527,216440.0,flagged diagnostic only; no automatic omission/repair,1512aa93b295782e5a8d9fad4786eb7a60e2253b49bc56b930d5e794385f0b1b,223.61668309632682,8.156552243063363,0,0,10,2009-04-14T12:07:05+00:00,"[220, 4]"
594999d9bb7345ad87d3,ILVIS0_gyro_54935_lvis_applanix_POSAV.013,c83dfe2728b03bcdcd84edce7c538adf730380d7f7eb78cdbe068103094fb79a,-136.3759739262448,8.162218958228156,4a7b3c8a02e18536db4a9040f00ab1e47b4df559cfcd99a722189fadad738b25,8336268,RT17,1527,216441.0,flagged diagnostic only; no automatic omission/repair,db57abfaec7d84820f2ce8989fb905cbc1b1a4fdc9b8be21ad1bbc5c2a9068dc,223.62402607375523,8.162218958228156,0,0,10,2009-04-14T12:07:06+00:00,"[220, 4]"
594999d9bb7345ad87d3,ILVIS0_gyro_54935_lvis_applanix_POSAV.013,c83dfe2728b03bcdcd84edce7c538adf730380d7f7eb78cdbe068103094fb79a,-136.3686311303087,8.167885570110885,4a7b3c8a02e18536db4a9040f00ab1e47b4df559cfcd99a722189fadad738b25,8362780,RT17,1527,216442.0,flagged diagnostic only; no automatic omission/repair,1a1377b1b871451a9d2f383ac4fad82593b65cd867edd6ecf8417cd321561d3f,223.6313688696913,8.167885570110885,0,0,10,2009-04-14T12:07:07+00:00,"[249, 4]"
594999d9bb7345ad87d3,ILVIS0_gyro_54935_lvis_applanix_POSAV.013,c83dfe2728b03bcdcd84edce7c538adf730380d7f7eb78cdbe068103094fb79a,-136.36128734864025,8.173552928198468,4a7b3c8a02e18536db4a9040f00ab1e47b4df559cfcd99a722189fadad738b25,8389664,RT17,1527,216443.0,flagged diagnostic only; no automatic omission/repair,1cff7bcef0258e199d25abe7da588ea1fb828e7140f215ddc40fbb994d2a2708,223.63871265135975,8.173552928198468,0,0,10,2009-04-14T12:07:08+00:00,"[220, 4]"
594999d9bb7345ad87d3,ILVIS0_gyro_54935_lvis_applanix_POSAV.013,c83dfe2728b03bcdcd84edce7c538adf730380d7f7eb78cdbe068103094fb79a,-136.3539423697814,8.1792215504678,4a7b3c8a02e18536db4a9040f00ab1e47b4df559cfcd99a722189fadad738b25,8417032,RT17,1527,216444.0,flagged diagnostic only; no automatic omission/repair,4fe409a9abe6322b1e3f55807751c57adbe65ebf3a26f1791641230685287dfd,223.64605763021862,8.1792215504678,0,0,10,2009-04-14T12:07:09+00:00,"[220, 4]"
594999d9bb7345ad87d3,ILVIS0_gyro_54935_lvis_applanix_POSAV.013,c83dfe2728b03bcdcd84edce7c538adf730380d7f7eb78cdbe068103094fb79a,-136.34659555592174,8.184890631236048,4a7b3c8a02e18536db4a9040f00ab1e47b4df559cfcd99a722189fadad738b25,8443472,RT17,1527,216445.0,flagged diagnostic only; no automatic omission/repair,2a333a081851f4855dfb2bf11c8b91b24c1ce4159f9e72b8bfefa204c0c2cf96,223.65340444407826,8.184890631236048,0,0,10,2009-04-14T12:07:10+00:00,"[249, 4]"
594999d9bb7345ad87d3,ILVIS0_gyro_54935_lvis_applanix_POSAV.013,c83dfe2728b03bcdcd84edce7c538adf730380d7f7eb78cdbe068103094fb79a,-136.33924599692858,8.190560118545644,4a7b3c8a02e18536db4a9040f00ab1e47b4df559cfcd99a722189fadad738b25,8470040,RT17,1527,216446.0,flagged diagnostic only; no automatic omission/repair,6155725cd873894c5312f5d9d482ea6ee0743a6742329d69de4649214685960a,223.66075400307142,8.190560118545644,0,0,10,2009-04-14T12:07:11+00:00,"[249, 4]"
594999d9bb7345ad87d3,ILVIS0_gyro_54935_lvis_applanix_POSAV.013,c83dfe2728b03bcdcd84edce7c538adf730380d7f7eb78cdbe068103094fb79a,-136.3318937757357,8.196229891948084,4a7b3c8a02e18536db4a9040f00ab1e47b4df559cfcd99a722189fadad738b25,8496608,RT17,1527,216447.0,flagged diagnostic only; no automatic omission/repair,051a9051883f1e028eb2578948879ffd02b2b46db4de6d11df87aa1b5b73aded,223.66810622426433,8.196229891948084,0,0,10,2009-04-14T12:07:12+00:00,"[249, 4]"
594999d9bb7345ad87d3,ILVIS0_gyro_54935_lvis_applanix_POSAV.013,c83dfe2728b03bcdcd84edce7c538adf730380d7f7eb78cdbe068103094fb79a,-136.32453912195967,8.201899538288808,4a7b3c8a02e18536db4a9040f00ab1e47b4df559cfcd99a722189fadad738b25,8523516,RT17,1527,216448.0,flagged diagnostic only; no automatic omission/repair,c70f1d4404e03381be895ca82906d3a63b2d5cd34e4b33b72c8bff7ed4b240ba,223.6754608780403,8.201899538288808,0,0,10,2009-04-14T12:07:13+00:00,"[249, 4]"
594999d9bb7345ad87d3,ILVIS0_gyro_54935_lvis_applanix_POSAV.013,c83dfe2728b03bcdcd84edce7c538adf730380d7f7eb78cdbe068103094fb79a,-136.31718287585932,8.207568525531274,4a7b3c8a02e18536db4a9040f00ab1e47b4df559cfcd99a722189fadad738b25,8550084,RT17,1527,216449.0,flagged diagnostic only; no automatic omission/repair,170ccd4614947239503634c37730d9a43f98a105f13a9b3b500a9f27d00755d2,223.6828171241407,8.207568525531274,0,0,10,2009-04-14T12:07:14+00:00,"[249, 4]"
594999d9bb7345ad87d3,ILVIS0_gyro_54935_lvis_applanix_POSAV.013,c83dfe2728b03bcdcd84edce7c538adf730380d7f7eb78cdbe068103094fb79a,-136.30982558484618,8.213236706887232,4a7b3c8a02e18536db4a9040f00ab1e47b4df559cfcd99a722189fadad738b25,8576652,RT17,1527,216450.0,flagged diagnostic only; no automatic omission/repair,cca0eaa6a8b71f8749c0ca06c7c69b912e17a1dde09d03da4c4b67b2c4b24fb4,223.69017441515382,8.213236706887232,0,0,10,2009-04-14T12:07:15+00:00,"[249, 4]"
594999d9bb7345ad87d3,ILVIS0_gyro_54935_lvis_applanix_POSAV.013,c83dfe2728b03bcdcd84edce7c538adf730380d7f7eb78cdbe068103094fb79a,-136.30246691268667,8.218904380770507,4a7b3c8a02e18536db4a9040f00ab1e47b4df559cfcd99a722189fadad738b25,8603220,RT17,1527,216451.0,flagged diagnostic only; no automatic omission/repair,63182fe7b31d56ecb3c92044edef117ebd3b6079c5d4ead9da64f0e647ea93b0,223.69753308731336,8.218904380770507,0,0,10,2009-04-14T12:07:16+00:00,"[249, 4]"
594999d9bb7345ad87d3,ILVIS0_gyro_54935_lvis_applanix_POSAV.013,c83dfe2728b03bcdcd84edce7c538adf730380d7f7eb78cdbe068103094fb79a,-136.2951072643632,8.224572114655187,4a7b3c8a02e18536db4a9040f00ab1e47b4df559cfcd99a722189fadad738b25,8629788,RT17,1527,216452.0,flagged diagnostic only; no automatic omission/repair,bb11a39bde4bafa67d890faf4c27215012c912ae2457399e9d62219b93ae8ac5,223.70489273563683,8.224572114655187,0,0,10,2009-04-14T12:07:17+00:00,"[249, 4]"
594999d9bb7345ad87d3,ILVIS0_gyro_54935_lvis_applanix_POSAV.013,c83dfe2728b03bcdcd84edce7c538adf730380d7f7eb78cdbe068103094fb79a,-136.2877470055845,8.230240450012563,4a7b3c8a02e18536db4a9040f00ab1e47b4df559cfcd99a722189fadad738b25,8656696,RT17,1527,216453.0,flagged diagnostic only; no automatic omission/repair,49fae9ab6a31d3216a3ccd3dff9097d60fa8de21ec58d94205174e40810c6537,223.71225299441548,8.230240450012563,0,0,10,2009-04-14T12:07:18+00:00,"[249, 4]"
594999d9bb7345ad87d3,ILVIS0_gyro_54935_lvis_applanix_POSAV.013,c83dfe2728b03bcdcd84edce7c538adf730380d7f7eb78cdbe068103094fb79a,-136.2803859916296,8.235909378999171,4a7b3c8a02e18536db4a9040f00ab1e47b4df559cfcd99a722189fadad738b25,8684192,RT17,1527,216454.0,flagged diagnostic only; no automatic omission/repair,c71b35befd6d821f0aa229a92bb03e47bedad715597369b81e1d2078dcb3a9ea,223.71961400837043,8.235909378999171,0,0,10,2009-04-14T12:07:19+00:00,"[249, 4]"
594999d9bb7345ad87d3,ILVIS0_gyro_54935_lvis_applanix_POSAV.013,c83dfe2728b03bcdcd84edce7c538adf730380d7f7eb78cdbe068103094fb79a,-136.273024317919,8.241579146984554,4a7b3c8a02e18536db4a9040f00ab1e47b4df559cfcd99a722189fadad738b25,8710760,RT17,1527,216455.0,flagged diagnostic only; no automatic omission/repair,ab504bb5dc8d47851411ab14e869813c42bedb7127739f9b9089ab7fb62d0593,223.726975682081,8.241579146984554,0,0,10,2009-04-14T12:07:20+00:00,"[249, 4]"
594999d9bb7345ad87d3,ILVIS0_gyro_54935_lvis_applanix_POSAV.013,c83dfe2728b03bcdcd84edce7c538adf730380d7f7eb78cdbe068103094fb79a,-136.26566202477392,8.247249149494683,4a7b3c8a02e18536db4a9040f00ab1e47b4df559cfcd99a722189fadad738b25,8737328,RT17,1527,216456.0,flagged diagnostic only; no automatic omission/repair,b6b88b7f3071bdbf07b0427230603381081a5e085bae7e24d73bb55e3189daac,223.73433797522608,8.247249149494683,0,0,10,2009-04-14T12:07:21+00:00,"[249, 4]"
594999d9bb7345ad87d3,ILVIS0_gyro_54935_lvis_applanix_POSAV.013,c83dfe2728b03bcdcd84edce7c538adf730380d7f7eb78cdbe068103094fb79a,-136.25830056736703,8.25291875256883,4a7b3c8a02e18536db4a9040f00ab1e47b4df559cfcd99a722189fadad738b25,8763896,RT17,1527,216457.0,flagged diagnostic only; no automatic omission/repair,b70a52631d667db234d90bdf08365364bd69489ddd007a2a565afe3e80088bd0,223.74169943263297,8.25291875256883,0,0,10,2009-04-14T12:07:22+00:00,"[249, 4]"
594999d9bb7345ad87d3,ILVIS0_gyro_54935_lvis_applanix_POSAV.013,c83dfe2728b03bcdcd84edce7c538adf730380d7f7eb78cdbe068103094fb79a,-136.25094032346044,8.258587385705084,4a7b3c8a02e18536db4a9040f00ab1e47b4df559cfcd99a722189fadad738b25,8790804,RT17,1527,216458.0,flagged diagnostic only; no automatic omission/repair,34833119bc71a058dfadf288fc6189e27788441095d9a604bb2d69de51512a05,223.74905967653956,8.258587385705084,0,0,10,2009-04-14T12:07:23+00:00,"[249, 4]"
594999d9bb7345ad87d3,ILVIS0_gyro_54935_lvis_applanix_POSAV.013,c83dfe2728b03bcdcd84edce7c538adf730380d7f7eb78cdbe068103094fb79a,-136.24358043331017,8.264255650252663,4a7b3c8a02e18536db4a9040f00ab1e47b4df559cfcd99a722189fadad738b25,8817372,RT17,1527,216459.0,flagged diagnostic only; no automatic omission/repair,ec0394359d861e966cff7ca62e88d4ca748d8797d015d4ede7c15f6025f48de1,223.75641956668986,8.264255650252663,0,0,10,2009-04-14T12:07:24+00:00,"[249, 4]"
594999d9bb7345ad87d3,ILVIS0_gyro_54935_lvis_applanix_POSAV.013,c83dfe2728b03bcdcd84edce7c538adf730380d7f7eb78cdbe068103094fb79a,-136.23621901237124,8.269923952785554,4a7b3c8a02e18536db4a9040f00ab1e47b4df559cfcd99a722189fadad738b25,8843940,RT17,1527,216460.0,flagged diagnostic only; no automatic omission/repair,3a424d00ea56d0e17c7f38dfa270511579a230435029800ca2e929d128e41c8e,223.76378098762876,8.269923952785554,0,0,10,2009-04-14T12:07:25+00:00,"[249, 4]"
594999d9bb7345ad87d3,ILVIS0_gyro_54935_lvis_applanix_POSAV.013,c83dfe2728b03bcdcd84edce7c538adf730380d7f7eb78cdbe068103094fb79a,-136.22885516797703,8.27559261831237,4a7b3c8a02e18536db4a9040f00ab1e47b4df559cfcd99a722189fadad738b25,8870508,RT17,1527,216461.0,flagged diagnostic only; no automatic omission/repair,c8aa58dbd213923599af75efcbf624cbfa51d4482eff85e9694fbdff23f1dcb1,223.77114483202294,8.27559261831237,0,0,10,2009-04-14T12:07:26+00:00,"[249, 4]"
594999d9bb7345ad87d3,ILVIS0_gyro_54935_lvis_applanix_POSAV.013,c83dfe2728b03bcdcd84edce7c538adf730380d7f7eb78cdbe068103094fb79a,-136.22148876063966,8.281261661544319,4a7b3c8a02e18536db4a9040f00ab1e47b4df559cfcd99a722189fadad738b25,8897076,RT17,1527,216462.0,flagged diagnostic only; no automatic omission/repair,171c2ba80876963314853d200e1ba90b6e9f0d7ca25aabe4d7338fe4262faf5a,223.77851123936034,8.281261661544319,0,0,10,2009-04-14T12:07:27+00:00,"[249, 4]"
