task_id,filename,source_sha256,epochs,covariance_calibrated,empirical_earth_fit_attempts,method,assumption,north_mean_sigma_m,north_ratio_to_formal_iid,east_mean_sigma_m,east_ratio_to_formal_iid,up_mean_sigma_m,up_ratio_to_formal_iid
594999d9bb7345ad87d3,ILVIS0_gyro_54935_lvis_applanix_POSAV.013,c83dfe2728b03bcdcd84edce7c538adf730380d7f7eb78cdbe068103094fb79a,489,False,0,l1_broadcast,formal_only,0.024769940967248282,1.0,0.02021188204267329,1.0,0.06563454815197305,1.0
594999d9bb7345ad87d3,ILVIS0_gyro_54935_lvis_applanix_POSAV.013,c83dfe2728b03bcdcd84edce7c538adf730380d7f7eb78cdbe068103094fb79a,489,False,0,l1_broadcast,h1_v3_tau0,1.1192222923756352,45.18469760810136,1.1191306938650007,55.36993989486894,3.357486083647492,51.15424998239379
594999d9bb7345ad87d3,ILVIS0_gyro_54935_lvis_applanix_POSAV.013,c83dfe2728b03bcdcd84edce7c538adf730380d7f7eb78cdbe068103094fb79a,489,False,0,l1_broadcast,h1_v3_tau10,1.1360949445240522,45.865872107900394,1.1360047064925811,56.204795975661135,3.4081067252786275,51.9254999270712
594999d9bb7345ad87d3,ILVIS0_gyro_54935_lvis_applanix_POSAV.013,c83dfe2728b03bcdcd84edce7c538adf730380d7f7eb78cdbe068103094fb79a,489,False,0,l1_broadcast,h1_v3_tau60,1.2107506412447318,48.879835557364885,1.2106659677527551,59.89872517545271,3.632084798239461,55.338002629797586
594999d9bb7345ad87d3,ILVIS0_gyro_54935_lvis_applanix_POSAV.013,c83dfe2728b03bcdcd84edce7c538adf730380d7f7eb78cdbe068103094fb79a,489,False,0,l1_broadcast,h1_v3_tau300,1.3683345687952633,55.24173717670644,1.3682596472747068,67.695806080102,4.104855828597699,62.54108459912209
594999d9bb7345ad87d3,ILVIS0_gyro_54935_lvis_applanix_POSAV.013,c83dfe2728b03bcdcd84edce7c538adf730380d7f7eb78cdbe068103094fb79a,489,False,0,l1_broadcast,h3_v10_tau0,3.356935873374852,135.52458109664107,3.356905334999956,166.0857374841458,11.189674118195589,170.48451514111954
594999d9bb7345ad87d3,ILVIS0_gyro_54935_lvis_applanix_POSAV.013,c83dfe2728b03bcdcd84edce7c538adf730380d7f7eb78cdbe068103094fb79a,489,False,0,l1_broadcast,h3_v10_tau10,3.4075646885941606,137.56854298117895,3.4075346039554764,168.59066348997874,11.358438501557773,173.055788778464
594999d9bb7345ad87d3,ILVIS0_gyro_54935_lvis_applanix_POSAV.013,c83dfe2728b03bcdcd84edce7c538adf730380d7f7eb78cdbe068103094fb79a,489,False,0,l1_broadcast,h3_v10_tau60,3.6315761919126235,146.61222635590556,3.631547963040937,179.67391435263974,12.105150326361583,184.43259940378957
594999d9bb7345ad87d3,ILVIS0_gyro_54935_lvis_applanix_POSAV.013,c83dfe2728b03bcdcd84edce7c538adf730380d7f7eb78cdbe068103094fb79a,489,False,0,l1_broadcast,h3_v10_tau300,4.104405807134196,165.70107343256046,4.104380830263816,203.06772133333496,13.681260984001838,208.44602986103686
594999d9bb7345ad87d3,ILVIS0_gyro_54935_lvis_applanix_POSAV.013,c83dfe2728b03bcdcd84edce7c538adf730380d7f7eb78cdbe068103094fb79a,489,False,0,l1_broadcast,h10_v30_tau0,11.189509038714819,451.737412435096,11.189499877013308,553.6099930421595,33.568509032893566,511.4457245164178
594999d9bb7345ad87d3,ILVIS0_gyro_54935_lvis_applanix_POSAV.013,c83dfe2728b03bcdcd84edce7c538adf730380d7f7eb78cdbe068103094fb79a,489,False,0,l1_broadcast,h10_v30_tau10,11.358275874873545,458.5507849975045,11.358266849301199,561.95988207929,34.0748098100597,519.1596616337089
594999d9bb7345ad87d3,ILVIS0_gyro_54935_lvis_applanix_POSAV.013,c83dfe2728b03bcdcd84edce7c538adf730380d7f7eb78cdbe068103094fb79a,489,False,0,l1_broadcast,h10_v30_tau60,12.104997731510583,488.69707632796747,12.104989262699762,598.9046065647193,36.314976478899425,553.2905687842044
594999d9bb7345ad87d3,ILVIS0_gyro_54935_lvis_applanix_POSAV.013,c83dfe2728b03bcdcd84edce7c538adf730380d7f7eb78cdbe068103094fb79a,489,False,0,l1_broadcast,h10_v30_tau300,13.68112596859028,552.3277583374123,13.68111847542574,676.8849356304788,41.04336311585649,625.3316930105609
594999d9bb7345ad87d3,ILVIS0_gyro_54935_lvis_applanix_POSAV.013,c83dfe2728b03bcdcd84edce7c538adf730380d7f7eb78cdbe068103094fb79a,489,False,0,dual_frequency,formal_only,0.059566465874011515,1.0,0.04581488222367322,1.0,0.15311834051307488,1.0
594999d9bb7345ad87d3,ILVIS0_gyro_54935_lvis_applanix_POSAV.013,c83dfe2728b03bcdcd84edce7c538adf730380d7f7eb78cdbe068103094fb79a,489,False,0,dual_frequency,h1_v3_tau0,1.1205325312688477,18.811465727022917,1.1198857054218614,24.44371023272434,3.3603348247127007,21.94599819624978
594999d9bb7345ad87d3,ILVIS0_gyro_54935_lvis_applanix_POSAV.013,c83dfe2728b03bcdcd84edce7c538adf730380d7f7eb78cdbe068103094fb79a,489,False,0,dual_frequency,h1_v3_tau10,1.1373857467254935,19.09439699060152,1.1367485106349415,24.811774154197586,3.4109131890418696,22.2763202475448
594999d9bb7345ad87d3,ILVIS0_gyro_54935_lvis_applanix_POSAV.013,c83dfe2728b03bcdcd84edce7c538adf730380d7f7eb78cdbe068103094fb79a,489,False,0,dual_frequency,h1_v3_tau60,1.2119619338724001,20.346379730431043,1.2113639291031317,26.44040255716738,3.6347183266234744,23.737968387353984
594999d9bb7345ad87d3,ILVIS0_gyro_54935_lvis_applanix_POSAV.013,c83dfe2728b03bcdcd84edce7c538adf730380d7f7eb78cdbe068103094fb79a,489,False,0,dual_frequency,h1_v3_tau300,1.369406479479821,22.989553927477253,1.3688772573235948,29.878441041070186,4.10718622731705,26.82360724100412
594999d9bb7345ad87d3,ILVIS0_gyro_54935_lvis_applanix_POSAV.013,c83dfe2728b03bcdcd84edce7c538adf730380d7f7eb78cdbe068103094fb79a,489,False,0,dual_frequency,h3_v10_tau0,3.3573729420235967,56.36347385666199,3.3571571174743418,73.27656330282235,11.190529219107852,73.0841856149315
594999d9bb7345ad87d3,ILVIS0_gyro_54935_lvis_applanix_POSAV.013,c83dfe2728b03bcdcd84edce7c538adf730380d7f7eb78cdbe068103094fb79a,489,False,0,dual_frequency,h3_v10_tau10,3.4079952642037252,57.21331984697472,3.407782645711353,74.38156512275178,11.359280898276984,74.18628532815771
594999d9bb7345ad87d3,ILVIS0_gyro_54935_lvis_applanix_POSAV.013,c83dfe2728b03bcdcd84edce7c538adf730380d7f7eb78cdbe068103094fb79a,489,False,0,dual_frequency,h3_v10_tau60,3.631980210786919,60.97357225236238,3.6317807052634996,79.2707637560379,12.105940762951978,79.0626434585623
594999d9bb7345ad87d3,ILVIS0_gyro_54935_lvis_applanix_POSAV.013,c83dfe2728b03bcdcd84edce7c538adf730380d7f7eb78cdbe068103094fb79a,489,False,0,dual_frequency,h3_v10_tau300,4.104763287148006,68.91064002067796,4.10458676155037,89.59068674478596,13.681960365556586,89.35546401371998
594999d9bb7345ad87d3,ILVIS0_gyro_54935_lvis_applanix_POSAV.013,c83dfe2728b03bcdcd84edce7c538adf730380d7f7eb78cdbe068103094fb79a,489,False,0,dual_frequency,h10_v30_tau0,11.18964017032549,187.85133558187914,11.189575415579373,244.23451229123876,33.568794080570534,219.23431228477864
594999d9bb7345ad87d3,ILVIS0_gyro_54935_lvis_applanix_POSAV.013,c83dfe2728b03bcdcd84edce7c538adf730380d7f7eb78cdbe068103094fb79a,489,False,0,dual_frequency,h10_v30_tau10,11.358405058088728,190.68455533542624,11.358341265483796,247.91815921366214,34.07509062238912,222.5408824848087
594999d9bb7345ad87d3,ILVIS0_gyro_54935_lvis_applanix_POSAV.013,c83dfe2728b03bcdcd84edce7c538adf730380d7f7eb78cdbe068103094fb79a,489,False,0,dual_frequency,h10_v30_tau60,12.105118945873995,203.2203651544045,12.105059088386723,264.2167457571649,36.31523996885204,237.17106551158744
594999d9bb7345ad87d3,ILVIS0_gyro_54935_lvis_applanix_POSAV.013,c83dfe2728b03bcdcd84edce7c538adf730380d7f7eb78cdbe068103094fb79a,489,False,0,dual_frequency,h10_v30_tau300,13.681233218621651,229.6801231679365,13.681180256903751,298.6186931598066,41.043596250722715,268.0514699492708
f5cae9d0d107ecad9d45,ILVIS0_applanix_56916_510_POS510.013,627aedaaead70ff4e00ec27ff4b9dafc631a0ac09a57e403de4d49abde34f3a0,482,False,0,l1_broadcast,formal_only,0.02942790497173466,1.0,0.02719598737213735,1.0,0.07564037431521345,1.0
f5cae9d0d107ecad9d45,ILVIS0_applanix_56916_510_POS510.013,627aedaaead70ff4e00ec27ff4b9dafc631a0ac09a57e403de4d49abde34f3a0,482,False,0,l1_broadcast,h1_v3_tau0,1.1193483329096916,38.03696980756257,1.1192918790582849,41.15650826507642,3.357736390099239,44.39079553079237
f5cae9d0d107ecad9d45,ILVIS0_applanix_56916_510_POS510.013,627aedaaead70ff4e00ec27ff4b9dafc631a0ac09a57e403de4d49abde34f3a0,482,False,0,l1_broadcast,h1_v3_tau10,1.1364568624542515,38.61834077369123,1.1364012585163223,41.78562237753429,3.4090666250282595,45.06940447996433
f5cae9d0d107ecad9d45,ILVIS0_applanix_56916_510_POS510.013,627aedaaead70ff4e00ec27ff4b9dafc631a0ac09a57e403de4d49abde34f3a0,482,False,0,l1_broadcast,h1_v3_tau60,1.2119628669849458,41.18413689826134,1.211910727359276,44.56211538768748,3.635603577187788,48.06432556821131
f5cae9d0d107ecad9d45,ILVIS0_applanix_56916_510_POS510.013,627aedaaead70ff4e00ec27ff4b9dafc631a0ac09a57e403de4d49abde34f3a0,482,False,0,l1_broadcast,h1_v3_tau300,1.3697762531253976,46.546849136595355,1.3697301207772183,50.36515505153253,4.1090765756485474,54.3238530063976
f5cae9d0d107ecad9d45,ILVIS0_applanix_56916_510_POS510.013,627aedaaead70ff4e00ec27ff4b9dafc631a0ac09a57e403de4d49abde34f3a0,482,False,0,l1_broadcast,h3_v10_tau0,3.3570132857588084,114.0758504209933,3.356994462446918,123.43712388564363,11.189869987890592,147.9351482484664
f5cae9d0d107ecad9d45,ILVIS0_applanix_56916_510_POS510.013,627aedaaead70ff4e00ec27ff4b9dafc631a0ac09a57e403de4d49abde34f3a0,482,False,0,l1_broadcast,h3_v10_tau10,3.4083544107451695,115.8204912656499,3.4083358709763583,125.32495416835808,11.361009696724148,150.19769269490675
f5cae9d0d107ecad9d45,ILVIS0_applanix_56916_510_POS510.013,627aedaaead70ff4e00ec27ff4b9dafc631a0ac09a57e403de4d49abde34f3a0,482,False,0,l1_broadcast,h3_v10_tau60,3.6349357498895523,123.52003152724899,3.6349183657907975,133.6564220321274,12.116291528440577,160.1828605177016
f5cae9d0d107ecad9d45,ILVIS0_applanix_56916_510_POS510.013,627aedaaead70ff4e00ec27ff4b9dafc631a0ac09a57e403de4d49abde34f3a0,482,False,0,l1_broadcast,h3_v10_tau300,4.108485711294135,139.6118994960842,4.10847033091955,151.06898950573614,13.694809953765306,181.05158888684778
f5cae9d0d107ecad9d45,ILVIS0_applanix_56916_510_POS510.013,627aedaaead70ff4e00ec27ff4b9dafc631a0ac09a57e403de4d49abde34f3a0,482,False,0,l1_broadcast,h10_v30_tau0,11.18965302774215,380.2395392566936,11.189647380565537,411.44479247808005,33.56892821320393,443.7964316955033
f5cae9d0d107ecad9d45,ILVIS0_applanix_56916_510_POS510.013,627aedaaead70ff4e00ec27ff4b9dafc631a0ac09a57e403de4d49abde34f3a0,482,False,0,l1_broadcast,h10_v30_tau10,11.360796004876798,386.0552090197648,11.360790442771258,417.7377451796634,34.08235760964504,450.5842008080874
f5cae9d0d107ecad9d45,ILVIS0_applanix_56916_510_POS510.013,627aedaaead70ff4e00ec27ff4b9dafc631a0ac09a57e403de4d49abde34f3a0,482,False,0,l1_broadcast,h10_v30_tau60,12.116091157527885,411.72115953090525,12.116085942154072,445.5100591261181,36.34824496299149,480.5402576607928
f5cae9d0d107ecad9d45,ILVIS0_applanix_56916_510_POS510.013,627aedaaead70ff4e00ec27ff4b9dafc631a0ac09a57e403de4d49abde34f3a0,482,False,0,l1_broadcast,h10_v30_tau300,13.694632678721755,465.3621347450787,13.694628064509526,503.5532586891791,41.083872812795185,543.1474022271204
f5cae9d0d107ecad9d45,ILVIS0_applanix_56916_510_POS510.013,627aedaaead70ff4e00ec27ff4b9dafc631a0ac09a57e403de4d49abde34f3a0,482,False,0,dual_frequency,formal_only,0.03784923513944072,1.0,0.035003345123778555,1.0,0.09704855747840545,1.0
f5cae9d0d107ecad9d45,ILVIS0_applanix_56916_510_POS510.013,627aedaaead70ff4e00ec27ff4b9dafc631a0ac09a57e403de4d49abde34f3a0,482,False,0,dual_frequency,h1_v3_tau0,1.1196013814734784,29.580554992689933,1.1195087864624087,31.98290856212772,3.3582868581583027,34.60419140084143
f5cae9d0d107ecad9d45,ILVIS0_applanix_56916_510_POS510.013,627aedaaead70ff4e00ec27ff4b9dafc631a0ac09a57e403de4d49abde34f3a0,482,False,0,dual_frequency,h1_v3_tau10,1.1367061023980547,30.03247220743841,1.1366149008341349,32.471607979604414,3.40960880603093,35.13301891982899
f5cae9d0d107ecad9d45,ILVIS0_applanix_56916_510_POS510.013,627aedaaead70ff4e00ec27ff4b9dafc631a0ac09a57e403de4d49abde34f3a0,482,False,0,dual_frequency,h1_v3_tau60,1.2121965822258305,32.02697697218889,1.2121110607238919,34.628434980646404,3.6361119794009005,37.466934840427506
f5cae9d0d107ecad9d45,ILVIS0_applanix_56916_510_POS510.013,627aedaaead70ff4e00ec27ff4b9dafc631a0ac09a57e403de4d49abde34f3a0,482,False,0,dual_frequency,h1_v3_tau300,1.3699830461125673,36.19579209633695,1.369907375045876,39.13647024881823,4.109526403471048,42.34505396317169
f5cae9d0d107ecad9d45,ILVIS0_applanix_56916_510_POS510.013,627aedaaead70ff4e00ec27ff4b9dafc631a0ac09a57e403de4d49abde34f3a0,482,False,0,dual_frequency,h3_v10_tau0,3.357097669679982,88.69657886908593,3.357066790121993,95.90702769266079,11.190035178772973,115.30346735203047
f5cae9d0d107ecad9d45,ILVIS0_applanix_56916_510_POS510.013,627aedaaead70ff4e00ec27ff4b9dafc631a0ac09a57e403de4d49abde34f3a0,482,False,0,dual_frequency,h3_v10_tau10,3.40843752359577,90.05300928905733,3.4084071091676944,97.37375376881586,11.361172399243937,117.06688583982245
f5cae9d0d107ecad9d45,ILVIS0_applanix_56916_510_POS510.013,627aedaaead70ff4e00ec27ff4b9dafc631a0ac09a57e403de4d49abde34f3a0,482,False,0,dual_frequency,h3_v10_tau60,3.6350136820698125,96.0392903232529,3.6349851634365646,103.84679380163692,12.116444088858868,124.8492961016441
f5cae9d0d107ecad9d45,ILVIS0_applanix_56916_510_POS510.013,627aedaaead70ff4e00ec27ff4b9dafc631a0ac09a57e403de4d49abde34f3a0,482,False,0,dual_frequency,h3_v10_tau300,4.108554661059981,108.55053334429655,4.108529429429331,117.3753369828164,13.694944929645809,141.11435847661218
f5cae9d0d107ecad9d45,ILVIS0_applanix_56916_510_POS510.013,627aedaaead70ff4e00ec27ff4b9dafc631a0ac09a57e403de4d49abde34f3a0,482,False,0,dual_frequency,h10_v30_tau0,11.189678344093215,295.63816290789543,11.18966907972876,319.6742779914303,33.56898327831096,345.8988381746992
f5cae9d0d107ecad9d45,ILVIS0_applanix_56916_510_POS510.013,627aedaaead70ff4e00ec27ff4b9dafc631a0ac09a57e403de4d49abde34f3a0,482,False,0,dual_frequency,h10_v30_tau10,11.360820939854401,300.1598552256048,11.360811815051047,324.56360313213014,34.08241184523201,351.189267834463
f5cae9d0d107ecad9d45,ILVIS0_applanix_56916_510_POS510.013,627aedaaead70ff4e00ec27ff4b9dafc631a0ac09a57e403de4d49abde34f3a0,482,False,0,dual_frequency,h10_v30_tau60,12.116114538107297,320.1151752068492,12.116105982125784,346.14137418240756,36.34829581762972,374.53720861041836
f5cae9d0d107ecad9d45,ILVIS0_applanix_56916_510_POS510.013,627aedaaead70ff4e00ec27ff4b9dafc631a0ac09a57e403de4d49abde34f3a0,482,False,0,dual_frequency,h10_v30_tau300,13.694653364292337,361.821138890647,13.694645794531986,391.2382015520256,41.08391780556248,423.3336267229338
f166954fecd1d93111ee,ILVIS0_applanix_55495_20101026_510_lvis_LVIS.013,3509e0d5099f758d963684048dc7043f9c70d33dda23345c0d74f710a4433ccb,486,False,0,l1_broadcast,formal_only,0.03369220867361718,1.0,0.03674031016973786,1.0,0.07647164379857496,1.0
f166954fecd1d93111ee,ILVIS0_applanix_55495_20101026_510_lvis_LVIS.013,3509e0d5099f758d963684048dc7043f9c70d33dda23345c0d74f710a4433ccb,486,False,0,l1_broadcast,h1_v3_tau0,1.1194609319194806,33.226107043438766,1.119556815690965,30.472165600091152,3.3577323346008066,43.90820136474401
f166954fecd1d93111ee,ILVIS0_applanix_55495_20101026_510_lvis_LVIS.013,3509e0d5099f758d963684048dc7043f9c70d33dda23345c0d74f710a4433ccb,486,False,0,l1_broadcast,h1_v3_tau10,1.1364311096691855,33.72978959847986,1.1365255617406933,30.934021963614857,3.4086525829413774,44.574072343988206
f166954fecd1d93111ee,ILVIS0_applanix_55495_20101026_510_lvis_LVIS.013,3509e0d5099f758d963684048dc7043f9c70d33dda23345c0d74f710a4433ccb,486,False,0,l1_broadcast,h1_v3_tau60,1.2114376834649476,35.95601865108858,1.2115262879463162,32.97539629766714,3.633711983116956,47.51711618345871
f166954fecd1d93111ee,ILVIS0_applanix_55495_20101026_510_lvis_LVIS.013,3509e0d5099f758d963684048dc7043f9c70d33dda23345c0d74f710a4433ccb,486,False,0,l1_broadcast,h1_v3_tau300,1.3691019892473533,40.63556659375181,1.369180390754674,37.26643527039236,4.106774128269905,53.70322807610987
f166954fecd1d93111ee,ILVIS0_applanix_55495_20101026_510_lvis_LVIS.013,3509e0d5099f758d963684048dc7043f9c70d33dda23345c0d74f710a4433ccb,486,False,0,l1_broadcast,h3_v10_tau0,3.357030485927084,99.6381839625676,3.3570624612762114,91.3727305449192,11.189799338199848,146.32612537627142
f166954fecd1d93111ee,ILVIS0_applanix_55495_20101026_510_lvis_LVIS.013,3509e0d5099f758d963684048dc7043f9c70d33dda23345c0d74f710a4433ccb,486,False,0,l1_broadcast,h3_v10_tau10,3.4079612209960626,101.14983122684625,3.4079927184897323,92.75895338784638,11.359572972703164,148.54621149015824
f166954fecd1d93111ee,ILVIS0_applanix_55495_20101026_510_lvis_LVIS.013,3509e0d5099f758d963684048dc7043f9c70d33dda23345c0d74f710a4433ccb,486,False,0,l1_broadcast,h3_v10_tau60,3.633063449606656,107.83096723639673,3.63309299555267,98.88574643948337,12.109932184437138,158.358465738418
f166954fecd1d93111ee,ILVIS0_applanix_55495_20101026_510_lvis_LVIS.013,3509e0d5099f758d963684048dc7043f9c70d33dda23345c0d74f710a4433ccb,486,False,0,l1_broadcast,h3_v10_tau300,4.10620031090144,121.87388338588848,4.106226452439411,111.76352168691308,13.687087240018622,178.98251639614526
f166954fecd1d93111ee,ILVIS0_applanix_55495_20101026_510_lvis_LVIS.013,3509e0d5099f758d963684048dc7043f9c70d33dda23345c0d74f710a4433ccb,486,False,0,l1_broadcast,h10_v30_tau0,11.189588753917537,332.112057785027,11.189598347003518,304.55916935127374,33.56870119269075,438.9692639680946
f166954fecd1d93111ee,ILVIS0_applanix_55495_20101026_510_lvis_LVIS.013,3509e0d5099f758d963684048dc7043f9c70d33dda23345c0d74f710a4433ccb,486,False,0,l1_broadcast,h10_v30_tau10,11.359365535750149,337.1511094980587,11.359374985458237,309.18016023758804,34.07803251071094,445.6296584976245
f166954fecd1d93111ee,ILVIS0_applanix_55495_20101026_510_lvis_LVIS.013,3509e0d5099f758d963684048dc7043f9c70d33dda23345c0d74f710a4433ccb,486,False,0,l1_broadcast,h10_v30_tau60,12.109737600967517,359.42249195583594,12.109746465130993,329.6038168753814,36.329152678070486,475.06697742448
f166954fecd1d93111ee,ILVIS0_applanix_55495_20101026_510_lvis_LVIS.013,3509e0d5099f758d963684048dc7043f9c70d33dda23345c0d74f710a4433ccb,486,False,0,l1_broadcast,h10_v30_tau300,13.68691507858877,406.2338332038874,13.686922921313128,372.5315017233232,41.06069203927868,536.9400996195643
f166954fecd1d93111ee,ILVIS0_applanix_55495_20101026_510_lvis_LVIS.013,3509e0d5099f758d963684048dc7043f9c70d33dda23345c0d74f710a4433ccb,486,False,0,dual_frequency,formal_only,0.049715334753182544,1.0,0.05420801662701252,1.0,0.11273240189356856,1.0
f166954fecd1d93111ee,ILVIS0_applanix_55495_20101026_510_lvis_LVIS.013,3509e0d5099f758d963684048dc7043f9c70d33dda23345c0d74f710a4433ccb,486,False,0,dual_frequency,h1_v3_tau0,1.1200576894420868,22.52942065064514,1.1202660943880072,20.66605945198454,3.3587538035639377,29.794040995728633
f166954fecd1d93111ee,ILVIS0_applanix_55495_20101026_510_lvis_LVIS.013,3509e0d5099f758d963684048dc7043f9c70d33dda23345c0d74f710a4433ccb,486,False,0,dual_frequency,h1_v3_tau10,1.137018960531552,22.870588444720575,1.1372242572005156,20.978894413816697,3.409658797200148,30.245597006078434
f166954fecd1d93111ee,ILVIS0_applanix_55495_20101026_510_lvis_LVIS.013,3509e0d5099f758d963684048dc7043f9c70d33dda23345c0d74f710a4433ccb,486,False,0,dual_frequency,h1_v3_tau60,1.2119891544495078,24.37857776612722,1.2121817541360067,22.361669538227705,3.634655892705553,32.24144816977338
f166954fecd1d93111ee,ILVIS0_applanix_55495_20101026_510_lvis_LVIS.013,3509e0d5099f758d963684048dc7043f9c70d33dda23345c0d74f710a4433ccb,486,False,0,dual_frequency,h1_v3_tau300,1.3695899775280829,27.54864237216884,1.3697604174096971,25.268594990932183,4.1076093318082805,36.43681197963211
f166954fecd1d93111ee,ILVIS0_applanix_55495_20101026_510_lvis_LVIS.013,3509e0d5099f758d963684048dc7043f9c70d33dda23345c0d74f710a4433ccb,486,False,0,dual_frequency,h3_v10_tau0,3.3572295323716173,67.52905414474158,3.3572990673434444,61.93362672617062,11.190105893659327,99.26255189900046
f166954fecd1d93111ee,ILVIS0_applanix_55495_20101026_510_lvis_LVIS.013,3509e0d5099f758d963684048dc7043f9c70d33dda23345c0d74f710a4433ccb,486,False,0,dual_frequency,h3_v10_tau10,3.408157292936652,68.55344150566093,3.408225788875247,62.87309517937401,11.359874946684037,100.76849917035365
f166954fecd1d93111ee,ILVIS0_applanix_55495_20101026_510_lvis_LVIS.013,3509e0d5099f758d963684048dc7043f9c70d33dda23345c0d74f710a4433ccb,486,False,0,dual_frequency,h3_v10_tau60,3.6332473736936945,73.08102000582649,3.6333116261902365,67.02535625292944,12.110215447868708,107.42444270194869
f166954fecd1d93111ee,ILVIS0_applanix_55495_20101026_510_lvis_LVIS.013,3509e0d5099f758d963684048dc7043f9c70d33dda23345c0d74f710a4433ccb,486,False,0,dual_frequency,h3_v10_tau300,4.106363043233197,82.59751369712593,4.106419892971055,75.75300017386682,13.687337863807265,121.4144082260358
f166954fecd1d93111ee,ILVIS0_applanix_55495_20101026_510_lvis_LVIS.013,3509e0d5099f758d963684048dc7043f9c70d33dda23345c0d74f710a4433ccb,486,False,0,dual_frequency,h10_v30_tau0,11.189648472198853,225.07438656002498,11.189669334968713,206.42093238646112,33.56880338120931,297.77422300379834
f166954fecd1d93111ee,ILVIS0_applanix_55495_20101026_510_lvis_LVIS.013,3509e0d5099f758d963684048dc7043f9c70d33dda23345c0d74f710a4433ccb,486,False,0,dual_frequency,h10_v30_tau10,11.359424361488243,228.48934675555142,11.35944491244751,209.55285987694592,34.07813317192131,302.2922655732529
f166954fecd1d93111ee,ILVIS0_applanix_55495_20101026_510_lvis_LVIS.013,3509e0d5099f758d963684048dc7043f9c70d33dda23345c0d74f710a4433ccb,486,False,0,dual_frequency,h10_v30_tau60,12.109792781623922,243.5826459128631,12.109812059170357,223.3952247781722,36.32924710186942,322.2609160422938
f166954fecd1d93111ee,ILVIS0_applanix_55495_20101026_510_lvis_LVIS.013,3509e0d5099f758d963684048dc7043f9c70d33dda23345c0d74f710a4433ccb,486,False,0,dual_frequency,h10_v30_tau300,13.6869639006642,275.30668291010596,13.686980956830544,252.48997857652947,41.0607755823805,364.23224283951885
46f49500c8df79c821b2,ILVIS0_applanix_55520_20101120_510_lvis_LVIS.013,965e7d47fa947841b4863b102c0c369af8397807c90869cb535e0a9b5a8e4d69,483,False,0,l1_broadcast,formal_only,0.033551943930397544,1.0,0.025850686556752222,1.0,0.05939717452812417,1.0
46f49500c8df79c821b2,ILVIS0_applanix_55520_20101120_510_lvis_LVIS.013,965e7d47fa947841b4863b102c0c369af8397807c90869cb535e0a9b5a8e4d69,483,False,0,l1_broadcast,h1_v3_tau0,1.119462427380325,33.36505418889036,1.1192580807705594,43.29703500575726,3.3574039918834004,56.52464142538786
46f49500c8df79c821b2,ILVIS0_applanix_55520_20101120_510_lvis_LVIS.013,965e7d47fa947841b4863b102c0c369af8397807c90869cb535e0a9b5a8e4d69,483,False,0,l1_broadcast,h1_v3_tau10,1.136534869487956,33.87389034285649,1.136333593015692,43.95757886433699,3.4086360929155215,57.38717573681143
46f49500c8df79c821b2,ILVIS0_applanix_55520_20101120_510_lvis_LVIS.013,965e7d47fa947841b4863b102c0c369af8397807c90869cb535e0a9b5a8e4d69,483,False,0,l1_broadcast,h1_v3_tau60,1.2119101636575496,36.12041574019137,1.2117214076801712,46.87385787684887,3.63482222823298,61.19520426871341
46f49500c8df79c821b2,ILVIS0_applanix_55520_20101120_510_lvis_LVIS.013,965e7d47fa947841b4863b102c0c369af8397807c90869cb535e0a9b5a8e4d69,483,False,0,l1_broadcast,h1_v3_tau300,1.3696775638316243,40.8225993305478,1.3695105526857687,52.97772458302665,4.108229069519122,69.16539552860215
46f49500c8df79c821b2,ILVIS0_applanix_55520_20101120_510_lvis_LVIS.013,965e7d47fa947841b4863b102c0c369af8397807c90869cb535e0a9b5a8e4d69,483,False,0,l1_broadcast,h3_v10_tau0,3.3570462125675564,100.05519261511773,3.356978075348143,129.8603063395737,11.189752783766762,188.38863755158062
46f49500c8df79c821b2,ILVIS0_applanix_55520_20101120_510_lvis_LVIS.013,965e7d47fa947841b4863b102c0c369af8397807c90869cb535e0a9b5a8e4d69,483,False,0,l1_broadcast,h3_v10_tau10,3.4082836916145896,101.58230171953576,3.40821657873732,131.8424008296635,11.360550413003393,191.26415529452913
46f49500c8df79c821b2,ILVIS0_applanix_55520_20101120_510_lvis_LVIS.013,965e7d47fa947841b4863b102c0c369af8397807c90869cb535e0a9b5a8e4d69,483,False,0,l1_broadcast,h3_v10_tau60,3.6344917580668894,108.32432736554784,3.634428822319966,140.5931256154839,12.114601900509895,203.95922864603114
46f49500c8df79c821b2,ILVIS0_applanix_55520_20101120_510_lvis_LVIS.013,965e7d47fa947841b4863b102c0c369af8397807c90869cb535e0a9b5a8e4d69,483,False,0,l1_broadcast,h3_v10_tau300,4.10793668357261,122.43513198801224,4.107881001355258,158.90800394553838,13.692794368446652,230.52938927192915
46f49500c8df79c821b2,ILVIS0_applanix_55520_20101120_510_lvis_LVIS.013,965e7d47fa947841b4863b102c0c369af8397807c90869cb535e0a9b5a8e4d69,483,False,0,l1_broadcast,h10_v30_tau0,11.189645439888414,333.50215007216815,11.189624997982262,432.8560084242529,33.568837961144986,565.1588350427403
46f49500c8df79c821b2,ILVIS0_applanix_55520_20101120_510_lvis_LVIS.013,965e7d47fa947841b4863b102c0c369af8397807c90869cb535e0a9b5a8e4d69,483,False,0,l1_broadcast,h10_v30_tau10,11.360444682977473,338.5927416469329,11.360424548406854,439.46316564808996,34.08123716919309,573.7854946796475
46f49500c8df79c821b2,ILVIS0_applanix_55520_20101120_510_lvis_LVIS.013,965e7d47fa947841b4863b102c0c369af8397807c90869cb535e0a9b5a8e4d69,483,False,0,l1_broadcast,h10_v30_tau60,12.114502751513887,361.0670897830851,12.114483870206417,468.63296429711664,36.34341740502406,611.8711486489259
46f49500c8df79c821b2,ILVIS0_applanix_55520_20101120_510_lvis_LVIS.013,965e7d47fa947841b4863b102c0c369af8397807c90869cb535e0a9b5a8e4d69,483,False,0,l1_broadcast,h10_v30_tau300,13.692706647159426,408.10471892670415,13.69268994209019,529.6838020928171,41.078039563181974,691.5823840026565
46f49500c8df79c821b2,ILVIS0_applanix_55520_20101120_510_lvis_LVIS.013,965e7d47fa947841b4863b102c0c369af8397807c90869cb535e0a9b5a8e4d69,483,False,0,dual_frequency,formal_only,0.05224063766844091,1.0,0.038963349211807656,1.0,0.09140903768066957,1.0
46f49500c8df79c821b2,ILVIS0_applanix_55520_20101120_510_lvis_LVIS.013,965e7d47fa947841b4863b102c0c369af8397807c90869cb535e0a9b5a8e4d69,483,False,0,dual_frequency,h1_v3_tau0,1.1201783240175405,21.4426617670146,1.1196376806612673,28.735663214546413,3.358122861442442,36.73731773846898
46f49500c8df79c821b2,ILVIS0_applanix_55520_20101120_510_lvis_LVIS.013,965e7d47fa947841b4863b102c0c369af8397807c90869cb535e0a9b5a8e4d69,483,False,0,dual_frequency,h1_v3_tau10,1.137240019012918,21.769259905109003,1.1367074906071033,29.173762358771494,3.409344160062779,37.297670411683576
46f49500c8df79c821b2,ILVIS0_applanix_55520_20101120_510_lvis_LVIS.013,965e7d47fa947841b4863b102c0c369af8397807c90869cb535e0a9b5a8e4d69,483,False,0,dual_frequency,h1_v3_tau60,1.212571480803901,23.211268754026477,1.2120720500105433,31.108004689782433,3.6354862424006433,39.77162799920216
46f49500c8df79c821b2,ILVIS0_applanix_55520_20101120_510_lvis_LVIS.013,965e7d47fa947841b4863b102c0c369af8397807c90869cb535e0a9b5a8e4d69,483,False,0,dual_frequency,h1_v3_tau300,1.3702627412822075,26.229824183597145,1.3698208052530176,35.156649337472764,4.108816578465109,44.94978486502552
46f49500c8df79c821b2,ILVIS0_applanix_55520_20101120_510_lvis_LVIS.013,965e7d47fa947841b4863b102c0c369af8397807c90869cb535e0a9b5a8e4d69,483,False,0,dual_frequency,h3_v10_tau0,3.357285007948636,64.26577388385911,3.357104657730299,86.16057719989185,11.189968496365116,122.41643474528644
46f49500c8df79c821b2,ILVIS0_applanix_55520_20101120_510_lvis_LVIS.013,965e7d47fa947841b4863b102c0c369af8397807c90869cb535e0a9b5a8e4d69,483,False,0,dual_frequency,h3_v10_tau10,3.408518897381746,65.2465025219412,3.4083412581732877,87.47557197009148,11.360762882580524,124.28489754228103
46f49500c8df79c821b2,ILVIS0_applanix_55520_20101120_510_lvis_LVIS.013,965e7d47fa947841b4863b102c0c369af8397807c90869cb535e0a9b5a8e4d69,483,False,0,dual_frequency,h3_v10_tau60,3.634712325719691,69.57633918614009,3.6345457417807308,93.28114279968774,12.11480114552714,132.53395345708884
46f49500c8df79c821b2,ILVIS0_applanix_55520_20101120_510_lvis_LVIS.013,965e7d47fa947841b4863b102c0c369af8397807c90869cb535e0a9b5a8e4d69,483,False,0,dual_frequency,h3_v10_tau300,4.108131831809201,78.63862340047515,4.107984445671846,105.43201569609782,13.692970649365758,149.79887106131775
46f49500c8df79c821b2,ILVIS0_applanix_55520_20101120_510_lvis_LVIS.013,965e7d47fa947841b4863b102c0c369af8397807c90869cb535e0a9b5a8e4d69,483,False,0,dual_frequency,h10_v30_tau0,11.189717084077598,214.19564506651147,11.189662974373084,287.1843206687712,33.56890986686098,367.23841229060275
46f49500c8df79c821b2,ILVIS0_applanix_55520_20101120_510_lvis_LVIS.013,965e7d47fa947841b4863b102c0c369af8397807c90869cb535e0a9b5a8e4d69,483,False,0,dual_frequency,h10_v30_tau10,11.360515250034817,217.4650953178892,11.360461953839351,291.5679012110339,34.081307993834635,372.8439644326533
46f49500c8df79c821b2,ILVIS0_applanix_55520_20101120_510_lvis_LVIS.013,965e7d47fa947841b4863b102c0c369af8397807c90869cb535e0a9b5a8e4d69,483,False,0,dual_frequency,h10_v30_tau60,12.114568926202864,231.89933099766498,12.114518947365505,310.92088314867595,36.34348382122487,397.591799928887
46f49500c8df79c821b2,ILVIS0_applanix_55520_20101120_510_lvis_LVIS.013,965e7d47fa947841b4863b102c0c369af8397807c90869cb535e0a9b5a8e4d69,483,False,0,dual_frequency,h10_v30_tau300,13.692765194672932,262.10945742235583,13.692720976299935,351.4256667686673,41.07809832431598,449.3877122721623
ae7127a8b48f61b051a8,ILVIS0_applanix_57289_510_LVISGH.013,221fbceb9d572b60b7e70e599955098418ca8b35688e2b9cfdf30f347f8ec34b,459,False,0,l1_broadcast,formal_only,0.051777388179527116,1.0,0.036499251834190956,1.0,0.08606210268429361,1.0
ae7127a8b48f61b051a8,ILVIS0_applanix_57289_510_LVISGH.013,221fbceb9d572b60b7e70e599955098418ca8b35688e2b9cfdf30f347f8ec34b,459,False,0,l1_broadcast,h1_v3_tau0,1.120205136197905,21.63502593668555,1.119602985268407,30.67468315116559,3.3581266397584977,39.019807034895486
ae7127a8b48f61b051a8,ILVIS0_applanix_57289_510_LVISGH.013,221fbceb9d572b60b7e70e599955098418ca8b35688e2b9cfdf30f347f8ec34b,459,False,0,l1_broadcast,h1_v3_tau10,1.1381307814291175,21.981231990360165,1.1375381194026932,31.16606676132182,3.411942802115282,39.64512480750675
ae7127a8b48f61b051a8,ILVIS0_applanix_57289_510_LVISGH.013,221fbceb9d572b60b7e70e599955098418ca8b35688e2b9cfdf30f347f8ec34b,459,False,0,l1_broadcast,h1_v3_tau60,1.2165389544329686,23.495564322690008,1.215984508581677,33.315326958088335,3.6473253012384217,42.380155579257774
ae7127a8b48f61b051a8,ILVIS0_applanix_57289_510_LVISGH.013,221fbceb9d572b60b7e70e599955098418ca8b35688e2b9cfdf30f347f8ec34b,459,False,0,l1_broadcast,h1_v3_tau300,1.3749553032211907,26.5551305611211,1.3744647624853243,37.65734072383872,4.122838509677877,47.90538902822202
ae7127a8b48f61b051a8,ILVIS0_applanix_57289_510_LVISGH.013,221fbceb9d572b60b7e70e599955098418ca8b35688e2b9cfdf30f347f8ec34b,459,False,0,l1_broadcast,h3_v10_tau0,3.357422931515175,64.84342006348453,3.3572220716720116,91.98057228469291,11.190409805242423,130.02714849174467
ae7127a8b48f61b051a8,ILVIS0_applanix_57289_510_LVISGH.013,221fbceb9d572b60b7e70e599955098418ca8b35688e2b9cfdf30f347f8ec34b,459,False,0,l1_broadcast,h3_v10_tau10,3.411250195648882,65.88301024032141,3.411052505425898,93.45540891965813,11.369849799205548,132.11215441614527
ae7127a8b48f61b051a8,ILVIS0_applanix_57289_510_LVISGH.013,221fbceb9d572b60b7e70e599955098418ca8b35688e2b9cfdf30f347f8ec34b,459,False,0,l1_broadcast,h3_v10_tau60,3.6466774007940703,70.42992180582748,3.6464924739974385,99.90595123874726,12.154670693117735,141.23139354037616
ae7127a8b48f61b051a8,ILVIS0_applanix_57289_510_LVISGH.013,221fbceb9d572b60b7e70e599955098418ca8b35688e2b9cfdf30f347f8ec34b,459,False,0,l1_broadcast,h3_v10_tau300,4.122265346783386,79.61516584209123,4.122101755991585,112.93660962469849,13.740070068178575,159.65296732967397
ae7127a8b48f61b051a8,ILVIS0_applanix_57289_510_LVISGH.013,221fbceb9d572b60b7e70e599955098418ca8b35688e2b9cfdf30f347f8ec34b,459,False,0,l1_broadcast,h10_v30_tau0,11.190198649786073,216.12134260203374,11.19013838695178,306.5854181829922,33.570346900192206,390.0711910716401
ae7127a8b48f61b051a8,ILVIS0_applanix_57289_510_LVISGH.013,221fbceb9d572b60b7e70e599955098418ca8b35688e2b9cfdf30f347f8ec34b,459,False,0,l1_broadcast,h10_v30_tau10,11.369641976285036,219.58701232405184,11.369582664564275,311.50180053591487,34.1086808103788,396.32637068491766
ae7127a8b48f61b051a8,ILVIS0_applanix_57289_510_LVISGH.013,221fbceb9d572b60b7e70e599955098418ca8b35688e2b9cfdf30f347f8ec34b,459,False,0,l1_broadcast,h10_v30_tau60,12.154476289439351,234.74487062376116,12.154420807591004,333.0046561723015,36.46319957764361,423.6847397443168
ae7127a8b48f61b051a8,ILVIS0_applanix_57289_510_LVISGH.013,221fbceb9d572b60b7e70e599955098418ca8b35688e2b9cfdf30f347f8ec34b,459,False,0,l1_broadcast,h10_v30_tau300,13.739898096087359,265.3648354846941,13.73984901621276,376.44193581365005,41.21949145515946,478.9505504689701
ae7127a8b48f61b051a8,ILVIS0_applanix_57289_510_LVISGH.013,221fbceb9d572b60b7e70e599955098418ca8b35688e2b9cfdf30f347f8ec34b,459,False,0,dual_frequency,formal_only,0.07046711556383702,1.0,0.04941153436724839,1.0,0.11731754948437327,1.0
ae7127a8b48f61b051a8,ILVIS0_applanix_57289_510_LVISGH.013,221fbceb9d572b60b7e70e599955098418ca8b35688e2b9cfdf30f347f8ec34b,459,False,0,dual_frequency,h1_v3_tau0,1.1212244483658749,15.911314652153514,1.1200982764766667,22.668761268403458,3.359072974877783,28.632314514251018
ae7127a8b48f61b051a8,ILVIS0_applanix_57289_510_LVISGH.013,221fbceb9d572b60b7e70e599955098418ca8b35688e2b9cfdf30f347f8ec34b,459,False,0,dual_frequency,h1_v3_tau10,1.1391340536063557,16.165470155712562,1.1380256049133017,23.031577939980405,3.412874214911071,29.090909500847246
ae7127a8b48f61b051a8,ILVIS0_applanix_57289_510_LVISGH.013,221fbceb9d572b60b7e70e599955098418ca8b35688e2b9cfdf30f347f8ec34b,459,False,0,dual_frequency,h1_v3_tau60,1.2174776154418832,17.27724493475195,1.2164405573042576,24.618554612433872,3.6481966195577398,31.096768007787965
ae7127a8b48f61b051a8,ILVIS0_applanix_57289_510_LVISGH.013,221fbceb9d572b60b7e70e599955098418ca8b35688e2b9cfdf30f347f8ec34b,459,False,0,dual_frequency,h1_v3_tau300,1.3757858853416365,19.523800205718587,1.3748682437447994,27.824844165456796,4.1236093533191855,35.14912620867904
ae7127a8b48f61b051a8,ILVIS0_applanix_57289_510_LVISGH.013,221fbceb9d572b60b7e70e599955098418ca8b35688e2b9cfdf30f347f8ec34b,459,False,0,dual_frequency,h3_v10_tau0,3.3577631628084115,47.65007246204895,3.3573872792494144,67.94744025344013,11.190693827067397,95.38806322031131
ae7127a8b48f61b051a8,ILVIS0_applanix_57289_510_LVISGH.013,221fbceb9d572b60b7e70e599955098418ca8b35688e2b9cfdf30f347f8ec34b,459,False,0,dual_frequency,h3_v10_tau10,3.411585058849292,48.41385987707551,3.4112151059580467,69.03681801508907,11.370129338683578,96.91754889747405
ae7127a8b48f61b051a8,ILVIS0_applanix_57289_510_LVISGH.013,221fbceb9d572b60b7e70e599955098418ca8b35688e2b9cfdf30f347f8ec34b,459,False,0,dual_frequency,h3_v10_tau60,3.646990647357269,51.754504468874075,3.6466445764927555,73.80148427266555,12.154932183275797,103.60710939410508
ae7127a8b48f61b051a8,ILVIS0_applanix_57289_510_LVISGH.013,221fbceb9d572b60b7e70e599955098418ca8b35688e2b9cfdf30f347f8ec34b,459,False,0,dual_frequency,h3_v10_tau300,4.122542456511557,58.50306804138868,4.12223630946759,83.42659992764655,13.740301386809366,117.12059659616038
ae7127a8b48f61b051a8,ILVIS0_applanix_57289_510_LVISGH.013,221fbceb9d572b60b7e70e599955098418ca8b35688e2b9cfdf30f347f8ec34b,459,False,0,dual_frequency,h10_v30_tau0,11.19030073492769,158.8017424211193,11.190187953000425,226.46914523702088,33.57044157769068,286.15021133016654
ae7127a8b48f61b051a8,ILVIS0_applanix_57289_510_LVISGH.013,221fbceb9d572b60b7e70e599955098418ca8b35688e2b9cfdf30f347f8ec34b,459,False,0,dual_frequency,h10_v30_tau10,11.369742450264733,161.34820276508617,11.369631448323403,230.10075671439932,34.10877399359586,290.7388889685184
ae7127a8b48f61b051a8,ILVIS0_applanix_57289_510_LVISGH.013,221fbceb9d572b60b7e70e599955098418ca8b35688e2b9cfdf30f347f8ec34b,459,False,0,dual_frequency,h10_v30_tau60,12.154570275702575,172.48570738916655,12.154466441285903,245.98439609157913,36.463286743805305,310.80845878614457
ae7127a8b48f61b051a8,ILVIS0_applanix_57289_510_LVISGH.013,221fbceb9d572b60b7e70e599955098418ca8b35688e2b9cfdf30f347f8ec34b,459,False,0,dual_frequency,h10_v30_tau300,13.739981237516819,194.984300514892,13.73988938429516,278.07048617786734,41.219568563291176,351.35040532688276
93f52157cbd20bdf8c1b,ILVIS0_58016_B200T_N44U_imu_510i_0539_41265390920_104746.013,125b48eace30aebd6ede69515bdbbeb33a089fa32b3ea45506dbe89424de4fdc,569,False,0,l1_broadcast,formal_only,0.020441157026791508,1.0,0.017560351971901814,1.0,0.04555670221061532,1.0
93f52157cbd20bdf8c1b,ILVIS0_58016_B200T_N44U_imu_510i_0539_41265390920_104746.013,125b48eace30aebd6ede69515bdbbeb33a089fa32b3ea45506dbe89424de4fdc,569,False,0,l1_broadcast,h1_v3_tau0,1.1190063941483452,54.74281092218522,1.1189574769425623,63.72067477536884,3.3567681832850624,73.68330059902559
93f52157cbd20bdf8c1b,ILVIS0_58016_B200T_N44U_imu_510i_0539_41265390920_104746.013,125b48eace30aebd6ede69515bdbbeb33a089fa32b3ea45506dbe89424de4fdc,569,False,0,l1_broadcast,h1_v3_tau10,1.1335692687068326,55.45523999551998,1.1335209799634618,64.55001481617225,3.400460031763328,74.64236581573667
93f52157cbd20bdf8c1b,ILVIS0_58016_B200T_N44U_imu_510i_0539_41265390920_104746.013,125b48eace30aebd6ede69515bdbbeb33a089fa32b3ea45506dbe89424de4fdc,569,False,0,l1_broadcast,h1_v3_tau60,1.1996176944030033,58.686389074292926,1.1995720644402987,68.3113907033142,3.598618951699937,78.99208628102608
93f52157cbd20bdf8c1b,ILVIS0_58016_B200T_N44U_imu_510i_0539_41265390920_104746.013,125b48eace30aebd6ede69515bdbbeb33a089fa32b3ea45506dbe89424de4fdc,569,False,0,l1_broadcast,h1_v3_tau300,1.3536498063471265,66.22178013568141,1.3536093687930784,77.08327093665199,4.060741930857398,89.13599391114819
93f52157cbd20bdf8c1b,ILVIS0_58016_B200T_N44U_imu_510i_0539_41265390920_104746.013,125b48eace30aebd6ede69515bdbbeb33a089fa32b3ea45506dbe89424de4fdc,569,False,0,l1_broadcast,h3_v10_tau0,3.3565212741913593,164.20407464176733,3.356504966354134,191.14109852267495,11.188289517953363,245.59041754664895
93f52157cbd20bdf8c1b,ILVIS0_58016_B200T_N44U_imu_510i_0539_41265390920_104746.013,125b48eace30aebd6ede69515bdbbeb33a089fa32b3ea45506dbe89424de4fdc,569,False,0,l1_broadcast,h3_v10_tau10,3.4002162953853596,166.34167483419924,3.400200197115594,193.6293875291468,11.333941062962664,248.78756610968438
93f52157cbd20bdf8c1b,ILVIS0_58016_B200T_N44U_imu_510i_0539_41265390920_104746.013,125b48eace30aebd6ede69515bdbbeb33a089fa32b3ea45506dbe89424de4fdc,569,False,0,l1_broadcast,h3_v10_tau60,3.5983886376152094,176.03644612185738,3.598373425921638,204.9146527176316,11.994521774357434,263.28775333440507
93f52157cbd20bdf8c1b,ILVIS0_58016_B200T_N44U_imu_510i_0539_41265390920_104746.013,125b48eace30aebd6ede69515bdbbeb33a089fa32b3ea45506dbe89424de4fdc,569,False,0,l1_broadcast,h3_v10_tau300,4.060537828515795,198.64520502404977,4.060524348143789,231.23251485169567,13.535031257644668,297.10296401768136
93f52157cbd20bdf8c1b,ILVIS0_58016_B200T_N44U_imu_510i_0539_41265390920_104746.013,125b48eace30aebd6ede69515bdbbeb33a089fa32b3ea45506dbe89424de4fdc,569,False,0,l1_broadcast,h10_v30_tau0,11.188215441495993,547.3376789206204,11.18821054907308,637.1290602247183,33.564621221354116,736.7658235264691
93f52157cbd20bdf8c1b,ILVIS0_58016_B200T_N44U_imu_510i_0539_41265390920_104746.013,125b48eace30aebd6ede69515bdbbeb33a089fa32b3ea45506dbe89424de4fdc,569,False,0,l1_broadcast,h10_v30_tau10,11.33386793846194,554.4631315931401,11.333863108911997,645.4234588832402,34.0015790348547,746.3573389851708
93f52157cbd20bdf8c1b,ILVIS0_58016_B200T_N44U_imu_510i_0539_41265390920_104746.013,125b48eace30aebd6ede69515bdbbeb33a089fa32b3ea45506dbe89424de4fdc,569,False,0,l1_broadcast,h10_v30_tau60,11.994452677105317,586.7795380361595,11.994448113539017,683.0414408965859,35.98333461555336,789.8581958192918
93f52157cbd20bdf8c1b,ILVIS0_58016_B200T_N44U_imu_510i_0539_41265390920_104746.013,125b48eace30aebd6ede69515bdbbeb33a089fa32b3ea45506dbe89424de4fdc,569,False,0,l1_broadcast,h10_v30_tau300,13.534970024835758,662.1430483164895,13.534965980683634,770.768490423246,40.60488932387125,891.3044042597483
93f52157cbd20bdf8c1b,ILVIS0_58016_B200T_N44U_imu_510i_0539_41265390920_104746.013,125b48eace30aebd6ede69515bdbbeb33a089fa32b3ea45506dbe89424de4fdc,569,False,0,dual_frequency,formal_only,0.04255506133505818,1.0,0.036551871234445026,1.0,0.09478158491186749,1.0
93f52157cbd20bdf8c1b,ILVIS0_58016_B200T_N44U_imu_510i_0539_41265390920_104746.013,125b48eace30aebd6ede69515bdbbeb33a089fa32b3ea45506dbe89424de4fdc,569,False,0,dual_frequency,h1_v3_tau0,1.1196286895616414,26.310118101962562,1.1194165929335813,30.625425050159613,3.3577970117380525,35.42668140504609
93f52157cbd20bdf8c1b,ILVIS0_58016_B200T_N44U_imu_510i_0539_41265390920_104746.013,125b48eace30aebd6ede69515bdbbeb33a089fa32b3ea45506dbe89424de4fdc,569,False,0,dual_frequency,h1_v3_tau10,1.1341835738985027,26.652142854841262,1.1339741995948096,31.023697591881355,3.4014756449726273,35.88751599939466
93f52157cbd20bdf8c1b,ILVIS0_58016_B200T_N44U_imu_510i_0539_41265390920_104746.013,125b48eace30aebd6ede69515bdbbeb33a089fa32b3ea45506dbe89424de4fdc,569,False,0,dual_frequency,h1_v3_tau60,1.2001981940785504,28.203418263899664,1.2000003379645034,32.83006580614322,3.599578655239534,37.97761620663547
93f52157cbd20bdf8c1b,ILVIS0_58016_B200T_N44U_imu_510i_0539_41265390920_104746.013,125b48eace30aebd6ede69515bdbbeb33a089fa32b3ea45506dbe89424de4fdc,569,False,0,dual_frequency,h1_v3_tau300,1.354164277541041,31.821462243445023,1.3539889204176518,37.04294403241678,4.061592441979571,42.85212624114945
93f52157cbd20bdf8c1b,ILVIS0_58016_B200T_N44U_imu_510i_0539_41265390920_104746.013,125b48eace30aebd6ede69515bdbbeb33a089fa32b3ea45506dbe89424de4fdc,569,False,0,dual_frequency,h3_v10_tau0,3.3567287880381134,78.87966043824584,3.35665804968116,91.83272801962542,11.18859823540318,118.046118830012
93f52157cbd20bdf8c1b,ILVIS0_58016_B200T_N44U_imu_510i_0539_41265390920_104746.013,125b48eace30aebd6ede69515bdbbeb33a089fa32b3ea45506dbe89424de4fdc,569,False,0,dual_frequency,h3_v10_tau10,3.400421142704059,79.90638565717884,3.400351313290185,93.02810494927081,11.334245813217276,119.5827841848858
93f52157cbd20bdf8c1b,ILVIS0_58016_B200T_N44U_imu_510i_0539_41265390920_104746.013,125b48eace30aebd6ede69515bdbbeb33a089fa32b3ea45506dbe89424de4fdc,569,False,0,dual_frequency,h3_v10_tau60,3.5985822040996758,84.56296598343877,3.598516220014631,98.4495758625767,11.994809741352995,126.55211191611062
93f52157cbd20bdf8c1b,ILVIS0_58016_B200T_N44U_imu_510i_0539_41265390920_104746.013,125b48eace30aebd6ede69515bdbbeb33a089fa32b3ea45506dbe89424de4fdc,569,False,0,dual_frequency,h3_v10_tau300,4.060709365265187,95.42247708899079,4.0606508905836645,111.09283200683495,13.535286449910851,142.80502338609992
93f52157cbd20bdf8c1b,ILVIS0_58016_B200T_N44U_imu_510i_0539_41265390920_104746.013,125b48eace30aebd6ede69515bdbbeb33a089fa32b3ea45506dbe89424de4fdc,569,False,0,dual_frequency,h10_v30_tau0,11.188277698451804,262.9129731563694,11.188256475596164,306.09257741783676,33.56472412919101,354.12706128939624
93f52157cbd20bdf8c1b,ILVIS0_58016_B200T_N44U_imu_510i_0539_41265390920_104746.013,125b48eace30aebd6ede69515bdbbeb33a089fa32b3ea45506dbe89424de4fdc,569,False,0,dual_frequency,h10_v30_tau10,11.333929395352706,266.33563763696105,11.333908445231314,310.0773794188323,34.0016806202163,358.737202504397
93f52157cbd20bdf8c1b,ILVIS0_58016_B200T_N44U_imu_510i_0539_41265390920_104746.013,125b48eace30aebd6ede69515bdbbeb33a089fa32b3ea45506dbe89424de4fdc,569,False,0,dual_frequency,h10_v30_tau60,11.994510749324606,281.8586173542454,11.994490953004593,328.14984699610847,35.983430606191554,379.6457997579455
93f52157cbd20bdf8c1b,ILVIS0_58016_B200T_N44U_imu_510i_0539_41265390920_104746.013,125b48eace30aebd6ede69515bdbbeb33a089fa32b3ea45506dbe89424de4fdc,569,False,0,dual_frequency,h10_v30_tau300,13.535021487443126,318.0590290042081,13.535003944276951,370.2957875251569,40.60497438910109,428.4057333168417
