segment_id,filename,case_id,stretch_shape_preference,sphere_rotating_disc_minus_globe_cost,sphere_still_disc_minus_globe_cost,available_lean,converged_models,unresolved_models
b365bdf39150ee6afc303ac1,ILVIS0_applanix_55124_Ames_510-20oct09_20Oct09.013,bias1_unsubtracted,unresolved,,,No converged shape pair,,sphere_rotating;sphere_still;flat_still
b365bdf39150ee6afc303ac1,ILVIS0_applanix_55124_Ames_510-20oct09_20Oct09.013,bias1_profiled_removal,unresolved,,,No converged shape pair,,sphere_rotating;sphere_still;flat_still
034547522e2d98947b598466,ILVIS0_applanix_55124_Ames_610-20Oct09_20Oct09.013,bias1_unsubtracted,unresolved,,,No converged shape pair,flat_still,sphere_rotating;sphere_still
034547522e2d98947b598466,ILVIS0_applanix_55124_Ames_610-20Oct09_20Oct09.013,bias1_profiled_removal,unresolved,,,No converged shape pair,,sphere_rotating;sphere_still;flat_still
3df34ea39a6cbdbe15bb0f36,ILVIS0_applanix_55128_Ames_510-24Oct09_24Oct09.013,bias1_unsubtracted,unresolved,,-626401.3727532286,Flat fits better than still globe,sphere_still;flat_still,sphere_rotating
3df34ea39a6cbdbe15bb0f36,ILVIS0_applanix_55128_Ames_510-24Oct09_24Oct09.013,bias1_profiled_removal,unresolved,,-626401.3728094336,Flat fits better than still globe,sphere_still;flat_still,sphere_rotating
233183f67270980491416678,ILVIS0_applanix_55128_Ames_610-24Oct09_24Oct09.013,bias1_unsubtracted,unresolved,,,No converged shape pair,sphere_still,sphere_rotating;flat_still
233183f67270980491416678,ILVIS0_applanix_55128_Ames_610-24Oct09_24Oct09.013,bias1_profiled_removal,unresolved,,,No converged shape pair,sphere_still,sphere_rotating;flat_still
c16df82d514fc69d11d941d2,ILVIS0_applanix_55129_610-25Oct09_25Oct09.013,bias1_unsubtracted,unresolved,,31737.715795966662,Still globe fits better than flat,sphere_still;flat_still,sphere_rotating
c16df82d514fc69d11d941d2,ILVIS0_applanix_55129_610-25Oct09_25Oct09.013,bias1_profiled_removal,unresolved,,3044.253617559133,Still globe fits better than flat,sphere_still;flat_still,sphere_rotating
fad74da3a09951b31e882472,ILVIS0_applanix_55131_610-27Oct09_27Oct09.013,bias1_unsubtracted,unresolved,,,No converged shape pair,,sphere_rotating;sphere_still;flat_still
fad74da3a09951b31e882472,ILVIS0_applanix_55131_610-27Oct09_27Oct09.013,bias1_profiled_removal,unresolved,,,No converged shape pair,,sphere_rotating;sphere_still;flat_still
0e73879f98c3b701fd7c42df,ILVIS0_applanix_55133_610-29Oct09_29Oct09.013,bias1_unsubtracted,unresolved,,,No converged shape pair,flat_still,sphere_rotating;sphere_still
0e73879f98c3b701fd7c42df,ILVIS0_applanix_55133_610-29Oct09_29Oct09.013,bias1_profiled_removal,unresolved,,,No converged shape pair,flat_still,sphere_rotating;sphere_still
fd7b81e48a4122b149c4925b,ILVIS0_applanix_55140_610-05Nov09_05Nov09.013,bias1_unsubtracted,unresolved,,6903.069954710461,Still globe fits better than flat,sphere_still;flat_still,sphere_rotating
fd7b81e48a4122b149c4925b,ILVIS0_applanix_55140_610-05Nov09_05Nov09.013,bias1_profiled_removal,unresolved,,6903.144430640405,Still globe fits better than flat,sphere_still;flat_still,sphere_rotating
7024120d59221e8eaf127084,ILVIS0_applanix_55277_20100322_610_AMES_08Dec09.013,bias1_unsubtracted,globe,287680.24665954633,217226.9045531548,Rotating globe fits better than flat; Still globe fits better than flat,sphere_rotating;sphere_still;flat_still,
7024120d59221e8eaf127084,ILVIS0_applanix_55277_20100322_610_AMES_08Dec09.013,bias1_profiled_removal,globe,287680.61178881954,217227.27315801417,Rotating globe fits better than flat; Still globe fits better than flat,sphere_rotating;sphere_still;flat_still,
b4ab6e128de963c2ce69aa51,ILVIS0_applanix_55284_20100329_610_AMES_29Mar100329_103936.013,bias1_unsubtracted,unresolved,34876.53161915635,,Rotating globe fits better than flat,sphere_rotating;flat_still,sphere_still
b4ab6e128de963c2ce69aa51,ILVIS0_applanix_55284_20100329_610_AMES_29Mar100329_103936.013,bias1_profiled_removal,unresolved,5338.507238998361,,Rotating globe fits better than flat,sphere_rotating;flat_still,sphere_still
7df21c836bec5751f83c0cce,ILVIS0_applanix_55295_20100409_610_LVIS_09Apr10.013,bias1_unsubtracted,unresolved,,,No converged shape pair,,sphere_rotating;sphere_still;flat_still
7df21c836bec5751f83c0cce,ILVIS0_applanix_55295_20100409_610_LVIS_09Apr10.013,bias1_profiled_removal,unresolved,,,No converged shape pair,,sphere_rotating;sphere_still;flat_still
bb8061a43b4f14b6262ceda1,ILVIS0_applanix_55300_20100414_Ames610_14Apr10.013,bias1_unsubtracted,unresolved,,,No converged shape pair,,sphere_rotating;sphere_still;flat_still
bb8061a43b4f14b6262ceda1,ILVIS0_applanix_55300_20100414_Ames610_14Apr10.013,bias1_profiled_removal,unresolved,,,No converged shape pair,,sphere_rotating;sphere_still;flat_still
48c1bfe2f1aeb31c9386841d,ILVIS0_applanix_55842_610_LVIS.013,bias1_unsubtracted,unresolved,,,No converged shape pair,sphere_rotating;sphere_still,flat_still
48c1bfe2f1aeb31c9386841d,ILVIS0_applanix_55842_610_LVIS.013,bias1_profiled_removal,unresolved,,,No converged shape pair,,sphere_rotating;sphere_still;flat_still
8bf60391909fe8988c23621a,ILVIS0_applanix_55844_610_LVIS.013,bias1_unsubtracted,unresolved,,10607.900875522762,Still globe fits better than flat,sphere_still;flat_still,sphere_rotating
8bf60391909fe8988c23621a,ILVIS0_applanix_55844_610_LVIS.013,bias1_profiled_removal,unresolved,,,No converged shape pair,sphere_still,sphere_rotating;flat_still
2791235ca0b11b1ef4386e21,ILVIS0_applanix_55846_610_LVIS.013,bias1_unsubtracted,unresolved,,-15630.482644981412,Flat fits better than still globe,sphere_still;flat_still,sphere_rotating
2791235ca0b11b1ef4386e21,ILVIS0_applanix_55846_610_LVIS.013,bias1_profiled_removal,unresolved,,-15630.482643762376,Flat fits better than still globe,sphere_still;flat_still,sphere_rotating
2f7e37c48f3b4423c55662dd,ILVIS0_applanix_57289_610_DMS_24Sept15DMS.013,bias1_unsubtracted,globe,80618.42824434163,66778.42928330402,Rotating globe fits better than flat; Still globe fits better than flat,sphere_rotating;sphere_still;flat_still,
2f7e37c48f3b4423c55662dd,ILVIS0_applanix_57289_610_DMS_24Sept15DMS.013,bias1_profiled_removal,globe,72336.81994454584,58496.81982045663,Rotating globe fits better than flat; Still globe fits better than flat,sphere_rotating;sphere_still;flat_still,
d9d91c8edba5721931856fc9,ILVIS0_applanix_57289_610_LVIS_38614965.013,bias1_unsubtracted,unresolved,,31298.591993615304,Still globe fits better than flat,sphere_still;flat_still,sphere_rotating
d9d91c8edba5721931856fc9,ILVIS0_applanix_57289_610_LVIS_38614965.013,bias1_profiled_removal,unresolved,,24425.004743453363,Still globe fits better than flat,sphere_still;flat_still,sphere_rotating
da346f70a6661ee42cecea19,ILVIS0_applanix_57289_610_loaner_24Sept15LVIS.013,bias1_unsubtracted,unresolved,,40536.47912292488,Still globe fits better than flat,sphere_still;flat_still,sphere_rotating
da346f70a6661ee42cecea19,ILVIS0_applanix_57289_610_loaner_24Sept15LVIS.013,bias1_profiled_removal,unresolved,,,No converged shape pair,sphere_still,sphere_rotating;flat_still
e6629f14d2e03e471a446e06,ILVIS0_applanix_57291_610_DMS_26Sept15DMS.013,bias1_unsubtracted,unresolved,,,No converged shape pair,sphere_rotating;sphere_still,flat_still
e6629f14d2e03e471a446e06,ILVIS0_applanix_57291_610_DMS_26Sept15DMS.013,bias1_profiled_removal,unresolved,,,No converged shape pair,sphere_rotating,sphere_still;flat_still
f7677e15295077fd8cfd3089,ILVIS0_applanix_57291_610_LVIS_38614965.013,bias1_unsubtracted,globe,9182.772182843984,-132.1819116564384,Rotating globe fits better than flat; Flat fits better than still globe,sphere_rotating;sphere_still;flat_still,
f7677e15295077fd8cfd3089,ILVIS0_applanix_57291_610_LVIS_38614965.013,bias1_profiled_removal,globe,9182.77044873226,-132.18191490051504,Rotating globe fits better than flat; Flat fits better than still globe,sphere_rotating;sphere_still;flat_still,
abe881b5c87cc878226a9aef,ILVIS0_applanix_57291_610_loaner_26Sept15LVIS.013,bias1_unsubtracted,globe,18949.69572216922,10497.2927375669,Rotating globe fits better than flat; Still globe fits better than flat,sphere_rotating;sphere_still;flat_still,
abe881b5c87cc878226a9aef,ILVIS0_applanix_57291_610_loaner_26Sept15LVIS.013,bias1_profiled_removal,globe,18949.69215506726,10497.292735458695,Rotating globe fits better than flat; Still globe fits better than flat,sphere_rotating;sphere_still;flat_still,
01177d345ecb28bcfdcc6a4f,ILVIS0_applanix_57294_610_DMS_29Sept15DMS.013,bias1_unsubtracted,unresolved,,,No converged shape pair,sphere_still,sphere_rotating;flat_still
01177d345ecb28bcfdcc6a4f,ILVIS0_applanix_57294_610_DMS_29Sept15DMS.013,bias1_profiled_removal,unresolved,,,No converged shape pair,sphere_still,sphere_rotating;flat_still
dac266ab5c198050d25b17f6,ILVIS0_applanix_57294_610_loaner_29Sept15LVIS.013,bias1_unsubtracted,unresolved,,,No converged shape pair,flat_still,sphere_rotating;sphere_still
dac266ab5c198050d25b17f6,ILVIS0_applanix_57294_610_loaner_29Sept15LVIS.013,bias1_profiled_removal,unresolved,,,No converged shape pair,flat_still,sphere_rotating;sphere_still
f50ff54d2e6175d2e8277823,ILVIS0_applanix_57298_610_DMS_03Oct15DMS.013,bias1_unsubtracted,unresolved,,,No converged shape pair,sphere_still,sphere_rotating;flat_still
f50ff54d2e6175d2e8277823,ILVIS0_applanix_57298_610_DMS_03Oct15DMS.013,bias1_profiled_removal,unresolved,,-1668.1751622327465,Flat fits better than still globe,sphere_still;flat_still,sphere_rotating
4fad619380ea429cbf6cbcc9,ILVIS0_applanix_57298_610_LVIS_38614965.013,bias1_unsubtracted,unresolved,1271.7376258383947,-1681.9643930666202,Rotating globe fits better than flat; Flat fits better than still globe,sphere_rotating;sphere_still;flat_still,
4fad619380ea429cbf6cbcc9,ILVIS0_applanix_57298_610_LVIS_38614965.013,bias1_profiled_removal,unresolved,,-1681.9643603536372,Flat fits better than still globe,sphere_still;flat_still,sphere_rotating
d4e793dd58b79bf4d95c692b,ILVIS0_applanix_57298_610_loaner_03Oct15LVIS.013,bias1_unsubtracted,unresolved,,,No converged shape pair,sphere_rotating;sphere_still,flat_still
d4e793dd58b79bf4d95c692b,ILVIS0_applanix_57298_610_loaner_03Oct15LVIS.013,bias1_profiled_removal,unresolved,,,No converged shape pair,sphere_still,sphere_rotating;flat_still
570b37d23af5e245dd461051,ILVIS0_applanix_57300_610_LVIS_38614965.013,bias1_unsubtracted,globe,49301.89022054543,38557.1850142814,Rotating globe fits better than flat; Still globe fits better than flat,sphere_rotating;sphere_still;flat_still,
570b37d23af5e245dd461051,ILVIS0_applanix_57300_610_LVIS_38614965.013,bias1_profiled_removal,globe,45774.05824777768,35029.353041426744,Rotating globe fits better than flat; Still globe fits better than flat,sphere_rotating;sphere_still;flat_still,
8dacbcf9f1e2774318723460,ILVIS0_applanix_57300_610_loaner_05Oct15LVIS.013,bias1_unsubtracted,globe,29869.803773155985,23206.29300553626,Rotating globe fits better than flat; Still globe fits better than flat,sphere_rotating;sphere_still;flat_still,
8dacbcf9f1e2774318723460,ILVIS0_applanix_57300_610_loaner_05Oct15LVIS.013,bias1_profiled_removal,globe,29869.803853296944,23206.293084666657,Rotating globe fits better than flat; Still globe fits better than flat,sphere_rotating;sphere_still;flat_still,
a953c8ddf4fae255674de128,ILVIS0_applanix_57302_610_DMS_07Oct15DMS.013,bias1_unsubtracted,unresolved,45809.685454871425,-97872.99567547388,Rotating globe fits better than flat; Flat fits better than still globe,sphere_rotating;sphere_still;flat_still,
a953c8ddf4fae255674de128,ILVIS0_applanix_57302_610_DMS_07Oct15DMS.013,bias1_profiled_removal,unresolved,,-97872.99564397524,Flat fits better than still globe,sphere_still;flat_still,sphere_rotating
711e7aade97a54f71ac5d9c5,ILVIS0_applanix_57302_610_LVIS_38614965.013,bias1_unsubtracted,globe,1723.9754100891378,-10943.052006506736,Rotating globe fits better than flat; Flat fits better than still globe,sphere_rotating;sphere_still;flat_still,
711e7aade97a54f71ac5d9c5,ILVIS0_applanix_57302_610_LVIS_38614965.013,bias1_profiled_removal,globe,1723.9755417625297,-10943.051794071172,Rotating globe fits better than flat; Flat fits better than still globe,sphere_rotating;sphere_still;flat_still,
31d7e5019dfdc9e2e6387206,ILVIS0_applanix_57302_610_loaner_07Oct15LVIS.013,bias1_unsubtracted,globe,47266.5906419481,-76227.31966778687,Rotating globe fits better than flat; Flat fits better than still globe,sphere_rotating;sphere_still;flat_still,
31d7e5019dfdc9e2e6387206,ILVIS0_applanix_57302_610_loaner_07Oct15LVIS.013,bias1_profiled_removal,globe,47266.59064217498,-76227.31969183721,Rotating globe fits better than flat; Flat fits better than still globe,sphere_rotating;sphere_still;flat_still,
f66ab49757292bc3c396aba2,ILVIS0_applanix_57305_610_DMS_10Oct15DMS.013,bias1_unsubtracted,unresolved,93667.3622023829,-31238.616948782234,Rotating globe fits better than flat; Flat fits better than still globe,sphere_rotating;sphere_still;flat_still,
f66ab49757292bc3c396aba2,ILVIS0_applanix_57305_610_DMS_10Oct15DMS.013,bias1_profiled_removal,unresolved,,,No converged shape pair,flat_still,sphere_rotating;sphere_still
e543e7b6e878b96a1966dbb6,ILVIS0_applanix_57305_610_LVIS_38614965.013,bias1_unsubtracted,unresolved,,,No converged shape pair,flat_still,sphere_rotating;sphere_still
e543e7b6e878b96a1966dbb6,ILVIS0_applanix_57305_610_LVIS_38614965.013,bias1_profiled_removal,unresolved,6729.083166656352,,Rotating globe fits better than flat,sphere_rotating;flat_still,sphere_still
9f4d888995ab94bb8eff4df6,ILVIS0_applanix_57305_610_loaner_10Oct15LVIS.013,bias1_unsubtracted,unresolved,,,No converged shape pair,sphere_still,sphere_rotating;flat_still
9f4d888995ab94bb8eff4df6,ILVIS0_applanix_57305_610_loaner_10Oct15LVIS.013,bias1_profiled_removal,unresolved,,,No converged shape pair,sphere_still,sphere_rotating;flat_still
705de394963c8be15c580512,ILVIS0_applanix_57307_610_DMS_12Oct15DMS.013,bias1_unsubtracted,unresolved,,216.6433325815342,Still globe fits better than flat,sphere_still;flat_still,sphere_rotating
705de394963c8be15c580512,ILVIS0_applanix_57307_610_DMS_12Oct15DMS.013,bias1_profiled_removal,unresolved,2156.4164881240677,216.64332983397617,Rotating globe fits better than flat; Still globe fits better than flat,sphere_rotating;sphere_still;flat_still,
74ec8f62cb621604ddcdde9c,ILVIS0_applanix_57307_610_loaner_12Oct15LVIS.013,bias1_unsubtracted,unresolved,36403.15921663482,26693.060699317495,Rotating globe fits better than flat; Still globe fits better than flat,sphere_rotating;sphere_still;flat_still,
74ec8f62cb621604ddcdde9c,ILVIS0_applanix_57307_610_loaner_12Oct15LVIS.013,bias1_profiled_removal,unresolved,,26693.06069737573,Still globe fits better than flat,sphere_still;flat_still,sphere_rotating
a6e658d1550299e4eb9f00a3,ILVIS0_applanix_57312_610_DMS_17Oct15DMS.013,bias1_unsubtracted,unresolved,,,No converged shape pair,flat_still,sphere_rotating;sphere_still
a6e658d1550299e4eb9f00a3,ILVIS0_applanix_57312_610_DMS_17Oct15DMS.013,bias1_profiled_removal,unresolved,,12951.75859065428,Still globe fits better than flat,sphere_still;flat_still,sphere_rotating
8f2a00e9f13b367202e4d46a,ILVIS0_applanix_57312_610_LVIS_38614965.013,bias1_unsubtracted,globe,11331.941919070523,9659.104863810799,Rotating globe fits better than flat; Still globe fits better than flat,sphere_rotating;sphere_still;flat_still,
8f2a00e9f13b367202e4d46a,ILVIS0_applanix_57312_610_LVIS_38614965.013,bias1_profiled_removal,globe,11331.949979046343,9659.104863968876,Rotating globe fits better than flat; Still globe fits better than flat,sphere_rotating;sphere_still;flat_still,
8cc288f5de7e88878c04b7f1,ILVIS0_applanix_57312_610_loaner_17Oct15LVIS.013,bias1_unsubtracted,unresolved,,22314.151283592924,Still globe fits better than flat,sphere_still;flat_still,sphere_rotating
8cc288f5de7e88878c04b7f1,ILVIS0_applanix_57312_610_loaner_17Oct15LVIS.013,bias1_profiled_removal,unresolved,,,No converged shape pair,flat_still,sphere_rotating;sphere_still
50f24131843071ae9312c082,ILVIS0_applanix_57315_610_DMS_20Oct15DMS.013,bias1_unsubtracted,unresolved,,,No converged shape pair,flat_still,sphere_rotating;sphere_still
50f24131843071ae9312c082,ILVIS0_applanix_57315_610_DMS_20Oct15DMS.013,bias1_profiled_removal,unresolved,,,No converged shape pair,flat_still,sphere_rotating;sphere_still
be1d75a0e47ff1c972865ba7,ILVIS0_applanix_57315_610_LVIS_38614965.013,bias1_unsubtracted,unresolved,,,No converged shape pair,sphere_rotating;sphere_still,flat_still
be1d75a0e47ff1c972865ba7,ILVIS0_applanix_57315_610_LVIS_38614965.013,bias1_profiled_removal,unresolved,,,No converged shape pair,sphere_rotating;sphere_still,flat_still
61e1b08da0912019eb521cd9,ILVIS0_applanix_57315_610_loaner_20Oct15LVIS.013,bias1_unsubtracted,unresolved,32107.60508129814,,Rotating globe fits better than flat,sphere_rotating;flat_still,sphere_still
61e1b08da0912019eb521cd9,ILVIS0_applanix_57315_610_loaner_20Oct15LVIS.013,bias1_profiled_removal,unresolved,,,No converged shape pair,,sphere_rotating;sphere_still;flat_still
ec6effbf9b2172b1389afc96,ILVIS0_applanix_57317_610_DMS_21Oct15DMS.013,bias1_unsubtracted,globe,42935.129645445595,20732.89069918607,Rotating globe fits better than flat; Still globe fits better than flat,sphere_rotating;sphere_still;flat_still,
ec6effbf9b2172b1389afc96,ILVIS0_applanix_57317_610_DMS_21Oct15DMS.013,bias1_profiled_removal,globe,42802.33091269818,20600.08596661381,Rotating globe fits better than flat; Still globe fits better than flat,sphere_rotating;sphere_still;flat_still,
c69d0a93113d86b5264f92eb,ILVIS0_applanix_57317_610_LVIS_38614965.013,bias1_unsubtracted,globe,4952.25023880672,-73142.78247848772,Rotating globe fits better than flat; Flat fits better than still globe,sphere_rotating;sphere_still;flat_still,
c69d0a93113d86b5264f92eb,ILVIS0_applanix_57317_610_LVIS_38614965.013,bias1_profiled_removal,globe,4952.250235444365,-73142.783077921,Rotating globe fits better than flat; Flat fits better than still globe,sphere_rotating;sphere_still;flat_still,
370cec66878c4c1cf84b4ceb,ILVIS0_applanix_57320_610_DMS_25Oct15DMS.013,bias1_unsubtracted,unresolved,,,No converged shape pair,sphere_rotating,sphere_still;flat_still
370cec66878c4c1cf84b4ceb,ILVIS0_applanix_57320_610_DMS_25Oct15DMS.013,bias1_profiled_removal,unresolved,,,No converged shape pair,flat_still,sphere_rotating;sphere_still
b4e44ddc0f130ecd45674c78,ILVIS0_applanix_57320_610_LVIS_38614965.013,bias1_unsubtracted,unresolved,12506.643905266124,10527.035920224891,Rotating globe fits better than flat; Still globe fits better than flat,sphere_rotating;sphere_still;flat_still,
b4e44ddc0f130ecd45674c78,ILVIS0_applanix_57320_610_LVIS_38614965.013,bias1_profiled_removal,unresolved,,4562.016982127396,Still globe fits better than flat,sphere_still;flat_still,sphere_rotating
2eb8727803b318a39937e7ec,ILVIS0_applanix_57320_610_loaner_25Oct15LVIS.013,bias1_unsubtracted,unresolved,,,No converged shape pair,sphere_still,sphere_rotating;flat_still
2eb8727803b318a39937e7ec,ILVIS0_applanix_57320_610_loaner_25Oct15LVIS.013,bias1_profiled_removal,unresolved,,,No converged shape pair,,sphere_rotating;sphere_still;flat_still
2a56eb8fa7d4e10c9a867bb0,ILVIS0_applanix_57322_610_DMS_27Oct15bDMS.013,bias1_unsubtracted,unresolved,,,No converged shape pair,sphere_rotating;sphere_still,flat_still
2a56eb8fa7d4e10c9a867bb0,ILVIS0_applanix_57322_610_DMS_27Oct15bDMS.013,bias1_profiled_removal,unresolved,,,No converged shape pair,,sphere_rotating;sphere_still;flat_still
f5c1fca513b9b40dffba93eb,ILVIS0_applanix_57322_610_LVIS_38614965.013,bias1_unsubtracted,unresolved,,-1582.054023994784,Flat fits better than still globe,sphere_still;flat_still,sphere_rotating
f5c1fca513b9b40dffba93eb,ILVIS0_applanix_57322_610_LVIS_38614965.013,bias1_profiled_removal,unresolved,,-1949.297138757848,Flat fits better than still globe,sphere_still;flat_still,sphere_rotating
013fdb894ff28509889a8896,ILVIS0_applanix_57322_610_loaner_27Oct15bLVIS.013,bias1_unsubtracted,unresolved,,,No converged shape pair,,sphere_rotating;sphere_still;flat_still
013fdb894ff28509889a8896,ILVIS0_applanix_57322_610_loaner_27Oct15bLVIS.013,bias1_profiled_removal,unresolved,,,No converged shape pair,,sphere_rotating;sphere_still;flat_still
5a642167dfb523f6c9cc284c,ILVIS0_applanix_57324_610_DMS_29Oct15DMS.013,bias1_unsubtracted,unresolved,,-67180.62825572176,Flat fits better than still globe,sphere_still;flat_still,sphere_rotating
5a642167dfb523f6c9cc284c,ILVIS0_applanix_57324_610_DMS_29Oct15DMS.013,bias1_profiled_removal,unresolved,27869.966266038104,-67180.62828230757,Rotating globe fits better than flat; Flat fits better than still globe,sphere_rotating;sphere_still;flat_still,
c028fde63f91c3f1067df4ad,ILVIS0_applanix_57324_610_LVIS_38614965.013,bias1_unsubtracted,globe,2910.3222906082733,-712.1948472158674,Rotating globe fits better than flat; Flat fits better than still globe,sphere_rotating;sphere_still;flat_still,
c028fde63f91c3f1067df4ad,ILVIS0_applanix_57324_610_LVIS_38614965.013,bias1_profiled_removal,globe,2910.3222574461556,-712.1948508734931,Rotating globe fits better than flat; Flat fits better than still globe,sphere_rotating;sphere_still;flat_still,
7ee5e21c025360c970124eeb,ILVIS0_applanix_57324_610_loaner_29Oct15LVIS.013,bias1_unsubtracted,unresolved,,-57496.39230089646,Flat fits better than still globe,sphere_still;flat_still,sphere_rotating
7ee5e21c025360c970124eeb,ILVIS0_applanix_57324_610_loaner_29Oct15LVIS.013,bias1_profiled_removal,unresolved,,-57496.39232103516,Flat fits better than still globe,sphere_still;flat_still,sphere_rotating
