segment_id,task,filename,source_sha256,start_utc,end_utc,start_utc_week_s,end_utc_week_s,duration_s,minimum_ground_speed_kmh,median_ground_speed_kmh,imu_type,mounting_epoch,time_types,selection_version,selection_sha256,scientific_decision
b365bdf39150ee6afc303ac1,ff36ab86ea03f8c2c49b,ILVIS0_applanix_55124_Ames_510-20oct09_20Oct09.013,f39deb582f207574911dd3a16e6c389a8baac76ceace13ec2f13aefdc42341dd,2009-10-20T13:25:32.783556Z,2009-10-20T13:35:17.822442Z,221132.78355568016,221717.8224416596,585.0388859794475,841.4,849.11,8,210101e5d08ec07f6abcbdb81e6d40000000000000000000000000000000000000000000000000000000000000000000000000000000000000000000000000020000,33,ilvis0-all-highspeed-level-segments-v1,934dea342a64b716533732d7ab0e961d23709cf37499faf7cee8e4c386778809,abstain
034547522e2d98947b598466,26677dfea3fbb0fb60fe,ILVIS0_applanix_55124_Ames_610-20Oct09_20Oct09.013,1d3907d662c774b03b41bbb3675ac3f49009a663d82c0e28b7d64af756c90dc2,2009-10-20T13:23:57.047162Z,2009-10-20T13:34:45Z,221037.0471623865,221685.0,647.9528376134986,837.56,848.71,21,210101cdccccbe85ebd1be295c3f40000000000000000000000000000000000000000000000000000000000000000000000000000000000000000000000000020000,33,ilvis0-all-highspeed-level-segments-v1,934dea342a64b716533732d7ab0e961d23709cf37499faf7cee8e4c386778809,abstain
3df34ea39a6cbdbe15bb0f36,683ac516120685564714,ILVIS0_applanix_55128_Ames_510-24Oct09_24Oct09.013,5e597ef0cd42c391c2fa032a8392300e69bf40dd0420360eea89c30119a85363,2009-10-24T13:25:51.649791Z,2009-10-24T13:36:59.693758Z,566751.6497913225,567419.6937584755,668.0439671529457,851.93,858.045,8,210101e5d08ec07f6abcbdb81e6d40000000000000000000000000000000000000000000000000000000000000000000000000000000000000000000000000020000,33,ilvis0-all-highspeed-level-segments-v1,934dea342a64b716533732d7ab0e961d23709cf37499faf7cee8e4c386778809,abstain
233183f67270980491416678,ad2d5717b2c1c2ed3589,ILVIS0_applanix_55128_Ames_610-24Oct09_24Oct09.013,dc223d82d68dd667db8bb628fd67546aa793934754c552982d363da54b9380de,2009-10-24T13:25:59.003646Z,2009-10-24T13:37:05.003101Z,566759.003645674,567425.0031014099,665.9994557359023,851.96,858.12,21,210101cdccccbe85ebd1be295c3f40000000000000000000000000000000000000000000000000000000000000000000000000000000000000000000000000020000,33,ilvis0-all-highspeed-level-segments-v1,934dea342a64b716533732d7ab0e961d23709cf37499faf7cee8e4c386778809,abstain
c16df82d514fc69d11d941d2,b78faf2349870ed2ddb8,ILVIS0_applanix_55129_610-25Oct09_25Oct09.013,3dcdb5ccd9cd16ac5a653663b0352791a8da1eee1af70005894a70d60b99129d,2009-10-25T14:57:57.272991Z,2009-10-25T15:08:45.272659Z,53877.27299089531,54525.27265907381,647.9996681784978,839.75,843.105,21,210101cdccccbe85ebd1be295c3f40000000000000000000000000000000000000000000000000000000000000000000000000000000000000000000000000020000,33,ilvis0-all-highspeed-level-segments-v1,934dea342a64b716533732d7ab0e961d23709cf37499faf7cee8e4c386778809,abstain
fad74da3a09951b31e882472,60b015c2680f835a1882,ILVIS0_applanix_55131_610-27Oct09_27Oct09.013,b3a5cac897123f4c94673c04dc2c48c6379422ea27d40bbdce594abaca14b04f,2009-10-27T13:28:57.062636Z,2009-10-27T13:34:29.062525Z,221337.06263602024,221669.0625253981,331.99988937785383,787.07,790.305,21,210101cdccccbe85ebd1be295c3f40000000000000000000000000000000000000000000000000000000000000000000000000000000000000000000000000020000,33,ilvis0-all-highspeed-level-segments-v1,934dea342a64b716533732d7ab0e961d23709cf37499faf7cee8e4c386778809,abstain
0e73879f98c3b701fd7c42df,28efd95656987f7d215a,ILVIS0_applanix_55133_610-29Oct09_29Oct09.013,be71c81e9150a6e44357974998cb81ef0baf50abe3856bf127aa05cb603d9af6,2009-10-29T13:26:58.932564Z,2009-10-29T13:38:07.931964Z,394018.93256351474,394687.9319641761,668.9994006613852,836.14,837.66,21,210101cdccccbe85ebd1be295c3f40000000000000000000000000000000000000000000000000000000000000000000000000000000000000000000000000020000,33,ilvis0-all-highspeed-level-segments-v1,934dea342a64b716533732d7ab0e961d23709cf37499faf7cee8e4c386778809,abstain
fd7b81e48a4122b149c4925b,b97d0866606fd64f4e2e,ILVIS0_applanix_55140_610-05Nov09_05Nov09.013,146d30ae1fb765aba07f51c15e84b0abfd1aa6167ce99484f41c14e2274657a8,2009-11-05T14:40:28.063157Z,2009-11-05T14:46:22.062864Z,398428.06315747293,398782.0628641131,353.9997066401411,718.21,737.0799999999999,21,210101cdccccbe85ebd1be295c3f40000000000000000000000000000000000000000000000000000000000000000000000000000000000000000000000000020000,33,ilvis0-all-highspeed-level-segments-v1,934dea342a64b716533732d7ab0e961d23709cf37499faf7cee8e4c386778809,abstain
7024120d59221e8eaf127084,c2e72777d4aa69a7f197,ILVIS0_applanix_55277_20100322_610_AMES_08Dec09.013,058b27e4e68f5f7c0c6d170e300a9cb98d423d93a1bc296f0cab5ef08f61d841,2010-03-22T07:52:03.263559Z,2010-03-22T07:59:19.264160Z,114723.26355936396,115159.26415994918,436.0006005852192,801.81,820.7199999999999,21,210101cdccccbe85ebd1be295c3f40000000000000000000000000000000000000000000000000000000000000000000000000000000000000000000000000020000,33,ilvis0-all-highspeed-level-segments-v1,934dea342a64b716533732d7ab0e961d23709cf37499faf7cee8e4c386778809,abstain
b4ab6e128de963c2ce69aa51,e8ef81c896d08e296383,ILVIS0_applanix_55284_20100329_610_AMES_29Mar100329_103936.013,fd30ec45fa2363e28942975796dd8d1d1f10e10c3de26cf49437afb67dc20fba,2010-03-29T13:06:37.134207Z,2010-03-29T13:13:30.134487Z,133597.13420689767,134010.13448743493,413.0002805372642,862.31,863.24,21,210101cdccccbe85ebd1be295c3f40000000000000000000000000000000000000000000000000000000000000000000000000000000000000000000000000020000,33,ilvis0-all-highspeed-level-segments-v1,934dea342a64b716533732d7ab0e961d23709cf37499faf7cee8e4c386778809,abstain
7df21c836bec5751f83c0cce,397f6c3a7f6f34592195,ILVIS0_applanix_55295_20100409_610_LVIS_09Apr10.013,b479a9a435e4e89047a18b53ba884364fe487a90b5bad42f8a6a2bb107a72bbd,2010-04-09T12:56:16.115058Z,2010-04-09T13:00:20.115282Z,478576.1150578784,478820.1152821144,244.00022423599148,834.33,841.7449999999999,21,210101cdccccbe85ebd1be295c3f40000000000000000000000000000000000000000000000000000000000000000000000000000000000000000000000000020000,33,ilvis0-all-highspeed-level-segments-v1,934dea342a64b716533732d7ab0e961d23709cf37499faf7cee8e4c386778809,abstain
bb8061a43b4f14b6262ceda1,739867a871b2c6dc77f4,ILVIS0_applanix_55300_20100414_Ames610_14Apr10.013,9ba34a0ecac0a8512866d4996e8b56848f7a573e36a985fdd5f8e41421221484,2010-04-14T12:41:33.104523Z,2010-04-14T12:47:57.103723Z,304893.10452298453,305277.1037228916,383.9991999070626,793.66,794.36,21,210101cdccccbe85ebd1be295c3f40000000000000000000000000000000000000000000000000000000000000000000000000000000000000000000000000020000,33,ilvis0-all-highspeed-level-segments-v1,934dea342a64b716533732d7ab0e961d23709cf37499faf7cee8e4c386778809,abstain
48c1bfe2f1aeb31c9386841d,30b98b4d421c7e9d0292,ILVIS0_applanix_55842_610_LVIS.013,e863c1e91f4a1edc2f6962a73fd669d1f5442b088e50286a6efd3a1087406b12,2011-10-08T15:00:19Z,2011-10-08T15:07:25Z,572419.0,572845.0,426.0,891.42,904.53,21,020101295c0f3e295c0f3d8fc2f5bd7f6afc3e713d0a3fe17a5cc0000000000000000000000000000000000000000000000000000000000000000000000000020000,2,ilvis0-all-highspeed-level-segments-v1,934dea342a64b716533732d7ab0e961d23709cf37499faf7cee8e4c386778809,abstain
8bf60391909fe8988c23621a,187a21019bce7b34a04c,ILVIS0_applanix_55844_610_LVIS.013,8befd824cf785f055562eaedeb3474406dd5bc346f666091db17c016138918da,2011-10-10T12:20:04.228661Z,2011-10-10T12:26:21Z,130804.22866147605,131181.0,376.77133852394763,788.14,796.38,21,020101295c0f3e295c0f3d8fc2f5bd7f6afc3e713d0a3fe17a5cc0000000000000000000000000000000000000000000000000000000000000000000000000020000,2,ilvis0-all-highspeed-level-segments-v1,934dea342a64b716533732d7ab0e961d23709cf37499faf7cee8e4c386778809,abstain
2791235ca0b11b1ef4386e21,12fbcbce3c7f52a3eae7,ILVIS0_applanix_55846_610_LVIS.013,02459608f57b1b266e25daefcd9e5190515e1a046c0f633474604d1877a3ac75,2011-10-12T12:05:40Z,2011-10-12T12:13:02Z,302740.0,303182.0,442.0,809.3,822.45,21,020101295c0f3e295c0f3d8fc2f5bd7f6afc3e713d0a3fe17a5cc0000000000000000000000000000000000000000000000000000000000000000000000000020000,2,ilvis0-all-highspeed-level-segments-v1,934dea342a64b716533732d7ab0e961d23709cf37499faf7cee8e4c386778809,abstain
2f7e37c48f3b4423c55662dd,25e8081705aa69d3cd6f,ILVIS0_applanix_57289_610_DMS_24Sept15DMS.013,967747b4e92fe754a9a449b6196064e1dd46d0a4e1063cab412c5bbb1525ff08,2015-09-24T13:19:15.032273Z,2015-09-24T13:28:40Z,393555.032273001,394120.0,564.9677269990207,741.44,755.57,21,11010131082cbd68916dbef4fdd4bd0e2d2ac0000000001f85fbbf000000000000000000000000000000000000000000000000000000000000000000000000000000000000000000000000000000,17,ilvis0-all-highspeed-level-segments-v1,934dea342a64b716533732d7ab0e961d23709cf37499faf7cee8e4c386778809,abstain
d9d91c8edba5721931856fc9,4876a722de50db44fd7a,ILVIS0_applanix_57289_610_LVIS_38614965.013,b1b624d9c5d736b411e6faa58b53000f1884d01563615b2681413234fcd48363,2015-09-24T12:47:53Z,2015-09-24T12:55:12Z,391673.0,392112.0,439.0,788.77,793.6099999999999,21,0201016de7bbbed7a3b03e643b9fbe5c8f023f3d0ad73d736809c0000000000000000000000000000000000000000000000000000000000000000000000000020000,2,ilvis0-all-highspeed-level-segments-v1,934dea342a64b716533732d7ab0e961d23709cf37499faf7cee8e4c386778809,abstain
da346f70a6661ee42cecea19,9b7d1be2c57168d942d1,ILVIS0_applanix_57289_610_loaner_24Sept15LVIS.013,b108983d1e5bc9953aaf9f7f22731ef6aba82d33dc5b1c008e41f53da5189153,2015-09-24T13:06:34Z,2015-09-24T13:15:39Z,392794.0,393339.0,545.0,769.81,784.845,21,110101a69bc43dc520303d643b9f3e1283403d31082cbd85eb09c0000000000000000000000000000000000000000000000000000000000000000000000000000000000000000000000000000000,17,ilvis0-all-highspeed-level-segments-v1,934dea342a64b716533732d7ab0e961d23709cf37499faf7cee8e4c386778809,abstain
e6629f14d2e03e471a446e06,8fb44931da423fbde3ef,ILVIS0_applanix_57291_610_DMS_26Sept15DMS.013,b06fcc78e20fd60cd586257e27e63cd14185f71a02c53cc17c1ab5d665ef6c74,2015-09-26T14:02:21.171782Z,2015-09-26T14:11:32.973698Z,568941.1717819993,569492.9736979962,551.8019159969408,791.93,798.32,21,11010131082cbd68916dbef4fdd4bd0e2d2ac0000000001f85fbbf000000000000000000000000000000000000000000000000000000000000000000000000000000000000000000000000000000,17,ilvis0-all-highspeed-level-segments-v1,934dea342a64b716533732d7ab0e961d23709cf37499faf7cee8e4c386778809,abstain
f7677e15295077fd8cfd3089,3223697e5fe287b1d443,ILVIS0_applanix_57291_610_LVIS_38614965.013,aed33e93397d83185507cdf213cdde9592b6b17acd10545f17c7ba19c6fcf1e5,2015-09-26T13:25:00Z,2015-09-26T13:32:19Z,566700.0,567139.0,439.0,819.96,825.25,21,0201016de7bbbed7a3b03e643b9fbe5c8f023f3d0ad73d736809c0000000000000000000000000000000000000000000000000000000000000000000000000020000,2,ilvis0-all-highspeed-level-segments-v1,934dea342a64b716533732d7ab0e961d23709cf37499faf7cee8e4c386778809,abstain
abe881b5c87cc878226a9aef,95a01583566d1a9e080b,ILVIS0_applanix_57291_610_loaner_26Sept15LVIS.013,46db5ba4fa7fd9c25529e5eadd241aa32ca8c21e176af51cf9b0c147b6cdee71,2015-09-26T14:01:50Z,2015-09-26T14:10:47Z,568910.0,569447.0,537.0,791.91,797.815,21,110101a69bc43dc520303d643b9f3e1283403d31082cbd85eb09c0000000000000000000000000000000000000000000000000000000000000000000000000000000000000000000000000000000,17,ilvis0-all-highspeed-level-segments-v1,934dea342a64b716533732d7ab0e961d23709cf37499faf7cee8e4c386778809,abstain
01177d345ecb28bcfdcc6a4f,67027d0caf3ed8e14c5f,ILVIS0_applanix_57294_610_DMS_29Sept15DMS.013,884f24fa9166c495220096d674c20a7532e7c2a1e06fb3fe471fa91eb1085cfa,2015-09-29T12:48:57.087609Z,2015-09-29T12:57:28.988956Z,218937.0876090041,219448.98895604198,511.90134703787044,884.65,887.95,21,11010131082cbd68916dbef4fdd4bd0e2d2ac0000000001f85fbbf000000000000000000000000000000000000000000000000000000000000000000000000000000000000000000000000000000,17,ilvis0-all-highspeed-level-segments-v1,934dea342a64b716533732d7ab0e961d23709cf37499faf7cee8e4c386778809,abstain
dac266ab5c198050d25b17f6,c1ef32dccf7f02f2fba6,ILVIS0_applanix_57294_610_loaner_29Sept15LVIS.013,ec9574fb40204363ffb03ad9d1d6af39fcffefeb65bc0ba67ef41bc08a0c3751,2015-09-29T12:47:39Z,2015-09-29T12:56:32Z,218859.0,219392.0,533.0,884.63,887.9,21,110101a69bc43dc520303d643b9f3e1283403d31082cbd85eb09c0000000000000000000000000000000000000000000000000000000000000000000000000000000000000000000000000000000,17,ilvis0-all-highspeed-level-segments-v1,934dea342a64b716533732d7ab0e961d23709cf37499faf7cee8e4c386778809,abstain
f50ff54d2e6175d2e8277823,439cd3a0feb0625b60ac,ILVIS0_applanix_57298_610_DMS_03Oct15DMS.013,7a4550b7b11885f70f79ee1fbec915536759e25f0b4e9978e25760fbb4aecc22,2015-10-03T14:18:43.047077Z,2015-10-03T14:27:51Z,569923.0470769999,570471.0,547.9529230000917,881.38,894.025,21,11010131082cbd68916dbef4fdd4bd0e2d2ac0000000001f85fbbf000000000000000000000000000000000000000000000000000000000000000000000000000000000000000000000000000000,17,ilvis0-all-highspeed-level-segments-v1,934dea342a64b716533732d7ab0e961d23709cf37499faf7cee8e4c386778809,abstain
4fad619380ea429cbf6cbcc9,adfd80e2038861ee52fa,ILVIS0_applanix_57298_610_LVIS_38614965.013,f87065a4678b2bcfe2134838327b3a4f2caf56eaa1ebb9908573968eb2dd38b5,2015-10-03T14:01:56.618753Z,2015-10-03T14:06:39Z,568916.6187528812,569199.0,282.3812471188139,905.54,915.78,21,0201018941a0be23dbb93e6666a6befca9113f6de7fb3dfa7e0ac0000000000000000000000000000000000000000000000000000000000000000000000000020000,2,ilvis0-all-highspeed-level-segments-v1,934dea342a64b716533732d7ab0e961d23709cf37499faf7cee8e4c386778809,abstain
d4e793dd58b79bf4d95c692b,a4d367c39b7334fa38b8,ILVIS0_applanix_57298_610_loaner_03Oct15LVIS.013,0f0fdad9b4849b54c6e839aa4824648f3932b84363d90ba68785787ff52d9295,2015-10-03T14:18:15Z,2015-10-03T14:27:08Z,569895.0,570428.0,533.0,881.38,895.59,21,110101a69bc43dc520303d643b9f3e1283403d31082cbd85eb09c0000000000000000000000000000000000000000000000000000000000000000000000000000000000000000000000000000000,17,ilvis0-all-highspeed-level-segments-v1,934dea342a64b716533732d7ab0e961d23709cf37499faf7cee8e4c386778809,abstain
570b37d23af5e245dd461051,a0534d9c30195543709c,ILVIS0_applanix_57300_610_LVIS_38614965.013,62516a0d2c5c33e9e55b7db7a0f4f3649252bc8257c8dab9ae2dd48212c1faa8,2015-10-05T12:45:50Z,2015-10-05T12:53:08Z,132350.0,132788.0,438.0,859.55,878.06,21,0201018941a0be23dbb93e6666a6befca9113f6de7fb3dfa7e0ac0000000000000000000000000000000000000000000000000000000000000000000000000020000,2,ilvis0-all-highspeed-level-segments-v1,934dea342a64b716533732d7ab0e961d23709cf37499faf7cee8e4c386778809,abstain
8dacbcf9f1e2774318723460,81c18746e768f992c6e7,ILVIS0_applanix_57300_610_loaner_05Oct15LVIS.013,3ab10969062fe380b142906ff982299364b3b0f8741802828e02b1c756833ef1,2015-10-05T13:08:08Z,2015-10-05T13:14:34.584286Z,133688.0,134074.58428608725,386.5842860872508,828.84,847.79,21,110101a69bc43dc520303d643b9f3e1283403d31082cbd85eb09c0000000000000000000000000000000000000000000000000000000000000000000000000000000000000000000000000000000,17,ilvis0-all-highspeed-level-segments-v1,934dea342a64b716533732d7ab0e961d23709cf37499faf7cee8e4c386778809,abstain
a953c8ddf4fae255674de128,b763a84552420e8c1d8d,ILVIS0_applanix_57302_610_DMS_07Oct15DMS.013,7667d95837b5dcea4ffd8df52d9ee4ef586219ba56aa1032d04b515327669578,2015-10-07T13:27:51.097754Z,2015-10-07T13:36:56Z,307671.0977540035,308216.0,544.9022459965199,837.65,854.59,21,11010131082cbd68916dbef4fdd4bd0e2d2ac0000000001f85fbbf000000000000000000000000000000000000000000000000000000000000000000000000000000000000000000000000000000,17,ilvis0-all-highspeed-level-segments-v1,934dea342a64b716533732d7ab0e961d23709cf37499faf7cee8e4c386778809,abstain
711e7aade97a54f71ac5d9c5,448e008466fda5ad79ea,ILVIS0_applanix_57302_610_LVIS_38614965.013,4d0f2527e5b1c11a6848528ec7def5a791f53ab84575c880eeda18cf7c98ae20,2015-10-07T12:54:45.006409Z,2015-10-07T13:00:18.054208Z,305685.0064094403,306018.0542079757,333.0477985353791,755.07,772.62,21,0201018941a0be23dbb93e6666a6befca9113f6de7fb3dfa7e0ac0000000000000000000000000000000000000000000000000000000000000000000000000020000,2,ilvis0-all-highspeed-level-segments-v1,934dea342a64b716533732d7ab0e961d23709cf37499faf7cee8e4c386778809,abstain
31d7e5019dfdc9e2e6387206,b5b356504236479c028d,ILVIS0_applanix_57302_610_loaner_07Oct15LVIS.013,e7d8d3bbf06a3f1b5125b231c220fc9c30623a194ad2886fef576376daac43bc,2015-10-07T13:27:38Z,2015-10-07T13:36:31Z,307658.0,308191.0,533.0,837.73,854.2,21,110101a69bc43dc520303d643b9f3e1283403d31082cbd85eb09c0000000000000000000000000000000000000000000000000000000000000000000000000000000000000000000000000000000,17,ilvis0-all-highspeed-level-segments-v1,934dea342a64b716533732d7ab0e961d23709cf37499faf7cee8e4c386778809,abstain
f66ab49757292bc3c396aba2,aa95315f0205d7f900d9,ILVIS0_applanix_57305_610_DMS_10Oct15DMS.013,80a8797531e4b3f681125266cf61047ce16334f61a25a4b8e6f2764b47878b3f,2015-10-10T14:14:55Z,2015-10-10T14:24:15Z,569695.0,570255.0,560.0,900.71,913.9,21,11010131082cbd68916dbef4fdd4bd0e2d2ac0000000001f85fbbf000000000000000000000000000000000000000000000000000000000000000000000000000000000000000000000000000000,17,ilvis0-all-highspeed-level-segments-v1,934dea342a64b716533732d7ab0e961d23709cf37499faf7cee8e4c386778809,abstain
e543e7b6e878b96a1966dbb6,41cf7c4dcca04dce0678,ILVIS0_applanix_57305_610_LVIS_38614965.013,b348ff5526a3352a50d02bc0dab03e91a81b25016a39b597eeae81c0cd3f3f45,2015-10-10T13:51:59Z,2015-10-10T13:59:04Z,568319.0,568744.0,425.0,816.62,823.42,21,0201018941a0be23dbb93e6666a6befca9113f6de7fb3dfa7e0ac0000000000000000000000000000000000000000000000000000000000000000000000000020000,2,ilvis0-all-highspeed-level-segments-v1,934dea342a64b716533732d7ab0e961d23709cf37499faf7cee8e4c386778809,abstain
9f4d888995ab94bb8eff4df6,05b6350e07c1b6ff24ad,ILVIS0_applanix_57305_610_loaner_10Oct15LVIS.013,826aa8821e1555e33a1abe938b76dd2012f0e081c1e968049ede3141bb74647f,2015-10-10T14:12:28Z,2015-10-10T14:21:40Z,569548.0,570100.0,552.0,900.7,914.24,21,110101a69bc43dc520303d643b9f3e1283403d31082cbd85eb09c0000000000000000000000000000000000000000000000000000000000000000000000000000000000000000000000000000000,17,ilvis0-all-highspeed-level-segments-v1,934dea342a64b716533732d7ab0e961d23709cf37499faf7cee8e4c386778809,abstain
705de394963c8be15c580512,ed4db68c327edbb1e892,ILVIS0_applanix_57307_610_DMS_12Oct15DMS.013,ccaeeeedb894493a44a900093e5c5c4cb573920b6f66ed3bd361c13bdeb1438d,2015-10-12T13:26:58.778403Z,2015-10-12T13:30:59Z,134818.77840302692,135059.0,240.22159697307507,786.5,795.93,21,11010131082cbd68916dbef4fdd4bd0e2d2ac0000000001f85fbbf000000000000000000000000000000000000000000000000000000000000000000000000000000000000000000000000000000,17,ilvis0-all-highspeed-level-segments-v1,934dea342a64b716533732d7ab0e961d23709cf37499faf7cee8e4c386778809,abstain
74ec8f62cb621604ddcdde9c,a5c9a343b38c34d42251,ILVIS0_applanix_57307_610_loaner_12Oct15LVIS.013,65d13de163bd842cf1bf936ca5ec033aa8b952e5d21194a0557d68238f0b8655,2015-10-12T13:15:12Z,2015-10-12T13:23:47Z,134112.0,134627.0,515.0,820.44,828.44,21,110101a69bc43dc520303d643b9f3e1283403d31082cbd85eb09c0000000000000000000000000000000000000000000000000000000000000000000000000000000000000000000000000000000,17,ilvis0-all-highspeed-level-segments-v1,934dea342a64b716533732d7ab0e961d23709cf37499faf7cee8e4c386778809,abstain
a6e658d1550299e4eb9f00a3,a39b228a8a59800afdfd,ILVIS0_applanix_57312_610_DMS_17Oct15DMS.013,fa2c63653bc2b67150fb21a9cc68a0d1f35eb634f077c2924c402f725639b389,2015-10-17T13:17:44Z,2015-10-17T13:26:46Z,566264.0,566806.0,542.0,775.55,779.11,21,11010131082cbd68916dbef4fdd4bd0e2d2ac0000000001f85fbbf000000000000000000000000000000000000000000000000000000000000000000000000000000000000000000000000000000,17,ilvis0-all-highspeed-level-segments-v1,934dea342a64b716533732d7ab0e961d23709cf37499faf7cee8e4c386778809,abstain
8f2a00e9f13b367202e4d46a,b2e4d9044f4718247f16,ILVIS0_applanix_57312_610_LVIS_38614965.013,a8c4fdb754e5d3ac4bd4027c47ec5d67a3d4fc6877521c830ea63e1c6f7304a7,2015-10-17T12:54:03Z,2015-10-17T13:01:19Z,564843.0,565279.0,436.0,748.88,755.46,21,0201018941a0be23dbb93e6666a6befca9113f6de7fb3dfa7e0ac0000000000000000000000000000000000000000000000000000000000000000000000000020000,2,ilvis0-all-highspeed-level-segments-v1,934dea342a64b716533732d7ab0e961d23709cf37499faf7cee8e4c386778809,abstain
8cc288f5de7e88878c04b7f1,d2a076353a8123f2d047,ILVIS0_applanix_57312_610_loaner_17Oct15LVIS.013,32cda674a76d0ce493f5abd9209b3649ab6b20c7777a4e2c9b733cc3695bc49b,2015-10-17T13:17:05Z,2015-10-17T13:25:56Z,566225.0,566756.0,531.0,775.64,779.105,21,110101a69bc43dc520303d643b9f3e1283403d31082cbd85eb09c0000000000000000000000000000000000000000000000000000000000000000000000000000000000000000000000000000000,17,ilvis0-all-highspeed-level-segments-v1,934dea342a64b716533732d7ab0e961d23709cf37499faf7cee8e4c386778809,abstain
50f24131843071ae9312c082,1c071fb7315904ebaad9,ILVIS0_applanix_57315_610_DMS_20Oct15DMS.013,2362a0849b4bbed6628fc29728608329ff7759b164f5db14b8ced5db650044fd,2015-10-20T13:17:24Z,2015-10-20T13:26:38Z,220644.0,221198.0,554.0,749.71,753.84,21,11010131082cbd68916dbef4fdd4bd0e2d2ac0000000001f85fbbf000000000000000000000000000000000000000000000000000000000000000000000000000000000000000000000000000000,17,ilvis0-all-highspeed-level-segments-v1,934dea342a64b716533732d7ab0e961d23709cf37499faf7cee8e4c386778809,abstain
be1d75a0e47ff1c972865ba7,a869222776a6ad61940f,ILVIS0_applanix_57315_610_LVIS_38614965.013,3d9d56ad3523899faab65133c2ddd7edb4bc264cbeb22ff232a3abaac4a684c6,2015-10-20T12:54:29Z,2015-10-20T13:01:44Z,219269.0,219704.0,435.0,752.01,761.1450000000001,21,0201018941a0be23dbb93e6666a6befca9113f6de7fb3dfa7e0ac0000000000000000000000000000000000000000000000000000000000000000000000000020000,2,ilvis0-all-highspeed-level-segments-v1,934dea342a64b716533732d7ab0e961d23709cf37499faf7cee8e4c386778809,abstain
61e1b08da0912019eb521cd9,151ef3a56cffa6acc330,ILVIS0_applanix_57315_610_loaner_20Oct15LVIS.013,35faa064064ac2da8777bcf47bb779a08d8a96c1a3894afc9aac56050845c4a0,2015-10-20T13:15:17Z,2015-10-20T13:24:12Z,220517.0,221052.0,535.0,746.7,754.095,21,110101a69bc43dc520303d643b9f3e1283403d31082cbd85eb09c0000000000000000000000000000000000000000000000000000000000000000000000000000000000000000000000000000000,17,ilvis0-all-highspeed-level-segments-v1,934dea342a64b716533732d7ab0e961d23709cf37499faf7cee8e4c386778809,abstain
ec6effbf9b2172b1389afc96,cc3e726ffb0436c0f9d8,ILVIS0_applanix_57317_610_DMS_21Oct15DMS.013,747af0052ad00f391faba70a8fda149e5d2fb521d7cd59d0f89c93c994f90847,2015-10-22T13:14:24Z,2015-10-22T13:20:34.617838Z,393264.0,393634.6178380273,370.61783802730497,807.7,824.99,21,11010131082cbd68916dbef4fdd4bd0e2d2ac0000000001f85fbbf000000000000000000000000000000000000000000000000000000000000000000000000000000000000000000000000000000,17,ilvis0-all-highspeed-level-segments-v1,934dea342a64b716533732d7ab0e961d23709cf37499faf7cee8e4c386778809,abstain
c69d0a93113d86b5264f92eb,64e033ebd4066f692c7d,ILVIS0_applanix_57317_610_LVIS_38614965.013,dc32b2cb80a2e3f8d2919455ec693d1e2fec7de507016bb7e5fbbf095a11cf3f,2015-10-22T12:53:27Z,2015-10-22T13:00:38Z,392007.0,392438.0,431.0,711.97,726.545,21,0201018941a0be23dbb93e6666a6befca9113f6de7fb3dfa7e0ac0000000000000000000000000000000000000000000000000000000000000000000000000020000,2,ilvis0-all-highspeed-level-segments-v1,934dea342a64b716533732d7ab0e961d23709cf37499faf7cee8e4c386778809,abstain
370cec66878c4c1cf84b4ceb,ea628c825891d2237361,ILVIS0_applanix_57320_610_DMS_25Oct15DMS.013,eb428ae333f73e1c2faf9355197e254ddffb7bc9572e3c086534782911f79991,2015-10-25T13:14:25Z,2015-10-25T13:23:38Z,47665.0,48218.0,553.0,811.8,816.905,21,11010131082cbd68916dbef4fdd4bd0e2d2ac0000000001f85fbbf000000000000000000000000000000000000000000000000000000000000000000000000000000000000000000000000000000,17,ilvis0-all-highspeed-level-segments-v1,934dea342a64b716533732d7ab0e961d23709cf37499faf7cee8e4c386778809,abstain
b4e44ddc0f130ecd45674c78,cd8e05202eb41b83eb26,ILVIS0_applanix_57320_610_LVIS_38614965.013,ffb1b6b76c3b2bb3daf03e1c261d47b4f365fd5d5a68be087bcc4717779130c8,2015-10-25T12:52:41Z,2015-10-25T12:59:54Z,46361.0,46794.0,433.0,822.02,824.94,21,0201018941a0be23dbb93e6666a6befca9113f6de7fb3dfa7e0ac0000000000000000000000000000000000000000000000000000000000000000000000000020000,2,ilvis0-all-highspeed-level-segments-v1,934dea342a64b716533732d7ab0e961d23709cf37499faf7cee8e4c386778809,abstain
2eb8727803b318a39937e7ec,65bd45977b48b7d8272a,ILVIS0_applanix_57320_610_loaner_25Oct15LVIS.013,decf7c0e39ab952b03f71b5aad98b8b9926dfab317dbd897ad5047de55d6a414,2015-10-25T13:09:19Z,2015-10-25T13:18:17Z,47359.0,47897.0,538.0,811.82,823.61,21,110101a69bc43dc520303d643b9f3e1283403d31082cbd85eb09c0000000000000000000000000000000000000000000000000000000000000000000000000000000000000000000000000000000,17,ilvis0-all-highspeed-level-segments-v1,934dea342a64b716533732d7ab0e961d23709cf37499faf7cee8e4c386778809,abstain
2a56eb8fa7d4e10c9a867bb0,e107412e6b64dace9bc0,ILVIS0_applanix_57322_610_DMS_27Oct15bDMS.013,04bf5f3431e1e10c11f457c2326468c7863f92b5c92ade542304d073b3f61794,2015-10-27T14:27:23Z,2015-10-27T14:36:31Z,224843.0,225391.0,548.0,829.82,834.67,21,11010131082cbd68916dbef4fdd4bd0e2d2ac0000000001f85fbbf000000000000000000000000000000000000000000000000000000000000000000000000000000000000000000000000000000,17,ilvis0-all-highspeed-level-segments-v1,934dea342a64b716533732d7ab0e961d23709cf37499faf7cee8e4c386778809,abstain
f5c1fca513b9b40dffba93eb,b8a39f615741686e805a,ILVIS0_applanix_57322_610_LVIS_38614965.013,12abb28abbbb1d1d41973f7a23973381a8f54f1fdea957a4fd1ac20f5ef32ee1,2015-10-27T14:02:23Z,2015-10-27T14:06:53.480000Z,223343.0,223613.47999959037,270.47999959037406,833.77,842.84,21,0201018941a0be23dbb93e6666a6befca9113f6de7fb3dfa7e0ac0000000000000000000000000000000000000000000000000000000000000000000000000020000,2,ilvis0-all-highspeed-level-segments-v1,934dea342a64b716533732d7ab0e961d23709cf37499faf7cee8e4c386778809,abstain
013fdb894ff28509889a8896,9641dfee9ad7cc1aa89e,ILVIS0_applanix_57322_610_loaner_27Oct15bLVIS.013,80f5fb611eea76b910a45a514b83de842bf075bae82d55e1796e52fabd33852d,2015-10-27T14:25:35Z,2015-10-27T14:34:30Z,224735.0,225270.0,535.0,829.87,834.495,21,110101a69bc43dc520303d643b9f3e1283403d31082cbd85eb09c0000000000000000000000000000000000000000000000000000000000000000000000000000000000000000000000000000000,17,ilvis0-all-highspeed-level-segments-v1,934dea342a64b716533732d7ab0e961d23709cf37499faf7cee8e4c386778809,abstain
5a642167dfb523f6c9cc284c,f50467521369a9e0579e,ILVIS0_applanix_57324_610_DMS_29Oct15DMS.013,dbfc28541f9db07034e3d23a677ff01acd5dd7bd77c663168fa057089c988471,2015-10-29T13:16:56Z,2015-10-29T13:26:08Z,393416.0,393968.0,552.0,868.42,879.91,21,11010131082cbd68916dbef4fdd4bd0e2d2ac0000000001f85fbbf000000000000000000000000000000000000000000000000000000000000000000000000000000000000000000000000000000,17,ilvis0-all-highspeed-level-segments-v1,934dea342a64b716533732d7ab0e961d23709cf37499faf7cee8e4c386778809,abstain
c028fde63f91c3f1067df4ad,2cde8478531840037384,ILVIS0_applanix_57324_610_LVIS_38614965.013,6bb4767c8ba1d9ddb88e8248be3389fd44164c800af717de99df0e156d4d9fc1,2015-10-29T12:57:46Z,2015-10-29T13:03:39.531728Z,392266.0,392619.5317282688,353.5317282687756,828.27,835.035,21,0201018941a0be23dbb93e6666a6befca9113f6de7fb3dfa7e0ac0000000000000000000000000000000000000000000000000000000000000000000000000020000,2,ilvis0-all-highspeed-level-segments-v1,934dea342a64b716533732d7ab0e961d23709cf37499faf7cee8e4c386778809,abstain
7ee5e21c025360c970124eeb,4849e6ea97a36558b5ac,ILVIS0_applanix_57324_610_loaner_29Oct15LVIS.013,1791729cbe1e001c95c16eeb7e555f5c59b36d18faa988bcb4cea1e912aff2ab,2015-10-29T13:11:09.888451Z,2015-10-29T13:20:04Z,393069.8884511342,393604.0,534.1115488657961,883.56,892.43,21,110101a69bc43dc520303d643b9f3e1283403d31082cbd85eb09c0000000000000000000000000000000000000000000000000000000000000000000000000000000000000000000000000000000,17,ilvis0-all-highspeed-level-segments-v1,934dea342a64b716533732d7ab0e961d23709cf37499faf7cee8e4c386778809,abstain
