segment_id,filename,case_id,model,status,reason,stationarity_pass,stationarity,evaluations,initialization_evaluations,elapsed_s,normalized_jacobian_min_max_ratio,active_bound_count,nominal_rms_vector_norm_m,header_rms_vector_norm_m,header_to_nominal_rms_ratio
b365bdf39150ee6afc303ac1,ILVIS0_applanix_55124_Ames_510-20oct09_20Oct09.013,bias1_unsubtracted,sphere_rotating,unresolved,evaluation_limit,False,0.005611518210979257,200,25,607.381712663002,2.9542581105568602e-08,3,0.9986971377264481,48.210876012211855,48.2737700860591
b365bdf39150ee6afc303ac1,ILVIS0_applanix_55124_Ames_510-20oct09_20Oct09.013,bias1_unsubtracted,sphere_still,unresolved,evaluation_limit,False,0.0003368986719982824,199,25,578.1572776549983,1.8319071556356485e-08,11,7.6349172188263985,48.87272617287367,6.401212321249783
b365bdf39150ee6afc303ac1,ILVIS0_applanix_55124_Ames_510-20oct09_20Oct09.013,bias1_unsubtracted,flat_still,unresolved,evaluation_limit,False,0.010686088365100089,200,25,557.3502196910013,4.2197358986850154e-08,15,40.21791621587521,59.766804151023656,1.4860741125974077
b365bdf39150ee6afc303ac1,ILVIS0_applanix_55124_Ames_510-20oct09_20Oct09.013,bias1_profiled_removal,sphere_rotating,unresolved,evaluation_limit,True,5.897539996938554e-06,200,25,576.7177234160008,7.414455765863735e-09,4,1.0019417990112383,48.08892295039775,47.995724899244735
b365bdf39150ee6afc303ac1,ILVIS0_applanix_55124_Ames_510-20oct09_20Oct09.013,bias1_profiled_removal,sphere_still,unresolved,evaluation_limit,False,0.00044172206332538093,200,25,569.2865260280014,8.241464376579228e-09,12,7.614898018974052,48.89974523733941,6.421588984579419
b365bdf39150ee6afc303ac1,ILVIS0_applanix_55124_Ames_510-20oct09_20Oct09.013,bias1_profiled_removal,flat_still,unresolved,evaluation_limit,False,0.004485330170161183,200,25,573.704951669999,7.719752126661514e-09,13,18.152201939905623,50.76603053331591,2.796687184363698
034547522e2d98947b598466,ILVIS0_applanix_55124_Ames_610-20Oct09_20Oct09.013,bias1_unsubtracted,sphere_rotating,unresolved,evaluation_limit,False,0.004678287599264054,200,25,703.5694918779991,2.8958555756391087e-08,2,1.179789846002271,1.124194941319652,0.9528772816014623
034547522e2d98947b598466,ILVIS0_applanix_55124_Ames_610-20Oct09_20Oct09.013,bias1_unsubtracted,sphere_still,unresolved,evaluation_limit,False,0.0029757692837811362,199,25,692.7614595190025,1.8973452506159092e-08,10,12.523001399146533,12.520857640731036,0.9998288143275585
034547522e2d98947b598466,ILVIS0_applanix_55124_Ames_610-20Oct09_20Oct09.013,bias1_unsubtracted,flat_still,converged,accepted,True,1.6798861526370906e-09,114,25,383.07503423800154,4.195883735779184e-08,17,61.37386938652459,61.37896192761013,1.0000829757213687
034547522e2d98947b598466,ILVIS0_applanix_55124_Ames_610-20Oct09_20Oct09.013,bias1_profiled_removal,sphere_rotating,unresolved,evaluation_limit,False,0.0005109532978655049,200,25,707.4165077490034,8.811345368765405e-09,3,1.200815828735561,1.1414523637304548,0.9505640552160151
034547522e2d98947b598466,ILVIS0_applanix_55124_Ames_610-20Oct09_20Oct09.013,bias1_profiled_removal,sphere_still,unresolved,evaluation_limit,False,0.0072129562404088235,200,25,703.2969800669998,9.7403288092514e-09,12,12.538506921382117,12.538857503246962,1.0000279604156255
034547522e2d98947b598466,ILVIS0_applanix_55124_Ames_610-20Oct09_20Oct09.013,bias1_profiled_removal,flat_still,unresolved,evaluation_limit,False,0.0005150513460096515,200,25,683.694191974002,7.848138692357518e-09,13,25.731876390301103,25.733522417629164,1.0000639684142383
3df34ea39a6cbdbe15bb0f36,ILVIS0_applanix_55128_Ames_510-24Oct09_24Oct09.013,bias1_unsubtracted,sphere_rotating,unresolved,evaluation_limit,False,0.0067264853324545916,200,25,704.8527276019995,2.084742192909159e-08,3,2.0966021821926706,62.78123439528248,29.944275994993266
3df34ea39a6cbdbe15bb0f36,ILVIS0_applanix_55128_Ames_510-24Oct09_24Oct09.013,bias1_unsubtracted,sphere_still,converged,accepted,True,4.2432726426024237e-07,84,25,271.29902591099744,4.342455293455239e-08,18,283.4590466629802,290.22403496327655,1.0238658401625813
3df34ea39a6cbdbe15bb0f36,ILVIS0_applanix_55128_Ames_510-24Oct09_24Oct09.013,bias1_unsubtracted,flat_still,converged,accepted,True,4.710044057406299e-11,160,25,499.45281222799895,7.016888448580414e-08,18,131.050619214029,143.9334366570101,1.0983041325576735
3df34ea39a6cbdbe15bb0f36,ILVIS0_applanix_55128_Ames_510-24Oct09_24Oct09.013,bias1_profiled_removal,sphere_rotating,unresolved,evaluation_limit,False,0.009410952787527026,200,25,658.615074284,2.0737193411962432e-08,3,2.091301314781007,62.83382668157592,30.045324524723323
3df34ea39a6cbdbe15bb0f36,ILVIS0_applanix_55128_Ames_510-24Oct09_24Oct09.013,bias1_profiled_removal,sphere_still,converged,accepted,True,4.243297750241586e-07,86,25,283.9541698619978,3.34480986515415e-08,19,283.4590468527977,290.22403476759246,1.023865838786609
3df34ea39a6cbdbe15bb0f36,ILVIS0_applanix_55128_Ames_510-24Oct09_24Oct09.013,bias1_profiled_removal,flat_still,converged,accepted,True,3.324471617920862e-11,159,25,502.1036336560028,2.2496893794800186e-08,19,131.05061921404135,143.93343665705424,1.0983041325579068
233183f67270980491416678,ILVIS0_applanix_55128_Ames_610-24Oct09_24Oct09.013,bias1_unsubtracted,sphere_rotating,unresolved,evaluation_limit,True,1.2767285960483176e-07,200,16,650.4329019319994,1.167272667624896e-08,4,2.3547182347792908,2.3437342805715953,0.9953353424433284
233183f67270980491416678,ILVIS0_applanix_55128_Ames_610-24Oct09_24Oct09.013,bias1_unsubtracted,sphere_still,converged,accepted,True,3.3760921608570403e-06,75,25,236.8683174559992,4.381590969353059e-08,18,252.95857668786954,252.96312605343144,1.0000179846266588
233183f67270980491416678,ILVIS0_applanix_55128_Ames_610-24Oct09_24Oct09.013,bias1_unsubtracted,flat_still,unresolved,evaluation_limit,True,9.437848111792857e-08,200,20,617.7745619250018,6.338966187008878e-08,17,128.27801165473178,128.30480868514388,1.000208898080555
233183f67270980491416678,ILVIS0_applanix_55128_Ames_610-24Oct09_24Oct09.013,bias1_profiled_removal,sphere_rotating,unresolved,evaluation_limit,True,2.2224373884078897e-08,200,16,646.6559785920035,9.751210553938994e-09,5,2.3547205683313215,2.3437372671306225,0.9953356243843055
233183f67270980491416678,ILVIS0_applanix_55128_Ames_610-24Oct09_24Oct09.013,bias1_profiled_removal,sphere_still,converged,accepted,True,3.2483916746664706e-07,78,25,246.76944698200532,3.574667875336173e-08,19,252.95857639718548,252.96314392737264,1.0000180564353747
233183f67270980491416678,ILVIS0_applanix_55128_Ames_610-24Oct09_24Oct09.013,bias1_profiled_removal,flat_still,unresolved,evaluation_limit,True,1.2244054595047165e-07,200,20,623.8912465680041,2.7679922411119715e-08,18,128.27801146211726,128.30480824258717,1.0002088961324274
c16df82d514fc69d11d941d2,ILVIS0_applanix_55129_610-25Oct09_25Oct09.013,bias1_unsubtracted,sphere_rotating,unresolved,evaluation_limit,False,0.0018846439777366864,200,20,629.4899630189975,2.720082049780291e-08,2,1.5663524933012878,1.478263946105308,0.943761989990949
c16df82d514fc69d11d941d2,ILVIS0_applanix_55129_610-25Oct09_25Oct09.013,bias1_unsubtracted,sphere_still,converged,accepted,True,2.682189674830458e-06,148,25,464.08942998100247,1.766057714796674e-08,12,5.912175706080939,5.896622888795607,0.9973693580741628
c16df82d514fc69d11d941d2,ILVIS0_applanix_55129_610-25Oct09_25Oct09.013,bias1_unsubtracted,flat_still,converged,accepted,True,1.1104817202537948e-09,111,25,351.2833273840006,4.312488613826858e-08,17,55.01456124721136,55.02062945837604,1.0001103019096602
c16df82d514fc69d11d941d2,ILVIS0_applanix_55129_610-25Oct09_25Oct09.013,bias1_profiled_removal,sphere_rotating,unresolved,evaluation_limit,False,0.0165314271996063,200,20,648.7239992949981,1.2420701131671846e-08,3,1.5969250709248453,1.4940707388662553,0.9355922616963971
c16df82d514fc69d11d941d2,ILVIS0_applanix_55129_610-25Oct09_25Oct09.013,bias1_profiled_removal,sphere_still,converged,accepted,True,2.1647449707587695e-05,164,25,520.6281343139999,1.3093531527838412e-08,12,5.906655022136924,5.891479351362727,0.9974307504471952
c16df82d514fc69d11d941d2,ILVIS0_applanix_55129_610-25Oct09_25Oct09.013,bias1_profiled_removal,flat_still,converged,accepted,True,2.718904463695956e-09,200,25,646.7173390669996,1.0212035503668692e-08,16,9.699355188322523,9.698098883150028,0.9998704753926315
fad74da3a09951b31e882472,ILVIS0_applanix_55131_610-27Oct09_27Oct09.013,bias1_unsubtracted,sphere_rotating,unresolved,evaluation_limit,False,0.001009756002537443,200,25,340.0776991699968,6.528842586276653e-09,1,0.1854927123986592,0.1654808723947612,0.8921152225059454
fad74da3a09951b31e882472,ILVIS0_applanix_55131_610-27Oct09_27Oct09.013,bias1_unsubtracted,sphere_still,unresolved,evaluation_limit,False,0.0004129702386108384,199,25,342.0116024389936,8.018236332179632e-09,13,3.390945185104908,3.391225457147028,1.0000826530736477
fad74da3a09951b31e882472,ILVIS0_applanix_55131_610-27Oct09_27Oct09.013,bias1_unsubtracted,flat_still,unresolved,evaluation_limit,True,6.378085046028134e-05,199,25,321.8181757159982,1.1742533580338233e-08,14,6.87006374709657,6.87313145666252,1.0004465329113206
fad74da3a09951b31e882472,ILVIS0_applanix_55131_610-27Oct09_27Oct09.013,bias1_profiled_removal,sphere_rotating,unresolved,evaluation_limit,False,0.0006572872718043256,200,25,371.985355730998,5.903898436614491e-09,3,0.16214904682617617,0.14439643387679696,0.8905166986987594
fad74da3a09951b31e882472,ILVIS0_applanix_55131_610-27Oct09_27Oct09.013,bias1_profiled_removal,sphere_still,unresolved,evaluation_limit,True,4.973820357677915e-05,200,25,374.1589840989982,5.664361692493434e-09,14,3.386662860187994,3.386918025955387,1.0000753443073394
fad74da3a09951b31e882472,ILVIS0_applanix_55131_610-27Oct09_27Oct09.013,bias1_profiled_removal,flat_still,unresolved,evaluation_limit,False,0.0005972460844181487,200,25,355.22346621600445,6.928847787827806e-09,10,5.337137072419844,5.337617149255275,1.000089950254025
0e73879f98c3b701fd7c42df,ILVIS0_applanix_55133_610-29Oct09_29Oct09.013,bias1_unsubtracted,sphere_rotating,unresolved,evaluation_limit,False,0.005298169652482198,200,25,727.1615200960005,2.3863456633218627e-08,2,1.7043410750171193,1.6540878801297147,0.9705145902870997
0e73879f98c3b701fd7c42df,ILVIS0_applanix_55133_610-29Oct09_29Oct09.013,bias1_unsubtracted,sphere_still,unresolved,evaluation_limit,False,0.0024395624646396,200,25,670.9824508769962,1.0728949851690316e-08,10,6.4779352179684375,6.482891627266652,1.000765121775912
0e73879f98c3b701fd7c42df,ILVIS0_applanix_55133_610-29Oct09_29Oct09.013,bias1_unsubtracted,flat_still,converged,accepted,True,1.117727961803056e-06,140,25,447.8013542810004,2.371586577285688e-08,17,68.67318509385704,68.68497095440175,1.0001716224539257
0e73879f98c3b701fd7c42df,ILVIS0_applanix_55133_610-29Oct09_29Oct09.013,bias1_profiled_removal,sphere_rotating,unresolved,evaluation_limit,False,0.0014217211441267324,200,25,657.4751378450019,5.844614850372985e-09,1,1.6248924096553536,1.575129699036783,0.9693747657858002
0e73879f98c3b701fd7c42df,ILVIS0_applanix_55133_610-29Oct09_29Oct09.013,bias1_profiled_removal,sphere_still,unresolved,evaluation_limit,False,0.0002711057059279982,200,25,644.6569427130016,1.0329078268607916e-08,10,6.362340135164866,6.369032195841954,1.001051823784161
0e73879f98c3b701fd7c42df,ILVIS0_applanix_55133_610-29Oct09_29Oct09.013,bias1_profiled_removal,flat_still,converged,accepted,True,1.1609642793865242e-10,197,25,621.5123923319989,5.38589002337662e-09,15,13.427529513720287,13.432814798342205,1.0003936155654334
fd7b81e48a4122b149c4925b,ILVIS0_applanix_55140_610-05Nov09_05Nov09.013,bias1_unsubtracted,sphere_rotating,unresolved,stationarity_failure,False,0.0002926437038918556,103,25,175.62915741199686,2.4328855752618687e-08,1,0.10057887245368444,0.2449546242893789,2.4354481046919476
fd7b81e48a4122b149c4925b,ILVIS0_applanix_55140_610-05Nov09_05Nov09.013,bias1_unsubtracted,sphere_still,converged,accepted,True,2.438060936716264e-06,107,25,182.63554073400155,2.9618604697855498e-08,15,10.708400186411696,10.739825337917853,1.002934626177497
fd7b81e48a4122b149c4925b,ILVIS0_applanix_55140_610-05Nov09_05Nov09.013,bias1_unsubtracted,flat_still,converged,accepted,True,3.3796678892929865e-09,123,25,204.1070937869954,1.6367777019269867e-08,15,27.200835718604637,27.216217289575837,1.0005654815583729
fd7b81e48a4122b149c4925b,ILVIS0_applanix_55140_610-05Nov09_05Nov09.013,bias1_profiled_removal,sphere_rotating,unresolved,stationarity_failure,False,0.00024232944836649893,101,25,174.9035874320034,2.306707816680152e-08,1,0.09993672240201668,0.2442944791757246,2.444491607329268
fd7b81e48a4122b149c4925b,ILVIS0_applanix_55140_610-05Nov09_05Nov09.013,bias1_profiled_removal,sphere_still,converged,accepted,True,3.865826907770984e-05,124,25,236.16570589099865,2.461311701406785e-08,16,10.707360269866703,10.738814946417055,1.0029376686463864
fd7b81e48a4122b149c4925b,ILVIS0_applanix_55140_610-05Nov09_05Nov09.013,bias1_profiled_removal,flat_still,converged,accepted,True,2.4643242916746137e-08,132,25,229.88643430600496,1.598487621444983e-08,16,27.200833081699482,27.216217053268007,1.0005655698677434
7024120d59221e8eaf127084,ILVIS0_applanix_55277_20100322_610_AMES_08Dec09.013,bias1_unsubtracted,sphere_rotating,converged,accepted,True,7.513759368845177e-09,132,25,304.4466788630016,2.6214434994867436e-08,2,0.25912852576748086,0.6744273099904045,2.60267490039123
7024120d59221e8eaf127084,ILVIS0_applanix_55277_20100322_610_AMES_08Dec09.013,bias1_unsubtracted,sphere_still,converged,accepted,True,2.8537275197308796e-06,89,25,195.96000859999913,4.054516199260707e-08,16,78.48881151607307,78.48127673478571,0.9999040018425325
7024120d59221e8eaf127084,ILVIS0_applanix_55277_20100322_610_AMES_08Dec09.013,bias1_unsubtracted,flat_still,converged,accepted,True,7.095803474318333e-05,96,25,210.99689236799895,3.7206312876248076e-08,15,172.28015362810345,172.27172781825107,0.9999510923941328
7024120d59221e8eaf127084,ILVIS0_applanix_55277_20100322_610_AMES_08Dec09.013,bias1_profiled_removal,sphere_rotating,converged,accepted,True,2.075603218859413e-06,90,25,194.43540376299643,2.2387833728112636e-08,2,0.2606675209842035,0.6768607766609307,2.5966440855588933
7024120d59221e8eaf127084,ILVIS0_applanix_55277_20100322_610_AMES_08Dec09.013,bias1_profiled_removal,sphere_still,converged,accepted,True,3.232398700000336e-08,91,25,194.003562083999,2.2638937409675662e-08,17,78.48866944156408,78.48115315533082,0.99990423730856
7024120d59221e8eaf127084,ILVIS0_applanix_55277_20100322_610_AMES_08Dec09.013,bias1_profiled_removal,flat_still,converged,accepted,True,8.779106168481722e-09,92,25,205.8302646880038,3.705868651187799e-08,16,172.35402237856053,172.34550128237072,0.9999505605028985
b4ab6e128de963c2ce69aa51,ILVIS0_applanix_55284_20100329_610_AMES_29Mar100329_103936.013,bias1_unsubtracted,sphere_rotating,converged,accepted,True,4.76841773260524e-05,177,24,376.3567792450049,2.224930340732924e-08,2,0.29267302730531947,0.45086586237303083,1.5405104683687951
b4ab6e128de963c2ce69aa51,ILVIS0_applanix_55284_20100329_610_AMES_29Mar100329_103936.013,bias1_unsubtracted,sphere_still,unresolved,evaluation_limit,False,0.0015680090903813992,200,25,411.94037706900417,1.597424310846446e-08,9,2.687342191765895,2.7053835762706306,1.0067134675144889
b4ab6e128de963c2ce69aa51,ILVIS0_applanix_55284_20100329_610_AMES_29Mar100329_103936.013,bias1_unsubtracted,flat_still,converged,accepted,True,4.236502254867244e-08,164,25,322.18172551399766,2.2274923626167595e-08,16,52.447416166493824,52.446127499879246,0.9999754293593704
b4ab6e128de963c2ce69aa51,ILVIS0_applanix_55284_20100329_610_AMES_29Mar100329_103936.013,bias1_profiled_removal,sphere_rotating,converged,accepted,True,4.245235935651901e-05,142,24,289.4111752009994,1.6140435794205875e-08,2,0.2941731462907568,0.45223476235299115,1.5373081059751401
b4ab6e128de963c2ce69aa51,ILVIS0_applanix_55284_20100329_610_AMES_29Mar100329_103936.013,bias1_profiled_removal,sphere_still,unresolved,evaluation_limit,False,0.004794380413658162,200,25,404.21550570800173,1.6004788136852928e-08,10,2.610782763657328,2.618003708660248,1.0027658161006106
b4ab6e128de963c2ce69aa51,ILVIS0_applanix_55284_20100329_610_AMES_29Mar100329_103936.013,bias1_profiled_removal,flat_still,converged,accepted,True,2.572092761051924e-07,159,25,314.21304727499955,1.87171472561871e-08,16,11.995964462876092,12.000095377087858,1.0003443586569924
7df21c836bec5751f83c0cce,ILVIS0_applanix_55295_20100409_610_LVIS_09Apr10.013,bias1_unsubtracted,sphere_rotating,unresolved,evaluation_limit,True,9.467569568025425e-09,200,18,241.67662968199875,9.526584320459042e-09,3,0.1697159077284452,0.2297313127874048,1.3536227443981714
7df21c836bec5751f83c0cce,ILVIS0_applanix_55295_20100409_610_LVIS_09Apr10.013,bias1_unsubtracted,sphere_still,unresolved,evaluation_limit,True,5.731745911738729e-05,200,25,241.73774901100114,1.1398220785911556e-08,11,8.210747653302017,8.212908705127447,1.00026319793479
7df21c836bec5751f83c0cce,ILVIS0_applanix_55295_20100409_610_LVIS_09Apr10.013,bias1_unsubtracted,flat_still,unresolved,evaluation_limit,False,0.00017616171539188121,199,25,231.08228220199817,1.5031646024398114e-08,13,19.76251293592218,19.7634310964201,1.000046459703829
7df21c836bec5751f83c0cce,ILVIS0_applanix_55295_20100409_610_LVIS_09Apr10.013,bias1_profiled_removal,sphere_rotating,unresolved,evaluation_limit,False,0.00013863179705531068,200,18,241.75171524000325,9.392710434557218e-09,3,0.1700288515139041,0.23001148703126942,1.3527791606147517
7df21c836bec5751f83c0cce,ILVIS0_applanix_55295_20100409_610_LVIS_09Apr10.013,bias1_profiled_removal,sphere_still,unresolved,evaluation_limit,False,0.0001436260010433714,200,25,239.4365535209945,1.077448901584443e-08,12,8.2110533273087,8.213143709327712,1.0002545814691106
7df21c836bec5751f83c0cce,ILVIS0_applanix_55295_20100409_610_LVIS_09Apr10.013,bias1_profiled_removal,flat_still,unresolved,evaluation_limit,False,0.0005448803552796026,200,25,233.0326066109992,1.3683245814030558e-08,12,9.40867183084242,9.41085693101887,1.0002322432130417
bb8061a43b4f14b6262ceda1,ILVIS0_applanix_55300_20100414_Ames610_14Apr10.013,bias1_unsubtracted,sphere_rotating,unresolved,evaluation_limit,True,2.844437475832728e-05,200,25,380.2582175770003,9.097235007840262e-09,2,0.23134636353833768,0.7614867695798924,3.291544150222626
bb8061a43b4f14b6262ceda1,ILVIS0_applanix_55300_20100414_Ames610_14Apr10.013,bias1_unsubtracted,sphere_still,unresolved,evaluation_limit,False,0.0006630024989162092,200,25,379.88376943000185,2.0109985402325458e-08,11,1.0423083305987317,1.2697392826182887,1.2181993037404912
bb8061a43b4f14b6262ceda1,ILVIS0_applanix_55300_20100414_Ames610_14Apr10.013,bias1_unsubtracted,flat_still,unresolved,evaluation_limit,True,5.2737424823552374e-05,200,25,363.03913122400263,1.748775726173906e-08,15,48.61755160313587,48.623489004162224,1.000122124640805
bb8061a43b4f14b6262ceda1,ILVIS0_applanix_55300_20100414_Ames610_14Apr10.013,bias1_profiled_removal,sphere_rotating,unresolved,stationarity_failure,False,0.0001515569719253682,127,25,241.87743358599982,8.129105409592084e-09,3,0.2413588782720059,0.7756453718156165,3.213659996138539
bb8061a43b4f14b6262ceda1,ILVIS0_applanix_55300_20100414_Ames610_14Apr10.013,bias1_profiled_removal,sphere_still,unresolved,evaluation_limit,False,0.00024391741234078997,200,25,382.51187631599896,1.7038717120377805e-08,12,1.0470175244702897,1.2680328811824637,1.211090408275631
bb8061a43b4f14b6262ceda1,ILVIS0_applanix_55300_20100414_Ames610_14Apr10.013,bias1_profiled_removal,flat_still,unresolved,evaluation_limit,False,0.35655208811757433,200,25,369.3295870799993,1.803652720975455e-08,12,16.459493348053556,16.48610949633102,1.0016170697186504
48c1bfe2f1aeb31c9386841d,ILVIS0_applanix_55842_610_LVIS.013,bias1_unsubtracted,sphere_rotating,converged,accepted,True,4.499877590143779e-08,184,25,388.4229002680004,1.1569288445271215e-08,2,0.44625493783221615,7.714668896570802,17.287582147654305
48c1bfe2f1aeb31c9386841d,ILVIS0_applanix_55842_610_LVIS.013,bias1_unsubtracted,sphere_still,converged,accepted,True,2.3197281478909604e-09,195,25,408.34558307800035,2.000681090955245e-08,14,22.386088146064257,23.690126559527524,1.058252178985212
48c1bfe2f1aeb31c9386841d,ILVIS0_applanix_55842_610_LVIS.013,bias1_unsubtracted,flat_still,unresolved,evaluation_limit,True,9.038471200987311e-08,200,25,408.3134724179981,2.8509945886348985e-08,16,50.31184993396947,50.79599764409325,1.0096229359635789
48c1bfe2f1aeb31c9386841d,ILVIS0_applanix_55842_610_LVIS.013,bias1_profiled_removal,sphere_rotating,unresolved,evaluation_limit,True,1.1903375076853404e-07,200,25,424.0871612960036,1.1165082059151087e-08,3,0.44625307552436033,7.714645913421708,17.287602789867105
48c1bfe2f1aeb31c9386841d,ILVIS0_applanix_55842_610_LVIS.013,bias1_profiled_removal,sphere_still,unresolved,evaluation_limit,True,2.7904256409573005e-07,200,25,415.43636459299887,1.4357059941753607e-08,15,22.38609289187273,23.69013735689714,1.0582524369626751
48c1bfe2f1aeb31c9386841d,ILVIS0_applanix_55842_610_LVIS.013,bias1_profiled_removal,flat_still,unresolved,evaluation_limit,True,2.2518842618280864e-09,200,25,404.66464308099967,1.0247585014929972e-08,15,49.84134674198096,50.369773569363254,1.0106021779491203
8bf60391909fe8988c23621a,ILVIS0_applanix_55844_610_LVIS.013,bias1_unsubtracted,sphere_rotating,unresolved,evaluation_limit,False,0.0013153127252262058,200,25,371.3714507879995,2.1474672770037487e-08,1,0.29340202543982824,5.8829954310983315,20.050970753454575
8bf60391909fe8988c23621a,ILVIS0_applanix_55844_610_LVIS.013,bias1_unsubtracted,sphere_still,converged,accepted,True,4.6200892654680976e-10,195,25,362.422525117996,1.894456123390389e-08,14,14.784640397780096,16.03463990053358,1.084547169841288
8bf60391909fe8988c23621a,ILVIS0_applanix_55844_610_LVIS.013,bias1_unsubtracted,flat_still,converged,accepted,True,8.214834196703261e-11,119,25,210.5448020479962,1.2319441579421604e-08,15,32.97779517791553,33.538581959057666,1.0170049810218265
8bf60391909fe8988c23621a,ILVIS0_applanix_55844_610_LVIS.013,bias1_profiled_removal,sphere_rotating,unresolved,evaluation_limit,False,0.0011537297674382395,200,25,371.1454677549991,7.7802855996374e-09,1,0.2894036568227218,5.858549009238491,20.24352101683092
8bf60391909fe8988c23621a,ILVIS0_applanix_55844_610_LVIS.013,bias1_profiled_removal,sphere_still,converged,accepted,True,1.0634237369692177e-11,182,25,338.6062875500065,9.860694532669768e-09,15,14.784640390758035,16.03463990518726,1.0845471706711654
8bf60391909fe8988c23621a,ILVIS0_applanix_55844_610_LVIS.013,bias1_profiled_removal,flat_still,unresolved,evaluation_limit,False,0.0002782273972957147,200,25,357.5487419889978,4.44815110841743e-09,14,29.19395014220029,29.825884247382817,1.0216460637256846
2791235ca0b11b1ef4386e21,ILVIS0_applanix_55846_610_LVIS.013,bias1_unsubtracted,sphere_rotating,unresolved,evaluation_limit,True,9.549471829166212e-07,200,25,434.3904147009962,1.73242226301991e-08,2,1.161947627266649,8.581121527118436,7.385119024085929
2791235ca0b11b1ef4386e21,ILVIS0_applanix_55846_610_LVIS.013,bias1_unsubtracted,sphere_still,converged,accepted,True,2.908070342881704e-10,142,25,305.4519003020032,1.122430569427909e-08,16,45.15288957287491,46.000349712985795,1.018768680102812
2791235ca0b11b1ef4386e21,ILVIS0_applanix_55846_610_LVIS.013,bias1_unsubtracted,flat_still,converged,accepted,True,4.3893856576195277e-10,164,25,343.65940888800105,1.198201418156649e-08,17,33.390388600076186,34.38325360188786,1.0297350538115453
2791235ca0b11b1ef4386e21,ILVIS0_applanix_55846_610_LVIS.013,bias1_profiled_removal,sphere_rotating,unresolved,stationarity_failure,False,0.00015457825281780792,179,25,388.47407248200034,1.0845319378316193e-08,3,1.1626289306265374,8.621166002756278,7.4152343672631265
2791235ca0b11b1ef4386e21,ILVIS0_applanix_55846_610_LVIS.013,bias1_profiled_removal,sphere_still,converged,accepted,True,3.063513415686046e-10,140,25,301.48641053499887,1.0955080176579847e-08,17,45.15288958183183,46.000349713192875,1.0187686799053064
2791235ca0b11b1ef4386e21,ILVIS0_applanix_55846_610_LVIS.013,bias1_profiled_removal,flat_still,converged,accepted,True,8.783347674158647e-11,159,25,336.452001712998,1.1798106461512668e-08,18,33.39038860119349,34.383253604050054,1.0297350538418433
2f7e37c48f3b4423c55662dd,ILVIS0_applanix_57289_610_DMS_24Sept15DMS.013,bias1_unsubtracted,sphere_rotating,converged,accepted,True,2.669515998943688e-07,131,25,366.01766668100026,1.547948358039393e-08,3,0.774067133045025,2.542312470660274,3.284356565637048
2f7e37c48f3b4423c55662dd,ILVIS0_applanix_57289_610_DMS_24Sept15DMS.013,bias1_unsubtracted,sphere_still,converged,accepted,True,1.6986966345294965e-10,140,25,386.4578859949979,1.1221315567106694e-08,15,30.11687279275643,30.21390020159129,1.0032216960075018
2f7e37c48f3b4423c55662dd,ILVIS0_applanix_57289_610_DMS_24Sept15DMS.013,bias1_unsubtracted,flat_still,converged,accepted,True,7.360397169792857e-11,104,23,275.56352467599936,2.628049025498409e-08,16,71.95426209090374,71.97101529033222,1.0002328312311413
2f7e37c48f3b4423c55662dd,ILVIS0_applanix_57289_610_DMS_24Sept15DMS.013,bias1_profiled_removal,sphere_rotating,converged,accepted,True,3.8735362739450037e-07,182,25,507.70725411499734,1.3276658763709015e-08,3,0.7751621968479104,2.5445290551338937,3.2825762988454135
2f7e37c48f3b4423c55662dd,ILVIS0_applanix_57289_610_DMS_24Sept15DMS.013,bias1_profiled_removal,sphere_still,converged,accepted,True,2.2258782288799852e-11,134,25,370.8455825689962,6.1615178912341505e-09,16,30.116872792125545,30.213900200995145,1.0032216960087228
2f7e37c48f3b4423c55662dd,ILVIS0_applanix_57289_610_DMS_24Sept15DMS.013,bias1_profiled_removal,flat_still,converged,accepted,True,1.629831550694545e-10,109,23,292.22834103700006,1.0225697262573273e-08,16,68.1478228373802,68.1776276379241,1.00043735513921
d9d91c8edba5721931856fc9,ILVIS0_applanix_57289_610_LVIS_38614965.013,bias1_unsubtracted,sphere_rotating,unresolved,evaluation_limit,True,1.2122057804449615e-06,200,25,434.56764279599884,2.2385227816633687e-08,2,0.567892259203751,9.316044827570673,16.404599070663192
d9d91c8edba5721931856fc9,ILVIS0_applanix_57289_610_LVIS_38614965.013,bias1_unsubtracted,sphere_still,converged,accepted,True,4.824634443539498e-07,166,25,355.4565456479977,2.69289791963399e-08,14,27.139589556765134,28.696622542677755,1.0573712797924204
d9d91c8edba5721931856fc9,ILVIS0_applanix_57289_610_LVIS_38614965.013,bias1_unsubtracted,flat_still,converged,accepted,True,1.8813565426381576e-05,122,25,251.32657672299683,1.849873116608485e-08,12,57.551747691226744,58.310546416675656,1.0131846339318828
d9d91c8edba5721931856fc9,ILVIS0_applanix_57289_610_LVIS_38614965.013,bias1_profiled_removal,sphere_rotating,unresolved,evaluation_limit,True,1.2553177252852071e-06,200,25,433.7720132089962,1.802158661625317e-08,3,0.5564851322784432,9.302089012867668,16.7157907252287
d9d91c8edba5721931856fc9,ILVIS0_applanix_57289_610_LVIS_38614965.013,bias1_profiled_removal,sphere_still,converged,accepted,True,2.0847691263504718e-09,165,25,353.1476544609977,2.5962879610007556e-08,15,27.13958954457049,28.69662378990246,1.0573713262234457
d9d91c8edba5721931856fc9,ILVIS0_applanix_57289_610_LVIS_38614965.013,bias1_profiled_removal,flat_still,converged,accepted,True,1.120479216081135e-07,122,25,252.4400942889988,8.37534639810707e-09,15,52.28131176773106,53.21334350543204,1.017827244691979
da346f70a6661ee42cecea19,ILVIS0_applanix_57289_610_loaner_24Sept15LVIS.013,bias1_unsubtracted,sphere_rotating,unresolved,evaluation_limit,False,0.0004208066721433738,200,25,536.8391053739979,8.469253392738675e-09,1,1.0434884854461082,3.239334194331891,3.1043315182793063
da346f70a6661ee42cecea19,ILVIS0_applanix_57289_610_loaner_24Sept15LVIS.013,bias1_unsubtracted,sphere_still,converged,accepted,True,1.3489514497988443e-08,181,25,480.095929997995,1.0202015128554446e-08,12,21.63272044699125,21.84333869329699,1.0097360961522077
da346f70a6661ee42cecea19,ILVIS0_applanix_57289_610_loaner_24Sept15LVIS.013,bias1_unsubtracted,flat_still,converged,accepted,True,5.304817600535393e-07,196,25,508.45371900299506,1.767654036686203e-08,16,61.70045820419943,61.7647675262579,1.0010422827306344
da346f70a6661ee42cecea19,ILVIS0_applanix_57289_610_loaner_24Sept15LVIS.013,bias1_profiled_removal,sphere_rotating,unresolved,evaluation_limit,False,0.0009714001640833814,200,25,548.766381073001,6.641824195955873e-09,1,1.0385891495379609,3.2358994203999356,3.115668425613243
da346f70a6661ee42cecea19,ILVIS0_applanix_57289_610_loaner_24Sept15LVIS.013,bias1_profiled_removal,sphere_still,converged,accepted,True,5.5679272306771926e-11,170,25,466.031672254001,9.719442401510398e-09,14,21.632714690698627,21.843297071649634,1.009734440820853
da346f70a6661ee42cecea19,ILVIS0_applanix_57289_610_loaner_24Sept15LVIS.013,bias1_profiled_removal,flat_still,unresolved,evaluation_limit,False,0.002240807325662066,200,25,525.0396735920003,2.7796869595046628e-09,14,43.5887444367783,43.7127063654458,1.0028438976682912
e6629f14d2e03e471a446e06,ILVIS0_applanix_57291_610_DMS_26Sept15DMS.013,bias1_unsubtracted,sphere_rotating,converged,accepted,True,1.021250341787546e-05,155,22,446.19626136100123,2.0856254704530443e-08,3,1.008922076539261,2.756141757554628,2.7317687080538136
e6629f14d2e03e471a446e06,ILVIS0_applanix_57291_610_DMS_26Sept15DMS.013,bias1_unsubtracted,sphere_still,converged,accepted,True,7.176062684690359e-11,173,25,494.8912035159883,1.2637225129793985e-08,15,26.313372290092325,26.4483371358601,1.0051291352655165
e6629f14d2e03e471a446e06,ILVIS0_applanix_57291_610_DMS_26Sept15DMS.013,bias1_unsubtracted,flat_still,unresolved,evaluation_limit,True,6.086795757874612e-08,200,25,543.904739192003,1.861370357715406e-08,16,50.178755394199406,50.24160013751475,1.0012524173392034
e6629f14d2e03e471a446e06,ILVIS0_applanix_57291_610_DMS_26Sept15DMS.013,bias1_profiled_removal,sphere_rotating,converged,accepted,True,1.081885202079019e-05,187,22,540.2613265190012,6.582940069498649e-09,4,1.008923729342286,2.7561580307203704,2.7317803621460075
e6629f14d2e03e471a446e06,ILVIS0_applanix_57291_610_DMS_26Sept15DMS.013,bias1_profiled_removal,sphere_still,unresolved,evaluation_limit,True,1.8018078038273667e-07,200,25,578.0846477860032,1.223321082557765e-08,15,26.313459423098028,26.449110161461235,1.0051551845077478
e6629f14d2e03e471a446e06,ILVIS0_applanix_57291_610_DMS_26Sept15DMS.013,bias1_profiled_removal,flat_still,unresolved,evaluation_limit,True,6.098478406642877e-06,200,25,554.3091818899993,1.836240975968048e-08,17,50.17873513966234,50.24193428331596,1.0012594806042385
f7677e15295077fd8cfd3089,ILVIS0_applanix_57291_610_LVIS_38614965.013,bias1_unsubtracted,sphere_rotating,converged,accepted,True,2.4014608798382916e-08,188,23,428.34003688499797,1.096821276177144e-08,2,0.6817213847618121,9.94965854639776,14.594904558955694
f7677e15295077fd8cfd3089,ILVIS0_applanix_57291_610_LVIS_38614965.013,bias1_unsubtracted,sphere_still,converged,accepted,True,2.33666569966173e-06,97,25,227.84943472698797,1.47133374651416e-08,16,26.8637016536213,28.67026774914221,1.0672493358813557
f7677e15295077fd8cfd3089,ILVIS0_applanix_57291_610_LVIS_38614965.013,bias1_unsubtracted,flat_still,converged,accepted,True,1.0034066928831116e-10,97,25,210.6682834129897,1.186033208768807e-08,17,29.478010889905164,31.18109896590061,1.057774864198136
f7677e15295077fd8cfd3089,ILVIS0_applanix_57291_610_LVIS_38614965.013,bias1_profiled_removal,sphere_rotating,converged,accepted,True,8.116236036765014e-05,162,23,372.0837914740114,9.981872527387223e-09,1,0.6857178288636468,9.926165343888862,14.475582996490314
f7677e15295077fd8cfd3089,ILVIS0_applanix_57291_610_LVIS_38614965.013,bias1_profiled_removal,sphere_still,converged,accepted,True,8.174843202018992e-10,99,25,223.87060234800447,1.195667469939654e-08,17,26.863673207233848,28.670154932766454,1.0672462664207125
f7677e15295077fd8cfd3089,ILVIS0_applanix_57291_610_LVIS_38614965.013,bias1_profiled_removal,flat_still,converged,accepted,True,2.893972586800452e-10,113,25,247.70290210199892,1.1672523078288749e-08,18,29.478010893167323,31.18109895982714,1.0577748638750444
abe881b5c87cc878226a9aef,ILVIS0_applanix_57291_610_loaner_26Sept15LVIS.013,bias1_unsubtracted,sphere_rotating,converged,accepted,True,6.803931162516153e-07,134,19,366.00053451200074,1.9374898172279272e-08,2,0.8655939556890856,3.5205389549475474,4.067194475895921
abe881b5c87cc878226a9aef,ILVIS0_applanix_57291_610_loaner_26Sept15LVIS.013,bias1_unsubtracted,sphere_still,converged,accepted,True,6.816698499643416e-11,87,25,235.27854836299957,1.4489632346730905e-08,16,23.002461356538856,23.28945059014027,1.0124764575909104
abe881b5c87cc878226a9aef,ILVIS0_applanix_57291_610_loaner_26Sept15LVIS.013,bias1_unsubtracted,flat_still,converged,accepted,True,5.429167916509413e-10,121,25,320.9432509400067,1.5774490954806915e-08,17,44.99217187652926,45.13838797111074,1.0032498118780024
abe881b5c87cc878226a9aef,ILVIS0_applanix_57291_610_loaner_26Sept15LVIS.013,bias1_profiled_removal,sphere_rotating,converged,accepted,True,9.88099305518605e-05,111,19,306.2742271510069,8.657618734597519e-09,3,0.8685582710955204,3.5330177238704414,4.067680708876578
abe881b5c87cc878226a9aef,ILVIS0_applanix_57291_610_loaner_26Sept15LVIS.013,bias1_profiled_removal,sphere_still,converged,accepted,True,3.697330104617535e-10,97,25,262.9655326840002,1.4485853953215445e-08,17,23.002461348235556,23.28945058433372,1.012476457703957
abe881b5c87cc878226a9aef,ILVIS0_applanix_57291_610_loaner_26Sept15LVIS.013,bias1_profiled_removal,flat_still,converged,accepted,True,4.0804322953308433e-08,129,25,341.8857393090002,1.524980357507312e-08,18,44.99217189643356,45.13838885313907,1.00324983103821
01177d345ecb28bcfdcc6a4f,ILVIS0_applanix_57294_610_DMS_29Sept15DMS.013,bias1_unsubtracted,sphere_rotating,unresolved,evaluation_limit,False,0.0010000675147172327,199,25,519.0539495389967,5.95742567880389e-09,1,1.1026936220337284,2.077634818772092,1.8841451308480888
01177d345ecb28bcfdcc6a4f,ILVIS0_applanix_57294_610_DMS_29Sept15DMS.013,bias1_unsubtracted,sphere_still,converged,accepted,True,1.0749243498273016e-09,84,25,213.56100219300424,9.415498207463145e-09,15,33.16359625320618,33.21098772992289,1.0014290210372505
01177d345ecb28bcfdcc6a4f,ILVIS0_applanix_57294_610_DMS_29Sept15DMS.013,bias1_unsubtracted,flat_still,unresolved,evaluation_limit,False,0.0003026181536947772,200,25,509.4932002650021,2.310948271436152e-08,15,49.05474921123691,49.071276923755974,1.000336923800138
01177d345ecb28bcfdcc6a4f,ILVIS0_applanix_57294_610_DMS_29Sept15DMS.013,bias1_profiled_removal,sphere_rotating,unresolved,evaluation_limit,False,0.0010484744748443452,200,25,517.5071302200085,4.324503194494095e-09,0,1.0950317038001696,2.0684079460733344,1.8889023385306427
01177d345ecb28bcfdcc6a4f,ILVIS0_applanix_57294_610_DMS_29Sept15DMS.013,bias1_profiled_removal,sphere_still,converged,accepted,True,1.1727934270969627e-11,95,25,237.57147129900113,9.345798424611083e-09,16,33.16359626099669,33.21098771047806,1.0014290202156726
01177d345ecb28bcfdcc6a4f,ILVIS0_applanix_57294_610_DMS_29Sept15DMS.013,bias1_profiled_removal,flat_still,unresolved,evaluation_limit,False,0.007320180856895537,200,25,485.62831284799904,2.2199045809346847e-08,16,49.05348299615476,49.06961583917492,1.0003288827221795
dac266ab5c198050d25b17f6,ILVIS0_applanix_57294_610_loaner_29Sept15LVIS.013,bias1_unsubtracted,sphere_rotating,unresolved,evaluation_limit,True,7.207250818310439e-05,200,25,527.2320550270088,1.5850596949726938e-08,2,1.152099867534096,3.0962283551842806,2.6874652470981633
dac266ab5c198050d25b17f6,ILVIS0_applanix_57294_610_loaner_29Sept15LVIS.013,bias1_unsubtracted,sphere_still,unresolved,evaluation_limit,False,0.0031417181863075748,200,25,523.1043015379983,6.00608358988311e-09,14,32.04046745433771,32.181795268390445,1.0044109161095776
dac266ab5c198050d25b17f6,ILVIS0_applanix_57294_610_loaner_29Sept15LVIS.013,bias1_unsubtracted,flat_still,converged,accepted,True,1.8676934822283543e-07,197,25,499.3170124809985,2.545812165503455e-08,17,55.57901083521997,55.64118877141155,1.0011187305289748
dac266ab5c198050d25b17f6,ILVIS0_applanix_57294_610_loaner_29Sept15LVIS.013,bias1_profiled_removal,sphere_rotating,unresolved,evaluation_limit,False,0.002840799936568503,200,25,557.9729169700004,3.39850050529782e-09,3,1.1599831332980486,3.1189207315730916,2.6887638639239673
dac266ab5c198050d25b17f6,ILVIS0_applanix_57294_610_loaner_29Sept15LVIS.013,bias1_profiled_removal,sphere_still,unresolved,evaluation_limit,False,0.002101860760220725,200,25,559.0484587389947,5.916944000967471e-09,11,32.72517363911357,32.85836696108131,1.0040700569976058
dac266ab5c198050d25b17f6,ILVIS0_applanix_57294_610_loaner_29Sept15LVIS.013,bias1_profiled_removal,flat_still,converged,accepted,True,7.430209926147565e-07,194,25,511.1936826080055,2.5344866562799703e-08,18,55.57901170062606,55.64120585929873,1.0011190223929796
f50ff54d2e6175d2e8277823,ILVIS0_applanix_57298_610_DMS_03Oct15DMS.013,bias1_unsubtracted,sphere_rotating,unresolved,evaluation_limit,False,0.0007537171752020632,200,25,546.4028163420007,2.042505530368923e-08,2,1.8296684873920344,2.7081448429000994,1.480128701762921
f50ff54d2e6175d2e8277823,ILVIS0_applanix_57298_610_DMS_03Oct15DMS.013,bias1_unsubtracted,sphere_still,converged,accepted,True,4.3657100515914274e-11,83,25,221.56445304899535,1.3502363332770177e-08,15,49.73699911631933,49.77689560918502,1.0008021491761572
f50ff54d2e6175d2e8277823,ILVIS0_applanix_57298_610_DMS_03Oct15DMS.013,bias1_unsubtracted,flat_still,unresolved,evaluation_limit,True,1.1965850165200403e-06,200,25,523.6109085360076,4.821478840359773e-08,16,56.63647440200006,56.65847186031342,1.0003883973807626
f50ff54d2e6175d2e8277823,ILVIS0_applanix_57298_610_DMS_03Oct15DMS.013,bias1_profiled_removal,sphere_rotating,unresolved,evaluation_limit,False,0.009692762377834488,200,25,545.3376748739975,1.012218833755422e-08,2,1.8222192374504287,2.6894425653258898,1.4759160204503399
f50ff54d2e6175d2e8277823,ILVIS0_applanix_57298_610_DMS_03Oct15DMS.013,bias1_profiled_removal,sphere_still,converged,accepted,True,6.001399273709721e-12,87,25,232.14654978700855,1.2273133990211545e-08,16,49.73699913748807,49.77689562372681,1.000802149042576
f50ff54d2e6175d2e8277823,ILVIS0_applanix_57298_610_DMS_03Oct15DMS.013,bias1_profiled_removal,flat_still,converged,accepted,True,3.67159368383973e-07,188,25,494.5563473840011,4.6342559613292024e-08,18,56.63530914425153,56.65849520983044,1.0004093924078326
4fad619380ea429cbf6cbcc9,ILVIS0_applanix_57298_610_LVIS_38614965.013,bias1_unsubtracted,sphere_rotating,converged,accepted,True,8.30006567110894e-09,142,25,199.81702418500208,1.390243645683685e-08,2,0.16519324274448002,3.7470483955262965,22.682818820393337
4fad619380ea429cbf6cbcc9,ILVIS0_applanix_57298_610_LVIS_38614965.013,bias1_unsubtracted,sphere_still,converged,accepted,True,2.1508842481523305e-06,111,25,154.0634829680057,1.132893588541248e-08,14,15.961521673653696,16.362307905739453,1.0251095252871347
4fad619380ea429cbf6cbcc9,ILVIS0_applanix_57298_610_LVIS_38614965.013,bias1_unsubtracted,flat_still,converged,accepted,True,9.042940233387542e-09,159,25,215.41168147599092,1.4356327964891148e-08,13,10.263693034695976,11.032996614218057,1.0749538764381867
4fad619380ea429cbf6cbcc9,ILVIS0_applanix_57298_610_LVIS_38614965.013,bias1_profiled_removal,sphere_rotating,unresolved,stationarity_failure,False,0.00011365854436228329,129,25,181.9321910090075,1.3493825334831406e-08,3,0.16404204467851977,3.745370401172951,22.83177101646663
4fad619380ea429cbf6cbcc9,ILVIS0_applanix_57298_610_LVIS_38614965.013,bias1_profiled_removal,sphere_still,converged,accepted,True,6.253013735083036e-08,125,25,173.8934908730007,9.413125054013979e-09,15,15.961448982436977,16.362270586070288,1.0251118557014687
4fad619380ea429cbf6cbcc9,ILVIS0_applanix_57298_610_LVIS_38614965.013,bias1_profiled_removal,flat_still,converged,accepted,True,4.146234411854927e-08,155,25,209.1668799129984,1.4130930570432664e-08,14,10.263690642999807,11.032996476551498,1.0749541135163094
d4e793dd58b79bf4d95c692b,ILVIS0_applanix_57298_610_loaner_03Oct15LVIS.013,bias1_unsubtracted,sphere_rotating,converged,accepted,True,3.2510560798547045e-09,177,19,465.7365730099991,1.0958310229494385e-08,4,1.6032306651464305,3.2938024387274765,2.054478192273498
d4e793dd58b79bf4d95c692b,ILVIS0_applanix_57298_610_loaner_03Oct15LVIS.013,bias1_unsubtracted,sphere_still,converged,accepted,True,6.92102924065757e-07,83,25,213.39733573701233,1.0282421346020828e-08,15,45.60480073107222,45.68289964590112,1.0017125152084194
d4e793dd58b79bf4d95c692b,ILVIS0_applanix_57298_610_loaner_03Oct15LVIS.013,bias1_unsubtracted,flat_still,unresolved,evaluation_limit,False,0.006345578453719308,200,25,507.89142384300067,4.023166949212221e-08,15,52.277986647522255,52.32122236609205,1.0008270348829864
d4e793dd58b79bf4d95c692b,ILVIS0_applanix_57298_610_loaner_03Oct15LVIS.013,bias1_profiled_removal,sphere_rotating,unresolved,evaluation_limit,False,0.00033347147905577287,200,19,528.2024041440018,9.007367209114285e-09,3,1.6602903177262565,3.377347431219567,2.0341908852692674
d4e793dd58b79bf4d95c692b,ILVIS0_applanix_57298_610_loaner_03Oct15LVIS.013,bias1_profiled_removal,sphere_still,converged,accepted,True,2.730882133319996e-10,83,25,234.03496843799076,1.0273354574777716e-08,16,45.604799835316065,45.68289871879386,1.0017125145546042
d4e793dd58b79bf4d95c692b,ILVIS0_applanix_57298_610_loaner_03Oct15LVIS.013,bias1_profiled_removal,flat_still,unresolved,evaluation_limit,False,0.0013974027613603095,200,25,556.7174238870066,3.9848692273480425e-08,16,52.268995654615665,52.312233309792525,1.0008272141952481
570b37d23af5e245dd461051,ILVIS0_applanix_57300_610_LVIS_38614965.013,bias1_unsubtracted,sphere_rotating,converged,accepted,True,2.272132925347096e-09,127,25,299.28330401900166,4.4157771067953245e-08,3,0.7012063018954284,9.360942851174192,13.349769997603643
570b37d23af5e245dd461051,ILVIS0_applanix_57300_610_LVIS_38614965.013,bias1_unsubtracted,sphere_still,converged,accepted,True,9.283198409270393e-10,172,25,391.28502012600075,3.9317047325975474e-08,14,29.01090531019566,30.480250792767645,1.0506480396547844
570b37d23af5e245dd461051,ILVIS0_applanix_57300_610_LVIS_38614965.013,bias1_unsubtracted,flat_still,converged,accepted,True,1.607465219275559e-10,175,25,387.0370914009982,2.0306147376422537e-08,15,63.568595174019705,64.25778552506097,1.0108416797501123
570b37d23af5e245dd461051,ILVIS0_applanix_57300_610_LVIS_38614965.013,bias1_profiled_removal,sphere_rotating,converged,accepted,True,2.2057685587274543e-09,146,25,332.98819772498973,3.376724865549103e-08,4,0.7012063021551136,9.360942847925797,13.349769988027099
570b37d23af5e245dd461051,ILVIS0_applanix_57300_610_LVIS_38614965.013,bias1_profiled_removal,sphere_still,converged,accepted,True,1.7302945644941355e-11,182,25,465.1818004939996,3.46730171200491e-08,15,29.010905305497563,30.480250778717867,1.0506480393406359
570b37d23af5e245dd461051,ILVIS0_applanix_57300_610_LVIS_38614965.013,bias1_profiled_removal,flat_still,converged,accepted,True,1.5226078090084912e-10,167,25,415.636184944,1.5838678068393778e-08,15,60.53953062877795,61.28696362894807,1.012346197474726
8dacbcf9f1e2774318723460,ILVIS0_applanix_57300_610_loaner_05Oct15LVIS.013,bias1_unsubtracted,sphere_rotating,converged,accepted,True,1.4034447614645946e-05,145,24,328.3259155209962,3.753211825533612e-08,4,0.260689641213937,1.4385480079527633,5.518240008517283
8dacbcf9f1e2774318723460,ILVIS0_applanix_57300_610_loaner_05Oct15LVIS.013,bias1_unsubtracted,sphere_still,converged,accepted,True,5.193810156057622e-10,138,25,316.58929949699086,3.9573431291742494e-08,12,22.344355400011107,22.520487357428156,1.0078826152853333
8dacbcf9f1e2774318723460,ILVIS0_applanix_57300_610_loaner_05Oct15LVIS.013,bias1_unsubtracted,flat_still,converged,accepted,True,1.823194630348734e-06,84,23,172.6299114620051,3.363707664837626e-08,15,49.599462503021726,49.673196391505634,1.001486586441928
8dacbcf9f1e2774318723460,ILVIS0_applanix_57300_610_loaner_05Oct15LVIS.013,bias1_profiled_removal,sphere_rotating,converged,accepted,True,7.459106740675264e-07,187,24,391.80907849399955,3.749665149919418e-08,5,0.2606912556654886,1.4385529169573141,5.518224664977728
8dacbcf9f1e2774318723460,ILVIS0_applanix_57300_610_loaner_05Oct15LVIS.013,bias1_profiled_removal,sphere_still,converged,accepted,True,1.6428949834239664e-08,157,25,331.2851530670014,3.8746898400781286e-08,13,22.344358412564457,22.52048992275699,1.007882594207471
8dacbcf9f1e2774318723460,ILVIS0_applanix_57300_610_loaner_05Oct15LVIS.013,bias1_profiled_removal,flat_still,converged,accepted,True,4.7693058541328695e-06,76,23,155.38392678000673,2.2881226021803506e-08,16,49.5994109732551,49.67310890138404,1.0014858629706043
a953c8ddf4fae255674de128,ILVIS0_applanix_57302_610_DMS_07Oct15DMS.013,bias1_unsubtracted,sphere_rotating,converged,accepted,True,6.836627604538501e-05,152,19,457.86856617098965,1.7287750466094456e-08,4,0.7547564256330873,1.0564082185689585,1.3996677374198525
a953c8ddf4fae255674de128,ILVIS0_applanix_57302_610_DMS_07Oct15DMS.013,bias1_unsubtracted,sphere_still,converged,accepted,True,2.686917319909575e-09,97,25,280.5261131340085,2.235004124286634e-08,16,112.28130733913757,112.27441710958995,0.9999386342240671
a953c8ddf4fae255674de128,ILVIS0_applanix_57302_610_DMS_07Oct15DMS.013,bias1_unsubtracted,flat_still,converged,accepted,True,5.636336485955385e-10,189,25,503.03985062398715,9.756628545365607e-08,18,66.86342446813934,66.83289294311645,0.9995433747932333
a953c8ddf4fae255674de128,ILVIS0_applanix_57302_610_DMS_07Oct15DMS.013,bias1_profiled_removal,sphere_rotating,unresolved,evaluation_limit,False,0.00016550627085809208,200,19,546.440173666997,1.5526947882740852e-08,4,0.7464794393922163,1.055406656412102,1.4138455806249859
a953c8ddf4fae255674de128,ILVIS0_applanix_57302_610_DMS_07Oct15DMS.013,bias1_profiled_removal,sphere_still,converged,accepted,True,5.131087953748788e-09,95,25,257.74317635499756,1.6486872503136124e-08,17,112.28130726879844,112.27441709030354,0.9999386346787146
a953c8ddf4fae255674de128,ILVIS0_applanix_57302_610_DMS_07Oct15DMS.013,bias1_profiled_removal,flat_still,converged,accepted,True,1.8408010255523357e-11,185,25,483.00275505598984,5.002959301613285e-08,19,66.86342447959811,66.832892950789,0.9995433747366855
711e7aade97a54f71ac5d9c5,ILVIS0_applanix_57302_610_LVIS_38614965.013,bias1_unsubtracted,sphere_rotating,converged,accepted,True,1.2925007185317782e-07,116,19,190.1793561980012,2.1105249767755553e-08,2,0.20489058241867,5.4883100339338275,26.786541231646783
711e7aade97a54f71ac5d9c5,ILVIS0_applanix_57302_610_LVIS_38614965.013,bias1_unsubtracted,sphere_still,converged,accepted,True,1.2240298047200822e-06,114,25,187.17901606600208,2.4175974776972175e-08,13,34.58710596435471,35.02560086715665,1.0126779876655145
711e7aade97a54f71ac5d9c5,ILVIS0_applanix_57302_610_LVIS_38614965.013,bias1_unsubtracted,flat_still,converged,accepted,True,1.656393109967252e-09,180,25,286.84625118700205,2.2943920303434827e-08,13,12.479433651771858,13.435101294791021,1.0765794081435318
711e7aade97a54f71ac5d9c5,ILVIS0_applanix_57302_610_LVIS_38614965.013,bias1_profiled_removal,sphere_rotating,converged,accepted,True,6.228231658805579e-05,96,19,162.57333670499793,2.1128828481045772e-08,2,0.20479192022669176,5.4880375119065,26.79811540334007
711e7aade97a54f71ac5d9c5,ILVIS0_applanix_57302_610_LVIS_38614965.013,bias1_profiled_removal,sphere_still,converged,accepted,True,1.2416126406981038e-08,134,25,218.2897386070108,2.3425131627190196e-08,14,34.5869782711004,35.025341307447285,1.012674221867863
711e7aade97a54f71ac5d9c5,ILVIS0_applanix_57302_610_LVIS_38614965.013,bias1_profiled_removal,flat_still,converged,accepted,True,2.619174102638016e-09,187,25,294.8951509729959,2.2868059498748986e-08,14,12.479433523706156,13.435101069167422,1.0765794011119065
31d7e5019dfdc9e2e6387206,ILVIS0_applanix_57302_610_loaner_07Oct15LVIS.013,bias1_unsubtracted,sphere_rotating,converged,accepted,True,6.980902426350514e-08,150,25,400.4387820529955,1.6647534380968498e-08,3,0.41050250715869185,2.5100222344226952,6.114511338300724
31d7e5019dfdc9e2e6387206,ILVIS0_applanix_57302_610_loaner_07Oct15LVIS.013,bias1_unsubtracted,sphere_still,converged,accepted,True,1.237667563968872e-07,160,25,417.1227677699935,2.855316405495059e-08,15,104.05130347012513,104.05418272395339,1.0000276714825498
31d7e5019dfdc9e2e6387206,ILVIS0_applanix_57302_610_loaner_07Oct15LVIS.013,bias1_unsubtracted,flat_still,converged,accepted,True,2.59539975570652e-10,173,25,437.43649761000415,1.1775393662283333e-07,17,69.3097959694938,69.260586849547,0.9992900120501225
31d7e5019dfdc9e2e6387206,ILVIS0_applanix_57302_610_loaner_07Oct15LVIS.013,bias1_profiled_removal,sphere_rotating,converged,accepted,True,2.0244222636297774e-09,155,25,415.83773356200254,1.6462784225591572e-08,4,0.41050247518725885,2.510021456746641,6.11450992007209
31d7e5019dfdc9e2e6387206,ILVIS0_applanix_57302_610_loaner_07Oct15LVIS.013,bias1_profiled_removal,sphere_still,converged,accepted,True,1.2359820907609343e-07,152,25,398.97204312100075,1.5275582265134322e-08,16,104.05130348676497,104.05418276804906,1.0000276717464136
31d7e5019dfdc9e2e6387206,ILVIS0_applanix_57302_610_loaner_07Oct15LVIS.013,bias1_profiled_removal,flat_still,converged,accepted,True,9.177982741612272e-11,170,25,431.9478688100062,3.6579403573399085e-08,18,69.3097959702662,69.26058684974574,0.9992900120418537
f66ab49757292bc3c396aba2,ILVIS0_applanix_57305_610_DMS_10Oct15DMS.013,bias1_unsubtracted,sphere_rotating,converged,accepted,True,9.73422003148741e-09,190,25,544.5675648829929,1.3021595277397545e-08,3,1.1999415813953356,1.3595754134840934,1.133034669823784
f66ab49757292bc3c396aba2,ILVIS0_applanix_57305_610_DMS_10Oct15DMS.013,bias1_unsubtracted,sphere_still,converged,accepted,True,1.698315439515188e-08,67,25,184.84645954299776,1.4488975641887805e-08,16,101.87514016255342,101.87561142671461,1.0000046258995123
f66ab49757292bc3c396aba2,ILVIS0_applanix_57305_610_DMS_10Oct15DMS.013,bias1_unsubtracted,flat_still,converged,accepted,True,1.4659071512995673e-08,145,25,408.7779717060039,9.450697015593945e-08,16,100.84849213691922,100.8440950812321,0.9999563993908689
f66ab49757292bc3c396aba2,ILVIS0_applanix_57305_610_DMS_10Oct15DMS.013,bias1_profiled_removal,sphere_rotating,unresolved,evaluation_limit,False,0.0011462826688313115,200,25,556.4554236520053,9.695299857171665e-09,3,1.2066358310036636,1.3658851331165085,1.1319779323811257
f66ab49757292bc3c396aba2,ILVIS0_applanix_57305_610_DMS_10Oct15DMS.013,bias1_profiled_removal,sphere_still,unresolved,stationarity_failure,False,0.0024400963577424135,66,25,178.94445983799233,1.1513105126202485e-08,17,101.87550354836262,101.87597737448203,1.0000046510309437
f66ab49757292bc3c396aba2,ILVIS0_applanix_57305_610_DMS_10Oct15DMS.013,bias1_profiled_removal,flat_still,converged,accepted,True,1.3322516877565713e-08,150,25,398.9748623679916,4.9259945629604227e-08,17,100.84849220115102,100.8440951450537,0.9999563993868292
e543e7b6e878b96a1966dbb6,ILVIS0_applanix_57305_610_LVIS_38614965.013,bias1_unsubtracted,sphere_rotating,unresolved,evaluation_limit,False,0.00029471799233510537,200,25,419.6895151610079,1.731751708230503e-08,1,0.5907537180049515,8.603085456762827,14.562896846111292
e543e7b6e878b96a1966dbb6,ILVIS0_applanix_57305_610_LVIS_38614965.013,bias1_unsubtracted,sphere_still,unresolved,evaluation_limit,True,9.801026019823595e-11,200,25,421.2806414880033,1.855478466565537e-08,15,17.868267386865927,19.809037429152664,1.108615457798292
e543e7b6e878b96a1966dbb6,ILVIS0_applanix_57305_610_LVIS_38614965.013,bias1_unsubtracted,flat_still,converged,accepted,True,5.118464976197841e-10,171,25,351.3239509470004,1.5854754422139257e-08,16,24.274164257320315,25.68195537127811,1.0579954514204646
e543e7b6e878b96a1966dbb6,ILVIS0_applanix_57305_610_LVIS_38614965.013,bias1_profiled_removal,sphere_rotating,converged,accepted,True,8.505363487820243e-05,176,25,377.3530446440127,1.2234698609332113e-08,2,0.5851529141014441,8.60073663785211,14.698271905659615
e543e7b6e878b96a1966dbb6,ILVIS0_applanix_57305_610_LVIS_38614965.013,bias1_profiled_removal,sphere_still,unresolved,evaluation_limit,False,0.07072805681221726,200,25,433.1647722679918,1.853759817544697e-08,11,17.908557850436495,19.837917452241022,1.1077339458552495
e543e7b6e878b96a1966dbb6,ILVIS0_applanix_57305_610_LVIS_38614965.013,bias1_profiled_removal,flat_still,converged,accepted,True,6.035974279941063e-11,169,25,348.2373728370003,1.556193352025647e-08,17,24.274164253874037,25.681955354624115,1.0579954508845923
9f4d888995ab94bb8eff4df6,ILVIS0_applanix_57305_610_loaner_10Oct15LVIS.013,bias1_unsubtracted,sphere_rotating,unresolved,evaluation_limit,True,3.09124348491862e-06,200,25,547.0315806720027,2.2975426197204575e-08,2,1.374962037137588,4.261401521175785,3.099286675614129
9f4d888995ab94bb8eff4df6,ILVIS0_applanix_57305_610_loaner_10Oct15LVIS.013,bias1_unsubtracted,sphere_still,converged,accepted,True,9.814843233465217e-12,58,25,153.75426558600157,1.3125051545415638e-08,16,84.03006244258962,84.13498486914558,1.001248629639275
9f4d888995ab94bb8eff4df6,ILVIS0_applanix_57305_610_loaner_10Oct15LVIS.013,bias1_unsubtracted,flat_still,unresolved,evaluation_limit,True,4.035520907625659e-06,200,25,523.4919644469919,1.014162008219343e-07,17,43.44881698835055,43.50368015642904,1.0012627079833543
9f4d888995ab94bb8eff4df6,ILVIS0_applanix_57305_610_loaner_10Oct15LVIS.013,bias1_profiled_removal,sphere_rotating,unresolved,evaluation_limit,False,0.0022812264822206505,200,25,542.6914512859948,1.1411852470923595e-08,3,1.3801233508367137,4.273116114659475,3.096184201266398
9f4d888995ab94bb8eff4df6,ILVIS0_applanix_57305_610_loaner_10Oct15LVIS.013,bias1_profiled_removal,sphere_still,converged,accepted,True,1.5554710578399734e-10,66,25,174.94909296299738,1.2971382693807642e-08,17,84.03006243091558,84.13498485345471,1.0012486295916463
9f4d888995ab94bb8eff4df6,ILVIS0_applanix_57305_610_loaner_10Oct15LVIS.013,bias1_profiled_removal,flat_still,unresolved,evaluation_limit,True,3.042070351757393e-06,200,25,528.183022473997,5.535859264717974e-08,18,43.44885041181551,43.503733987696904,1.0012631767091924
705de394963c8be15c580512,ILVIS0_applanix_57307_610_DMS_12Oct15DMS.013,bias1_unsubtracted,sphere_rotating,unresolved,stationarity_failure,False,0.00011650446050111059,82,25,96.88132542801031,2.041478443898235e-08,2,0.1218361905358051,0.11455678255022128,0.9402524984278414
705de394963c8be15c580512,ILVIS0_applanix_57307_610_DMS_12Oct15DMS.013,bias1_unsubtracted,sphere_still,converged,accepted,True,1.4672378663598373e-05,126,25,147.65596535400255,1.8298766326526078e-08,16,12.876387148575535,12.876306843446367,0.9999937633803456
705de394963c8be15c580512,ILVIS0_applanix_57307_610_DMS_12Oct15DMS.013,bias1_unsubtracted,flat_still,converged,accepted,True,2.980249661935042e-10,167,25,190.72555811899656,1.3927446616945967e-08,15,11.429636791957064,11.429605198425097,0.9999972358236275
705de394963c8be15c580512,ILVIS0_applanix_57307_610_DMS_12Oct15DMS.013,bias1_profiled_removal,sphere_rotating,converged,accepted,True,8.598257343246204e-05,77,25,90.83630474000529,1.4678125533322383e-08,3,0.12183221005650735,0.11456062451748483,0.9403147530882854
705de394963c8be15c580512,ILVIS0_applanix_57307_610_DMS_12Oct15DMS.013,bias1_profiled_removal,sphere_still,converged,accepted,True,1.4570483043943443e-07,121,25,141.69330939199426,1.7915435403398387e-08,17,12.876416246933234,12.87633915943244,0.9999940132798354
705de394963c8be15c580512,ILVIS0_applanix_57307_610_DMS_12Oct15DMS.013,bias1_profiled_removal,flat_still,converged,accepted,True,1.6537587299631757e-08,170,25,195.3223075499991,8.017670956072394e-09,16,11.429634787311832,11.429603143264476,0.9999972314034573
74ec8f62cb621604ddcdde9c,ILVIS0_applanix_57307_610_loaner_12Oct15LVIS.013,bias1_unsubtracted,sphere_rotating,converged,accepted,True,8.68040919520454e-06,170,25,432.5667872569902,1.7386774284511345e-08,2,1.1438721030717796,2.3379447705284924,2.0438865186502264
74ec8f62cb621604ddcdde9c,ILVIS0_applanix_57307_610_loaner_12Oct15LVIS.013,bias1_unsubtracted,sphere_still,converged,accepted,True,1.24762674175611e-06,161,25,405.7180440439988,3.0903370369060415e-08,15,25.142496795942296,25.225623530502858,1.003306224327489
74ec8f62cb621604ddcdde9c,ILVIS0_applanix_57307_610_loaner_12Oct15LVIS.013,bias1_unsubtracted,flat_still,converged,accepted,True,1.4166511116941428e-10,160,25,394.0766747400048,1.1453242364730297e-08,16,55.69890215228908,55.730331725367165,1.0005642763477125
74ec8f62cb621604ddcdde9c,ILVIS0_applanix_57307_610_loaner_12Oct15LVIS.013,bias1_profiled_removal,sphere_rotating,unresolved,stationarity_failure,False,0.00044882725257401764,102,25,258.65928017601254,1.2252171337662726e-08,3,1.1459068200963944,2.3476232365117973,2.0487034332462684
74ec8f62cb621604ddcdde9c,ILVIS0_applanix_57307_610_loaner_12Oct15LVIS.013,bias1_profiled_removal,sphere_still,converged,accepted,True,4.831026365724981e-10,154,25,390.6092653090018,2.8150992844989016e-08,16,25.142494385847247,25.2256122924072,1.0033058735256888
74ec8f62cb621604ddcdde9c,ILVIS0_applanix_57307_610_loaner_12Oct15LVIS.013,bias1_profiled_removal,flat_still,converged,accepted,True,1.255331494094802e-10,160,25,392.3343235630018,1.1378041624382114e-08,17,55.69890215226237,55.73033172527031,1.0005642763464533
a6e658d1550299e4eb9f00a3,ILVIS0_applanix_57312_610_DMS_17Oct15DMS.013,bias1_unsubtracted,sphere_rotating,unresolved,evaluation_limit,False,0.0018064949232223684,199,25,534.124700935994,1.0320368640523129e-08,3,0.8530189063689205,0.9450160884625157,1.1078489367664819
a6e658d1550299e4eb9f00a3,ILVIS0_applanix_57312_610_DMS_17Oct15DMS.013,bias1_unsubtracted,sphere_still,unresolved,evaluation_limit,True,1.456597590626398e-07,200,25,529.8480592139967,8.86138083932726e-09,15,17.28623219815685,17.295654851462576,1.000545095842617
a6e658d1550299e4eb9f00a3,ILVIS0_applanix_57312_610_DMS_17Oct15DMS.013,bias1_unsubtracted,flat_still,converged,accepted,True,2.095383920284403e-07,141,25,361.6187075229973,1.8445452756061403e-08,16,47.02453710990608,47.02519729144467,1.0000140390863828
a6e658d1550299e4eb9f00a3,ILVIS0_applanix_57312_610_DMS_17Oct15DMS.013,bias1_profiled_removal,sphere_rotating,unresolved,evaluation_limit,False,0.001360533028453488,200,25,534.5973196349951,6.810623387507474e-09,3,0.8258513942440511,0.9178691152982793,1.1114216452203938
a6e658d1550299e4eb9f00a3,ILVIS0_applanix_57312_610_DMS_17Oct15DMS.013,bias1_profiled_removal,sphere_still,converged,accepted,True,2.6719434658394355e-07,197,25,520.3433151529898,8.363487590413473e-09,16,17.286232151906187,17.29565446949933,1.000545076423268
a6e658d1550299e4eb9f00a3,ILVIS0_applanix_57312_610_DMS_17Oct15DMS.013,bias1_profiled_removal,flat_still,converged,accepted,True,1.430718066721044e-06,136,25,346.5067188420071,5.2308776637103786e-09,16,34.77308170368783,34.776676556568695,1.0001033803363044
8f2a00e9f13b367202e4d46a,ILVIS0_applanix_57312_610_LVIS_38614965.013,bias1_unsubtracted,sphere_rotating,converged,accepted,True,2.4024708155824596e-06,131,25,278.79105082798924,1.8962107581100097e-08,2,0.40395447291422587,9.058104880068331,22.42357861449326
8f2a00e9f13b367202e4d46a,ILVIS0_applanix_57312_610_LVIS_38614965.013,bias1_unsubtracted,sphere_still,converged,accepted,True,4.4780819608052804e-10,153,25,322.81514370399236,1.8527219150815786e-08,15,10.707916209550381,13.786735112326317,1.287527362235982
8f2a00e9f13b367202e4d46a,ILVIS0_applanix_57312_610_LVIS_38614965.013,bias1_unsubtracted,flat_still,converged,accepted,True,9.244383722906342e-11,134,25,274.648636094993,2.3935639215214972e-08,17,30.78303587296093,31.9704850267288,1.0385747903055558
8f2a00e9f13b367202e4d46a,ILVIS0_applanix_57312_610_LVIS_38614965.013,bias1_profiled_removal,sphere_rotating,converged,accepted,True,1.8715897646299383e-05,194,25,420.9011261800042,6.276453452179516e-09,3,0.40531145519123224,9.058642426828637,22.349830755596653
8f2a00e9f13b367202e4d46a,ILVIS0_applanix_57312_610_LVIS_38614965.013,bias1_profiled_removal,sphere_still,converged,accepted,True,2.2999662540582576e-09,138,25,294.72293576199445,9.136131723890249e-09,16,10.707916208044084,13.786735125059879,1.287527363606273
8f2a00e9f13b367202e4d46a,ILVIS0_applanix_57312_610_LVIS_38614965.013,bias1_profiled_removal,flat_still,converged,accepted,True,8.409533775795188e-11,137,25,285.7081634680071,2.3303414585886496e-08,18,30.78303587305456,31.97048502612907,1.0385747902829143
8cc288f5de7e88878c04b7f1,ILVIS0_applanix_57312_610_loaner_17Oct15LVIS.013,bias1_unsubtracted,sphere_rotating,unresolved,evaluation_limit,True,5.203633353130084e-06,200,25,524.8313613600039,7.977808417785919e-09,2,1.0257871449578326,2.8840445154687284,2.811542852379266
8cc288f5de7e88878c04b7f1,ILVIS0_applanix_57312_610_loaner_17Oct15LVIS.013,bias1_unsubtracted,sphere_still,converged,accepted,True,5.92972654816298e-11,190,25,493.67528307798784,1.1201888696078434e-08,13,15.709742529420245,16.007019375855123,1.0189230883878686
8cc288f5de7e88878c04b7f1,ILVIS0_applanix_57312_610_loaner_17Oct15LVIS.013,bias1_unsubtracted,flat_still,converged,accepted,True,4.562108917076416e-07,127,25,321.3481826809875,1.8979667993309272e-08,14,44.106838317848116,44.177485127319336,1.0016017200997749
8cc288f5de7e88878c04b7f1,ILVIS0_applanix_57312_610_loaner_17Oct15LVIS.013,bias1_profiled_removal,sphere_rotating,unresolved,evaluation_limit,False,0.0002661030610279255,200,25,525.9674035240023,7.914723333595877e-09,3,1.0296716492142717,2.8960271846602286,2.8125734906561206
8cc288f5de7e88878c04b7f1,ILVIS0_applanix_57312_610_loaner_17Oct15LVIS.013,bias1_profiled_removal,sphere_still,unresolved,evaluation_limit,False,0.011403869417271971,200,25,522.9337544269947,9.791187097361176e-09,10,15.986658443109022,16.250799368022324,1.016522585120167
8cc288f5de7e88878c04b7f1,ILVIS0_applanix_57312_610_loaner_17Oct15LVIS.013,bias1_profiled_removal,flat_still,converged,accepted,True,5.542266240230214e-09,145,25,367.3250070840004,3.864985449204176e-09,15,30.731297665570445,30.875052840538018,1.004677810111762
50f24131843071ae9312c082,ILVIS0_applanix_57315_610_DMS_20Oct15DMS.013,bias1_unsubtracted,sphere_rotating,unresolved,evaluation_limit,True,2.787170866681677e-05,199,25,541.962011473006,1.1429806863606894e-08,2,1.045307175463892,1.2273496227891487,1.1741521072449053
50f24131843071ae9312c082,ILVIS0_applanix_57315_610_DMS_20Oct15DMS.013,bias1_unsubtracted,sphere_still,unresolved,evaluation_limit,False,0.0006198869796749938,199,25,539.0157047370012,9.736745147190169e-09,10,13.808305144574303,13.822424954396636,1.001022559226096
50f24131843071ae9312c082,ILVIS0_applanix_57315_610_DMS_20Oct15DMS.013,bias1_unsubtracted,flat_still,converged,accepted,True,6.766682129142703e-10,148,25,387.7130759010033,2.675790586270513e-08,17,43.96369412871287,43.965036169056525,1.000030526105011
50f24131843071ae9312c082,ILVIS0_applanix_57315_610_DMS_20Oct15DMS.013,bias1_profiled_removal,sphere_rotating,unresolved,evaluation_limit,False,0.00012096987824760463,200,25,546.1168747280026,8.292650859248283e-09,2,1.0574021432425902,1.241693739121859,1.1742871404763064
50f24131843071ae9312c082,ILVIS0_applanix_57315_610_DMS_20Oct15DMS.013,bias1_profiled_removal,sphere_still,unresolved,evaluation_limit,False,0.004452032956250366,200,25,544.4612326130009,9.733499309035447e-09,11,13.843930597704908,13.858166074641428,1.0010282828880173
50f24131843071ae9312c082,ILVIS0_applanix_57315_610_DMS_20Oct15DMS.013,bias1_profiled_removal,flat_still,converged,accepted,True,2.3458255490797438e-11,166,25,435.70442828099476,8.261581027346108e-09,17,24.792799422192168,24.79791812804706,1.0002064593742612
be1d75a0e47ff1c972865ba7,ILVIS0_applanix_57315_610_LVIS_38614965.013,bias1_unsubtracted,sphere_rotating,converged,accepted,True,5.608610640657081e-09,178,21,380.9648531880084,9.33342046571452e-09,2,0.18551014610287678,8.755012869974179,47.19425354297864
be1d75a0e47ff1c972865ba7,ILVIS0_applanix_57315_610_LVIS_38614965.013,bias1_unsubtracted,sphere_still,converged,accepted,True,3.0545466800511666e-09,136,25,289.4075788110058,9.835900366712129e-09,15,72.92291089455787,73.42094070620027,1.0068295382827288
be1d75a0e47ff1c972865ba7,ILVIS0_applanix_57315_610_LVIS_38614965.013,bias1_unsubtracted,flat_still,unresolved,evaluation_limit,True,2.685404929516962e-06,199,25,415.2510356540006,2.2605615499664504e-08,12,19.903833887275955,21.528069355081108,1.0816041510898806
be1d75a0e47ff1c972865ba7,ILVIS0_applanix_57315_610_LVIS_38614965.013,bias1_profiled_removal,sphere_rotating,converged,accepted,True,6.893455553520726e-05,184,21,393.53581785400456,8.599243963053917e-09,2,0.1839992376210845,8.75483249403726,47.58080852523077
be1d75a0e47ff1c972865ba7,ILVIS0_applanix_57315_610_LVIS_38614965.013,bias1_profiled_removal,sphere_still,converged,accepted,True,2.345845860868364e-07,159,25,342.80791237100493,6.63582911676885e-09,16,72.92291017538521,73.42089762269022,1.006828957403199
be1d75a0e47ff1c972865ba7,ILVIS0_applanix_57315_610_LVIS_38614965.013,bias1_profiled_removal,flat_still,unresolved,evaluation_limit,True,3.696478379993608e-09,200,25,414.5512732119969,2.1720457941205622e-08,14,19.90217575881919,21.555630324902047,1.08307908573012
61e1b08da0912019eb521cd9,ILVIS0_applanix_57315_610_loaner_20Oct15LVIS.013,bias1_unsubtracted,sphere_rotating,converged,accepted,True,1.343882985324428e-05,171,17,451.55574382899795,3.0352882765351247e-08,2,0.3526801381065564,2.526331718111045,7.163237861009787
61e1b08da0912019eb521cd9,ILVIS0_applanix_57315_610_loaner_20Oct15LVIS.013,bias1_unsubtracted,sphere_still,unresolved,evaluation_limit,True,3.0680381453834415e-06,199,25,522.6206337619951,1.152115926713625e-08,14,20.634456334677832,20.798496907074636,1.007949837385399
61e1b08da0912019eb521cd9,ILVIS0_applanix_57315_610_loaner_20Oct15LVIS.013,bias1_unsubtracted,flat_still,converged,accepted,True,9.653227176996471e-07,139,25,356.4275032400037,2.245654863110167e-08,17,50.71351208024413,50.75604583857817,1.0008387066205695
61e1b08da0912019eb521cd9,ILVIS0_applanix_57315_610_loaner_20Oct15LVIS.013,bias1_profiled_removal,sphere_rotating,unresolved,evaluation_limit,True,1.7131284329861803e-07,200,17,533.4215198930033,1.1719162230139428e-08,2,0.3527321476150717,2.5263225454995535,7.1621556543138505
61e1b08da0912019eb521cd9,ILVIS0_applanix_57315_610_loaner_20Oct15LVIS.013,bias1_profiled_removal,sphere_still,unresolved,evaluation_limit,True,6.598753541357325e-08,200,25,525.5421767499938,1.4727582274047052e-08,15,14.86396724858814,15.05629872098805,1.0129394440382784
61e1b08da0912019eb521cd9,ILVIS0_applanix_57315_610_loaner_20Oct15LVIS.013,bias1_profiled_removal,flat_still,unresolved,evaluation_limit,True,5.012110012975911e-05,200,25,510.4658899269998,8.837919470152599e-09,13,24.842405094278856,24.949010323889553,1.004291260415653
ec6effbf9b2172b1389afc96,ILVIS0_applanix_57317_610_DMS_21Oct15DMS.013,bias1_unsubtracted,sphere_rotating,converged,accepted,True,4.508426770890207e-09,161,25,293.32475747700664,4.379261483582549e-08,3,0.12062302683475377,0.25480055348961195,2.1123707485692034
ec6effbf9b2172b1389afc96,ILVIS0_applanix_57317_610_DMS_21Oct15DMS.013,bias1_unsubtracted,sphere_still,converged,accepted,True,4.0471787412778733e-10,122,25,218.76038086200424,4.497379165870873e-08,15,42.13442563998664,42.13731093918719,1.0000684784272416
ec6effbf9b2172b1389afc96,ILVIS0_applanix_57317_610_DMS_21Oct15DMS.013,bias1_unsubtracted,flat_still,converged,accepted,True,3.076938753328061e-08,122,25,212.04219210600422,5.573775925395915e-08,13,58.921419559693604,58.9220232011817,1.000010244856499
ec6effbf9b2172b1389afc96,ILVIS0_applanix_57317_610_DMS_21Oct15DMS.013,bias1_profiled_removal,sphere_rotating,converged,accepted,True,5.813153585696485e-09,132,25,238.2730828030035,3.89725439460613e-08,3,0.11807801643629416,0.2520045309142914,2.1342205646743206
ec6effbf9b2172b1389afc96,ILVIS0_applanix_57317_610_DMS_21Oct15DMS.013,bias1_profiled_removal,sphere_still,converged,accepted,True,1.3913818101283863e-06,124,25,223.5130818339967,3.7179382151793903e-08,16,42.13442562007959,42.137310913358554,1.0000684782867335
ec6effbf9b2172b1389afc96,ILVIS0_applanix_57317_610_DMS_21Oct15DMS.013,bias1_profiled_removal,flat_still,converged,accepted,True,8.328460386449102e-11,125,25,218.7407978620031,4.414377858874065e-08,13,58.287959135550125,58.28867505575661,1.0000122824716648
c69d0a93113d86b5264f92eb,ILVIS0_applanix_57317_610_LVIS_38614965.013,bias1_unsubtracted,sphere_rotating,converged,accepted,True,1.7051406431686727e-05,127,19,267.33303275900835,2.040572713151266e-08,3,0.23574719349090056,8.64926964459616,36.68874914911768
c69d0a93113d86b5264f92eb,ILVIS0_applanix_57317_610_LVIS_38614965.013,bias1_unsubtracted,sphere_still,converged,accepted,True,5.438968334728492e-08,120,25,250.38586236300762,2.953178608735635e-08,15,80.72888465741158,80.96142803842287,1.002880547427332
c69d0a93113d86b5264f92eb,ILVIS0_applanix_57317_610_LVIS_38614965.013,bias1_unsubtracted,flat_still,converged,accepted,True,1.4003980933185246e-06,162,25,331.1507110490056,1.6229750604867687e-08,14,19.87673096956802,21.3363676814857,1.073434445239131
c69d0a93113d86b5264f92eb,ILVIS0_applanix_57317_610_LVIS_38614965.013,bias1_profiled_removal,sphere_rotating,converged,accepted,True,4.083427323417944e-09,161,19,341.6334565970028,2.0381900713692426e-08,4,0.23572935755395616,8.649231306997132,36.69136248766727
c69d0a93113d86b5264f92eb,ILVIS0_applanix_57317_610_LVIS_38614965.013,bias1_profiled_removal,sphere_still,converged,accepted,True,7.5534737701793255e-06,107,25,223.7219394989952,2.7295481813358062e-08,16,80.7283832314979,80.96089588388648,1.0028801846770772
c69d0a93113d86b5264f92eb,ILVIS0_applanix_57317_610_LVIS_38614965.013,bias1_profiled_removal,flat_still,converged,accepted,True,6.194388650228997e-09,161,25,329.4568808019976,1.408215760992983e-08,15,19.876729929571493,21.336366427832473,1.073434438332304
370cec66878c4c1cf84b4ceb,ILVIS0_applanix_57320_610_DMS_25Oct15DMS.013,bias1_unsubtracted,sphere_rotating,converged,accepted,True,4.28829710852585e-05,167,25,453.38793417999113,1.468712982757836e-08,4,0.9232204909290783,1.6472684678888776,1.7842633304544153
370cec66878c4c1cf84b4ceb,ILVIS0_applanix_57320_610_DMS_25Oct15DMS.013,bias1_unsubtracted,sphere_still,unresolved,evaluation_limit,False,0.0005939052848280895,199,25,537.7476429420058,9.252494056788006e-09,12,10.604959286728148,10.678583469362657,1.0069424295411156
370cec66878c4c1cf84b4ceb,ILVIS0_applanix_57320_610_DMS_25Oct15DMS.013,bias1_unsubtracted,flat_still,unresolved,evaluation_limit,True,4.3977560525168793e-07,200,25,524.7016744950088,3.6059519897854966e-08,15,32.65973010410609,32.67851683242176,1.0005752260736933
370cec66878c4c1cf84b4ceb,ILVIS0_applanix_57320_610_DMS_25Oct15DMS.013,bias1_profiled_removal,sphere_rotating,unresolved,evaluation_limit,False,0.00033837457491758604,200,25,547.4950510890048,3.996101533538686e-09,5,0.9249474603044304,1.6512000055199305,1.7851824848261832
370cec66878c4c1cf84b4ceb,ILVIS0_applanix_57320_610_DMS_25Oct15DMS.013,bias1_profiled_removal,sphere_still,unresolved,evaluation_limit,False,0.00032526840745101377,200,25,539.9100817959988,6.349842844972236e-09,13,10.632006339511351,10.710110743274395,1.0073461585018801
370cec66878c4c1cf84b4ceb,ILVIS0_applanix_57320_610_DMS_25Oct15DMS.013,bias1_profiled_removal,flat_still,converged,accepted,True,3.178953338944016e-07,173,25,454.27148908999516,8.56327866631047e-09,15,23.527831141935103,23.561650312201067,1.0014374112965172
b4e44ddc0f130ecd45674c78,ILVIS0_applanix_57320_610_LVIS_38614965.013,bias1_unsubtracted,sphere_rotating,converged,accepted,True,7.39636750065965e-05,178,25,380.51506063000124,6.925758291815906e-09,2,0.5656373808749583,9.233752691433697,16.324509312221252
b4e44ddc0f130ecd45674c78,ILVIS0_applanix_57320_610_LVIS_38614965.013,bias1_unsubtracted,sphere_still,converged,accepted,True,8.496270246964683e-07,184,25,390.95499971600657,5.82304764845172e-09,13,12.906492818475444,15.818470596119615,1.2256211519736577
b4e44ddc0f130ecd45674c78,ILVIS0_applanix_57320_610_LVIS_38614965.013,bias1_unsubtracted,flat_still,converged,accepted,True,6.372270109375607e-10,177,25,364.91421846099547,3.318484443589841e-08,16,33.142009098835146,34.27819767766942,1.0342824291504467
b4e44ddc0f130ecd45674c78,ILVIS0_applanix_57320_610_LVIS_38614965.013,bias1_profiled_removal,sphere_rotating,unresolved,evaluation_limit,True,5.164563781285374e-06,200,25,428.18747385099414,5.57065320062944e-09,3,0.5685794517595718,9.262035838358525,16.28978291370798
b4e44ddc0f130ecd45674c78,ILVIS0_applanix_57320_610_LVIS_38614965.013,bias1_profiled_removal,sphere_still,converged,accepted,True,1.5674864161078998e-05,200,25,425.57973239399143,5.028284897759776e-09,14,12.906427490976915,15.818291945787388,1.2256135136424238
b4e44ddc0f130ecd45674c78,ILVIS0_applanix_57320_610_LVIS_38614965.013,bias1_profiled_removal,flat_still,converged,accepted,True,9.270328632084568e-10,196,25,402.81838442600565,9.06310820452562e-09,17,23.266133009086793,25.05522704912571,1.0768969230658214
2eb8727803b318a39937e7ec,ILVIS0_applanix_57320_610_loaner_25Oct15LVIS.013,bias1_unsubtracted,sphere_rotating,unresolved,evaluation_limit,False,0.00039705355098145807,200,25,533.4202344819932,1.6409533827966265e-08,2,0.7285021188831668,3.0459766748070525,4.181150055509378
2eb8727803b318a39937e7ec,ILVIS0_applanix_57320_610_loaner_25Oct15LVIS.013,bias1_unsubtracted,sphere_still,converged,accepted,True,4.071510291356751e-05,198,25,518.6235723540012,1.4741472661081857e-08,13,6.01565482816715,6.690524792153754,1.1121856195649151
2eb8727803b318a39937e7ec,ILVIS0_applanix_57320_610_loaner_25Oct15LVIS.013,bias1_unsubtracted,flat_still,unresolved,evaluation_limit,False,0.001357667470293721,200,25,511.1498991709959,2.2583017675478097e-08,15,44.93657519725125,45.0050526760802,1.0015238695545523
2eb8727803b318a39937e7ec,ILVIS0_applanix_57320_610_loaner_25Oct15LVIS.013,bias1_profiled_removal,sphere_rotating,unresolved,evaluation_limit,False,0.02331102380711478,200,25,529.977938512995,1.1518345517965672e-08,3,0.6733594516267958,2.9825160954359062,4.429307538834314
2eb8727803b318a39937e7ec,ILVIS0_applanix_57320_610_loaner_25Oct15LVIS.013,bias1_profiled_removal,sphere_still,unresolved,evaluation_limit,True,2.9858893916045655e-05,200,25,525.8710278750077,1.4669764588228973e-08,14,6.013875828250767,6.6723820627710095,1.1094978102851485
2eb8727803b318a39937e7ec,ILVIS0_applanix_57320_610_loaner_25Oct15LVIS.013,bias1_profiled_removal,flat_still,unresolved,evaluation_limit,False,0.0006799068143629627,200,25,511.5787387409946,7.961672466372296e-09,11,13.004711397438935,13.367913177967228,1.027928476798018
2a56eb8fa7d4e10c9a867bb0,ILVIS0_applanix_57322_610_DMS_27Oct15bDMS.013,bias1_unsubtracted,sphere_rotating,converged,accepted,True,9.204781588202327e-05,157,25,419.60948171201744,1.4804353806411063e-08,2,1.1810253422567953,2.0150141880995482,1.706156604776238
2a56eb8fa7d4e10c9a867bb0,ILVIS0_applanix_57322_610_DMS_27Oct15bDMS.013,bias1_unsubtracted,sphere_still,converged,accepted,True,3.834452141993159e-06,169,25,450.5752934580087,7.428150486948177e-09,13,20.28141334601687,20.362055976251813,1.0039761839502561
2a56eb8fa7d4e10c9a867bb0,ILVIS0_applanix_57322_610_DMS_27Oct15bDMS.013,bias1_unsubtracted,flat_still,unresolved,evaluation_limit,False,0.0015946503852148357,200,25,518.8104372880189,3.267249601781083e-08,14,59.80174823774371,59.814044762191244,1.000205621487831
2a56eb8fa7d4e10c9a867bb0,ILVIS0_applanix_57322_610_DMS_27Oct15bDMS.013,bias1_profiled_removal,sphere_rotating,unresolved,evaluation_limit,False,0.00019948041285137855,200,25,541.9711479649995,4.470747464371651e-09,2,1.1757973958604515,2.005485416758909,1.7056385937062648
2a56eb8fa7d4e10c9a867bb0,ILVIS0_applanix_57322_610_DMS_27Oct15bDMS.013,bias1_profiled_removal,sphere_still,unresolved,evaluation_limit,False,0.005015417703277683,200,25,535.4465109580196,7.1710530155489595e-09,9,20.31947393641703,20.352777329553742,1.001638988944346
2a56eb8fa7d4e10c9a867bb0,ILVIS0_applanix_57322_610_DMS_27Oct15bDMS.013,bias1_profiled_removal,flat_still,unresolved,evaluation_limit,False,0.0014080583127202638,200,25,520.1606933769945,6.774775982835543e-09,14,43.419915771776296,43.45217890483019,1.0007430491856197
f5c1fca513b9b40dffba93eb,ILVIS0_applanix_57322_610_LVIS_38614965.013,bias1_unsubtracted,sphere_rotating,unresolved,evaluation_limit,True,4.789841283060466e-05,199,25,265.33288788000937,2.6993008301766477e-08,2,0.08549481253776946,3.619912042397117,42.34072144199312
f5c1fca513b9b40dffba93eb,ILVIS0_applanix_57322_610_LVIS_38614965.013,bias1_unsubtracted,sphere_still,converged,accepted,True,5.354913598699555e-08,84,25,109.62732079997659,2.6531762725616782e-08,16,11.490162330593035,11.87938431189464,1.0338743674895945
f5c1fca513b9b40dffba93eb,ILVIS0_applanix_57322_610_LVIS_38614965.013,bias1_unsubtracted,flat_still,converged,accepted,True,5.16841288200603e-11,129,25,164.744350390014,1.4097928206881511e-08,15,6.667766331055511,7.851875200265635,1.1775870374603663
f5c1fca513b9b40dffba93eb,ILVIS0_applanix_57322_610_LVIS_38614965.013,bias1_profiled_removal,sphere_rotating,unresolved,stationarity_failure,False,0.0003209760665986181,140,25,186.46846597499098,2.352911008052376e-08,3,0.08468595162489669,3.617840844111707,42.72067296517341
f5c1fca513b9b40dffba93eb,ILVIS0_applanix_57322_610_LVIS_38614965.013,bias1_profiled_removal,sphere_still,converged,accepted,True,7.637024692830198e-08,92,25,119.83920794201549,2.0066207504462898e-08,17,11.490167439831614,11.879388909169965,1.0338743078703172
f5c1fca513b9b40dffba93eb,ILVIS0_applanix_57322_610_LVIS_38614965.013,bias1_profiled_removal,flat_still,converged,accepted,True,1.195395369378988e-07,197,25,254.41858122000122,1.8099838583094382e-08,11,1.9173128983621028,4.28666731815323,2.2357682576564257
013fdb894ff28509889a8896,ILVIS0_applanix_57322_610_loaner_27Oct15bLVIS.013,bias1_unsubtracted,sphere_rotating,unresolved,evaluation_limit,True,1.9352255966011573e-06,199,25,527.8306888749939,1.0425357444706264e-08,2,1.1416803490765925,3.49400134143451,3.0604024535068053
013fdb894ff28509889a8896,ILVIS0_applanix_57322_610_loaner_27Oct15bLVIS.013,bias1_unsubtracted,sphere_still,unresolved,evaluation_limit,False,0.011362929172088818,199,25,521.1670163689996,1.0530745334056095e-08,11,17.55170405267442,17.84541062191701,1.0167337922495245
013fdb894ff28509889a8896,ILVIS0_applanix_57322_610_loaner_27Oct15bLVIS.013,bias1_unsubtracted,flat_still,unresolved,evaluation_limit,False,0.001637737451333356,200,25,508.00408416902064,2.9479480186417598e-08,14,53.89908141535233,53.967337075423785,1.001266360358639
013fdb894ff28509889a8896,ILVIS0_applanix_57322_610_loaner_27Oct15bLVIS.013,bias1_profiled_removal,sphere_rotating,unresolved,stationarity_failure,False,0.000124913318348056,197,25,520.1289765409892,7.58995074329789e-09,3,1.1452314379257176,3.504235408219988,3.05984912059957
013fdb894ff28509889a8896,ILVIS0_applanix_57322_610_loaner_27Oct15bLVIS.013,bias1_profiled_removal,sphere_still,unresolved,evaluation_limit,False,0.003222965144867399,200,25,522.2157728339953,8.125683972397469e-09,13,17.41718945042328,17.709796391830903,1.0167998942791836
013fdb894ff28509889a8896,ILVIS0_applanix_57322_610_loaner_27Oct15bLVIS.013,bias1_profiled_removal,flat_still,unresolved,evaluation_limit,True,7.891008161322193e-05,200,25,507.62911424099,8.00585108952363e-09,14,37.67880348578947,37.810336566389175,1.0034909038618838
5a642167dfb523f6c9cc284c,ILVIS0_applanix_57324_610_DMS_29Oct15DMS.013,bias1_unsubtracted,sphere_rotating,unresolved,stationarity_failure,False,0.00014548447762116246,72,25,192.27338840899756,2.403639785272256e-08,3,0.907101755093499,1.3945813439258474,1.5374034237009075
5a642167dfb523f6c9cc284c,ILVIS0_applanix_57324_610_DMS_29Oct15DMS.013,bias1_unsubtracted,sphere_still,converged,accepted,True,9.954358175345487e-08,107,25,288.6083134849905,2.5124638801939764e-08,16,87.88420262607424,87.89183555901599,1.000086852161295
5a642167dfb523f6c9cc284c,ILVIS0_applanix_57324_610_DMS_29Oct15DMS.013,bias1_unsubtracted,flat_still,converged,accepted,True,7.758066140766527e-11,154,25,404.7152514010086,6.54072854703114e-08,17,45.74148000426406,45.74064979342281,0.9999818499348693
5a642167dfb523f6c9cc284c,ILVIS0_applanix_57324_610_DMS_29Oct15DMS.013,bias1_profiled_removal,sphere_rotating,converged,accepted,True,6.927177877479932e-05,136,25,369.4322229649988,2.1528995059406658e-08,2,0.9199731193830554,1.405869256848733,1.5281634074173007
5a642167dfb523f6c9cc284c,ILVIS0_applanix_57324_610_DMS_29Oct15DMS.013,bias1_profiled_removal,sphere_still,converged,accepted,True,1.618043499221574e-10,95,25,252.82776348598418,2.296132036319177e-08,17,87.88420301769204,87.89183661332312,1.0000868597013908
5a642167dfb523f6c9cc284c,ILVIS0_applanix_57324_610_DMS_29Oct15DMS.013,bias1_profiled_removal,flat_still,converged,accepted,True,8.531656234797887e-11,154,25,405.00316721000127,6.344139377751717e-08,18,45.74148000447042,45.740649793835246,0.9999818499393747
c028fde63f91c3f1067df4ad,ILVIS0_applanix_57324_610_LVIS_38614965.013,bias1_unsubtracted,sphere_rotating,converged,accepted,True,2.0118276460503544e-05,178,25,308.1219508119975,3.067700638352553e-08,3,0.44182973306746925,6.03512829382868,13.659398275278795
c028fde63f91c3f1067df4ad,ILVIS0_applanix_57324_610_LVIS_38614965.013,bias1_unsubtracted,sphere_still,converged,accepted,True,1.4448414277662046e-06,127,25,217.11050171000534,3.0528736782873064e-08,16,17.167030748419915,18.21012375274023,1.0607614106135579
c028fde63f91c3f1067df4ad,ILVIS0_applanix_57324_610_LVIS_38614965.013,bias1_unsubtracted,flat_still,converged,accepted,True,2.9013563940184606e-10,171,25,283.9776382270211,2.789861866883029e-08,16,16.075245058693667,17.16946383728876,1.0680685597388966
c028fde63f91c3f1067df4ad,ILVIS0_applanix_57324_610_LVIS_38614965.013,bias1_profiled_removal,sphere_rotating,converged,accepted,True,7.584214527795097e-05,172,25,301.11334876401816,2.9619843822664143e-08,4,0.4419937546143176,6.036602435613241,13.657664554289374
c028fde63f91c3f1067df4ad,ILVIS0_applanix_57324_610_LVIS_38614965.013,bias1_profiled_removal,sphere_still,converged,accepted,True,4.1685362663730066e-07,111,25,191.0742567340203,2.752131461504446e-08,17,17.167033383165766,18.210166584778293,1.0607637428278922
c028fde63f91c3f1067df4ad,ILVIS0_applanix_57324_610_LVIS_38614965.013,bias1_profiled_removal,flat_still,converged,accepted,True,6.000208306189155e-07,180,25,301.1211206649896,2.764730089842291e-08,17,16.07524478425914,17.169448129928856,1.0680676008580072
7ee5e21c025360c970124eeb,ILVIS0_applanix_57324_610_loaner_29Oct15LVIS.013,bias1_unsubtracted,sphere_rotating,unresolved,evaluation_limit,False,0.002076224084855281,199,25,523.8049893850111,2.2641249623519436e-08,1,0.721605320591318,4.126117028227412,5.717969242308627
7ee5e21c025360c970124eeb,ILVIS0_applanix_57324_610_loaner_29Oct15LVIS.013,bias1_unsubtracted,sphere_still,converged,accepted,True,2.483443397933171e-09,71,25,181.21663651498966,3.5658373586842164e-08,16,90.16114078041694,90.23703401923456,1.000841751093217
7ee5e21c025360c970124eeb,ILVIS0_applanix_57324_610_loaner_29Oct15LVIS.013,bias1_unsubtracted,flat_still,converged,accepted,True,2.998458983088404e-11,121,25,303.84854295800324,6.615226518525482e-08,17,59.79126562415519,59.861853609528865,1.0011805735275348
7ee5e21c025360c970124eeb,ILVIS0_applanix_57324_610_loaner_29Oct15LVIS.013,bias1_profiled_removal,sphere_rotating,unresolved,evaluation_limit,False,0.0059570408221031644,200,25,529.0610163579986,2.2564427498324468e-08,1,0.7181843119180235,4.115134853786861,5.7299147106078525
7ee5e21c025360c970124eeb,ILVIS0_applanix_57324_610_loaner_29Oct15LVIS.013,bias1_profiled_removal,sphere_still,converged,accepted,True,2.0945879166752556e-08,78,25,201.51983924000524,2.791130338302546e-08,17,90.16114183054142,90.23703510754378,1.0008417515069297
7ee5e21c025360c970124eeb,ILVIS0_applanix_57324_610_loaner_29Oct15LVIS.013,bias1_profiled_removal,flat_still,converged,accepted,True,5.56603993477661e-10,124,25,313.598129090009,3.850543266509471e-08,18,59.79126562695463,59.861853611055295,1.0011805735061885
