segment_id,task,state,shape_preference,rotation_withheld,reason
b365bdf39150ee6afc303ac1,ff36ab86ea03f8c2c49b,fitted,unresolved,True,
034547522e2d98947b598466,26677dfea3fbb0fb60fe,fitted,unresolved,True,
3df34ea39a6cbdbe15bb0f36,683ac516120685564714,fitted,unresolved,True,
233183f67270980491416678,ad2d5717b2c1c2ed3589,fitted,unresolved,True,
c16df82d514fc69d11d941d2,b78faf2349870ed2ddb8,fitted,unresolved,True,
fad74da3a09951b31e882472,60b015c2680f835a1882,fitted,unresolved,True,
0e73879f98c3b701fd7c42df,28efd95656987f7d215a,fitted,unresolved,True,
fd7b81e48a4122b149c4925b,b97d0866606fd64f4e2e,fitted,unresolved,True,
7024120d59221e8eaf127084,c2e72777d4aa69a7f197,fitted,globe,False,
b4ab6e128de963c2ce69aa51,e8ef81c896d08e296383,fitted,unresolved,True,
7df21c836bec5751f83c0cce,397f6c3a7f6f34592195,fitted,unresolved,True,
bb8061a43b4f14b6262ceda1,739867a871b2c6dc77f4,fitted,unresolved,True,
48c1bfe2f1aeb31c9386841d,30b98b4d421c7e9d0292,fitted,unresolved,True,
8bf60391909fe8988c23621a,187a21019bce7b34a04c,fitted,unresolved,True,
2791235ca0b11b1ef4386e21,12fbcbce3c7f52a3eae7,fitted,unresolved,True,
2f7e37c48f3b4423c55662dd,25e8081705aa69d3cd6f,fitted,globe,False,
d9d91c8edba5721931856fc9,4876a722de50db44fd7a,fitted,unresolved,True,
da346f70a6661ee42cecea19,9b7d1be2c57168d942d1,fitted,unresolved,True,
e6629f14d2e03e471a446e06,8fb44931da423fbde3ef,fitted,unresolved,True,
f7677e15295077fd8cfd3089,3223697e5fe287b1d443,fitted,globe,False,
abe881b5c87cc878226a9aef,95a01583566d1a9e080b,fitted,globe,False,
01177d345ecb28bcfdcc6a4f,67027d0caf3ed8e14c5f,fitted,unresolved,True,
dac266ab5c198050d25b17f6,c1ef32dccf7f02f2fba6,fitted,unresolved,True,
f50ff54d2e6175d2e8277823,439cd3a0feb0625b60ac,fitted,unresolved,True,
4fad619380ea429cbf6cbcc9,adfd80e2038861ee52fa,fitted,unresolved,True,
d4e793dd58b79bf4d95c692b,a4d367c39b7334fa38b8,fitted,unresolved,True,
570b37d23af5e245dd461051,a0534d9c30195543709c,fitted,globe,False,
8dacbcf9f1e2774318723460,81c18746e768f992c6e7,fitted,globe,False,
a953c8ddf4fae255674de128,b763a84552420e8c1d8d,fitted,unresolved,True,
711e7aade97a54f71ac5d9c5,448e008466fda5ad79ea,fitted,globe,False,
31d7e5019dfdc9e2e6387206,b5b356504236479c028d,fitted,globe,False,
f66ab49757292bc3c396aba2,aa95315f0205d7f900d9,fitted,unresolved,True,
e543e7b6e878b96a1966dbb6,41cf7c4dcca04dce0678,fitted,unresolved,True,
9f4d888995ab94bb8eff4df6,05b6350e07c1b6ff24ad,fitted,unresolved,True,
705de394963c8be15c580512,ed4db68c327edbb1e892,fitted,unresolved,True,
74ec8f62cb621604ddcdde9c,a5c9a343b38c34d42251,fitted,unresolved,True,
a6e658d1550299e4eb9f00a3,a39b228a8a59800afdfd,fitted,unresolved,True,
8f2a00e9f13b367202e4d46a,b2e4d9044f4718247f16,fitted,globe,False,
8cc288f5de7e88878c04b7f1,d2a076353a8123f2d047,fitted,unresolved,True,
50f24131843071ae9312c082,1c071fb7315904ebaad9,fitted,unresolved,True,
be1d75a0e47ff1c972865ba7,a869222776a6ad61940f,fitted,unresolved,True,
61e1b08da0912019eb521cd9,151ef3a56cffa6acc330,fitted,unresolved,True,
ec6effbf9b2172b1389afc96,cc3e726ffb0436c0f9d8,fitted,globe,False,
c69d0a93113d86b5264f92eb,64e033ebd4066f692c7d,fitted,globe,False,
370cec66878c4c1cf84b4ceb,ea628c825891d2237361,fitted,unresolved,True,
b4e44ddc0f130ecd45674c78,cd8e05202eb41b83eb26,fitted,unresolved,True,
2eb8727803b318a39937e7ec,65bd45977b48b7d8272a,fitted,unresolved,True,
2a56eb8fa7d4e10c9a867bb0,e107412e6b64dace9bc0,fitted,unresolved,True,
f5c1fca513b9b40dffba93eb,b8a39f615741686e805a,fitted,unresolved,True,
013fdb894ff28509889a8896,9641dfee9ad7cc1aa89e,fitted,unresolved,True,
5a642167dfb523f6c9cc284c,f50467521369a9e0579e,fitted,unresolved,True,
c028fde63f91c3f1067df4ad,2cde8478531840037384,fitted,globe,False,
7ee5e21c025360c970124eeb,4849e6ea97a36558b5ac,fitted,unresolved,True,
