segment_id,filename,imu_type,duration_min,median_speed_kmh,converged_fits,stationarity_passing_fits,stationary_but_incomplete,conditional_shape_preference,elapsed_s
b365bdf39150ee6afc303ac1,ILVIS0_applanix_55124_Ames_510-20oct09_20Oct09.013,8,9.75064809965746,849.11,0,1,False,unresolved,3462.5984111230027
034547522e2d98947b598466,ILVIS0_applanix_55124_Ames_610-20Oct09_20Oct09.013,21,10.799213960224977,848.71,1,1,False,unresolved,3873.8136654250084
3df34ea39a6cbdbe15bb0f36,ILVIS0_applanix_55128_Ames_510-24Oct09_24Oct09.013,8,11.134066119215762,858.045,4,4,False,unresolved,2920.2774435429965
233183f67270980491416678,ILVIS0_applanix_55128_Ames_610-24Oct09_24Oct09.013,21,11.099990928931705,858.12,2,6,True,unresolved,3022.3924534550133
c16df82d514fc69d11d941d2,ILVIS0_applanix_55129_610-25Oct09_25Oct09.013,21,10.79999446964163,843.105,4,4,False,unresolved,3260.932193059998
fad74da3a09951b31e882472,ILVIS0_applanix_55131_610-27Oct09_27Oct09.013,21,5.533331489630897,790.305,0,2,False,unresolved,2105.275283370989
0e73879f98c3b701fd7c42df,ILVIS0_applanix_55133_610-29Oct09_29Oct09.013,21,11.149990011023085,837.66,2,2,False,unresolved,3769.5897981439994
fd7b81e48a4122b149c4925b,ILVIS0_applanix_55140_610-05Nov09_05Nov09.013,21,5.8999951106690185,737.0799999999999,4,4,False,unresolved,1203.3275195620008
7024120d59221e8eaf127084,ILVIS0_applanix_55277_20100322_610_AMES_08Dec09.013,21,7.26667667642032,820.7199999999999,6,6,False,globe,1305.6728103659989
b4ab6e128de963c2ce69aa51,ILVIS0_applanix_55284_20100329_610_AMES_29Mar100329_103936.013,21,6.883338008954403,863.24,4,4,False,unresolved,2118.3186100120074
7df21c836bec5751f83c0cce,ILVIS0_applanix_55295_20100409_610_LVIS_09Apr10.013,21,4.066670403933191,841.7449999999999,0,2,False,unresolved,1428.717536266995
bb8061a43b4f14b6262ceda1,ILVIS0_applanix_55300_20100414_Ames610_14Apr10.013,21,6.3999866651177095,794.36,0,2,False,unresolved,2116.900015213003
48c1bfe2f1aeb31c9386841d,ILVIS0_applanix_55842_610_LVIS.013,21,7.1,904.53,2,6,True,unresolved,2449.270124734001
8bf60391909fe8988c23621a,ILVIS0_applanix_55844_610_LVIS.013,21,6.279522308732461,796.38,3,3,False,unresolved,2011.639275247995
2791235ca0b11b1ef4386e21,ILVIS0_applanix_55846_610_LVIS.013,21,7.366666666666666,822.45,4,5,False,unresolved,2109.9142086209977
2f7e37c48f3b4423c55662dd,ILVIS0_applanix_57289_610_DMS_24Sept15DMS.013,21,9.416128783317012,755.57,6,6,False,globe,2198.820255072991
d9d91c8edba5721931856fc9,ILVIS0_applanix_57289_610_LVIS_38614965.013,21,7.316666666666666,793.6099999999999,4,6,True,unresolved,2080.710527125986
da346f70a6661ee42cecea19,ILVIS0_applanix_57289_610_loaner_24Sept15LVIS.013,21,9.083333333333334,784.845,3,3,False,unresolved,3065.22648129399
e6629f14d2e03e471a446e06,ILVIS0_applanix_57291_610_DMS_26Sept15DMS.013,21,9.196698599949013,798.32,3,6,True,unresolved,3157.6473602639962
f7677e15295077fd8cfd3089,ILVIS0_applanix_57291_610_LVIS_38614965.013,21,7.316666666666666,825.25,6,6,False,globe,1710.5150509489904
abe881b5c87cc878226a9aef,ILVIS0_applanix_57291_610_loaner_26Sept15LVIS.013,21,8.95,797.815,6,6,False,globe,1833.3478329590143
01177d345ecb28bcfdcc6a4f,ILVIS0_applanix_57294_610_DMS_29Sept15DMS.013,21,8.53168911729784,887.95,2,2,False,unresolved,2482.8150663640117
dac266ab5c198050d25b17f6,ILVIS0_applanix_57294_610_loaner_29Sept15LVIS.013,21,8.883333333333333,887.9,2,3,False,unresolved,3177.868427363006
f50ff54d2e6175d2e8277823,ILVIS0_applanix_57298_610_DMS_03Oct15DMS.013,21,9.132548716668195,894.025,3,4,False,unresolved,2563.618749972011
4fad619380ea429cbf6cbcc9,ILVIS0_applanix_57298_610_LVIS_38614965.013,21,4.706354118646899,915.78,5,5,False,unresolved,1134.2847504240053
d4e793dd58b79bf4d95c692b,ILVIS0_applanix_57298_610_loaner_03Oct15LVIS.013,21,8.883333333333333,895.59,3,3,False,unresolved,2505.9801290590112
570b37d23af5e245dd461051,ILVIS0_applanix_57300_610_LVIS_38614965.013,21,7.3,878.06,6,6,False,globe,2291.41159870899
8dacbcf9f1e2774318723460,ILVIS0_applanix_57300_610_loaner_05Oct15LVIS.013,21,6.443071434787513,847.79,6,6,False,globe,1696.0232848209998
a953c8ddf4fae255674de128,ILVIS0_applanix_57302_610_DMS_07Oct15DMS.013,21,9.081704099941998,854.59,5,5,False,unresolved,2528.6206350069697
711e7aade97a54f71ac5d9c5,ILVIS0_applanix_57302_610_LVIS_38614965.013,21,5.550796642256318,772.62,6,6,False,globe,1339.96284973601
31d7e5019dfdc9e2e6387206,ILVIS0_applanix_57302_610_loaner_07Oct15LVIS.013,21,8.883333333333333,854.2,6,6,False,globe,2501.7556929260027
f66ab49757292bc3c396aba2,ILVIS0_applanix_57305_610_DMS_10Oct15DMS.013,21,9.333333333333334,913.9,4,4,False,unresolved,2272.5667419899837
e543e7b6e878b96a1966dbb6,ILVIS0_applanix_57305_610_LVIS_38614965.013,21,7.083333333333333,823.42,3,4,False,unresolved,2351.0492973450164
9f4d888995ab94bb8eff4df6,ILVIS0_applanix_57305_610_loaner_10Oct15LVIS.013,21,9.2,914.24,2,5,False,unresolved,2470.1013774279854
705de394963c8be15c580512,ILVIS0_applanix_57307_610_DMS_12Oct15DMS.013,21,4.003693282884584,795.93,5,5,False,unresolved,863.1147705830081
74ec8f62cb621604ddcdde9c,ILVIS0_applanix_57307_610_loaner_12Oct15LVIS.013,21,8.583333333333334,828.44,5,5,False,unresolved,2273.96437508901
a6e658d1550299e4eb9f00a3,ILVIS0_applanix_57312_610_DMS_17Oct15DMS.013,21,9.033333333333333,779.11,3,4,False,unresolved,2827.03882130298
8f2a00e9f13b367202e4d46a,ILVIS0_applanix_57312_610_LVIS_38614965.013,21,7.266666666666667,755.46,6,6,False,globe,1877.5870560369804
8cc288f5de7e88878c04b7f1,ILVIS0_applanix_57312_610_loaner_17Oct15LVIS.013,21,8.85,779.105,3,4,False,unresolved,2756.0809921539767
50f24131843071ae9312c082,ILVIS0_applanix_57315_610_DMS_20Oct15DMS.013,21,9.233333333333333,753.84,2,3,False,unresolved,2994.973327733009
be1d75a0e47ff1c972865ba7,ILVIS0_applanix_57315_610_LVIS_38614965.013,21,7.25,761.1450000000001,4,6,True,unresolved,2236.518471090021
61e1b08da0912019eb521cd9,ILVIS0_applanix_57315_610_loaner_20Oct15LVIS.013,21,8.916666666666666,754.095,2,6,True,unresolved,2900.0334674009937
ec6effbf9b2172b1389afc96,ILVIS0_applanix_57317_610_DMS_21Oct15DMS.013,21,6.1769639671217496,824.99,6,6,False,globe,1404.6542929440184
c69d0a93113d86b5264f92eb,ILVIS0_applanix_57317_610_LVIS_38614965.013,21,7.183333333333334,726.545,6,6,False,globe,1743.6818830690172
370cec66878c4c1cf84b4ceb,ILVIS0_applanix_57320_610_DMS_25Oct15DMS.013,21,9.216666666666667,816.905,2,3,False,unresolved,3057.5138735920045
b4e44ddc0f130ecd45674c78,ILVIS0_applanix_57320_610_LVIS_38614965.013,21,7.216666666666667,824.94,5,6,True,unresolved,2392.9698694779945
2eb8727803b318a39937e7ec,ILVIS0_applanix_57320_610_loaner_25Oct15LVIS.013,21,8.966666666666667,823.61,1,2,False,unresolved,3130.6214111359877
2a56eb8fa7d4e10c9a867bb0,ILVIS0_applanix_57322_610_DMS_27Oct15bDMS.013,21,9.133333333333333,834.67,2,2,False,unresolved,2986.5735647580586
f5c1fca513b9b40dffba93eb,ILVIS0_applanix_57322_610_LVIS_38614965.013,21,4.507999993172901,842.84,4,5,False,unresolved,1100.4308142070076
013fdb894ff28509889a8896,ILVIS0_applanix_57322_610_loaner_27Oct15bLVIS.013,21,8.916666666666666,834.495,0,2,False,unresolved,3106.9756530289887
5a642167dfb523f6c9cc284c,ILVIS0_applanix_57324_610_DMS_29Oct15DMS.013,21,9.2,879.91,5,5,False,unresolved,1912.8601069559809
c028fde63f91c3f1067df4ad,ILVIS0_applanix_57324_610_LVIS_38614965.013,21,5.892195471146261,835.035,6,6,False,globe,1602.518816912052
7ee5e21c025360c970124eeb,ILVIS0_applanix_57324_610_loaner_29Oct15LVIS.013,21,8.901859147763268,892.43,4,4,False,unresolved,2053.049153546017
