segment_id,filename,source_sha256,source_bytes,record_type,imu_type,nominal_imu_hz,time_types,mounting_epoch,start_utc,end_utc,duration_min,minimum_speed_kmh,median_speed_kmh,gps_track_km,receiver_epochs,group,conditional_shape_preference,native_packets,physical_conversion_status,angle_scale_rad_per_count,velocity_scale_mps_per_count
b365bdf39150ee6afc303ac1,ILVIS0_applanix_55124_Ames_510-20oct09_20Oct09.013,f39deb582f207574911dd3a16e6c389a8baac76ceace13ec2f13aefdc42341dd,13084516,Applanix Group 4,8,200,33,210101e5d08ec07f6abcbdb81e6d40000000000000000000000000000000000000000000000000000000000000000000000000000000000000000000000000020000,2009-10-20T13:25:32.783556Z,2009-10-20T13:35:17.822442Z,9.75064809965746,841.4,849.11,137.2914976521451,585,unresolved,unresolved,117080,"empirical conditional hypothesis, not scientific promotion",3.814697265625e-06,6.103515625e-05
034547522e2d98947b598466,ILVIS0_applanix_55124_Ames_610-20Oct09_20Oct09.013,1d3907d662c774b03b41bbb3675ac3f49009a663d82c0e28b7d64af756c90dc2,13087936,Applanix Group 4,21,200,33,210101cdccccbe85ebd1be295c3f40000000000000000000000000000000000000000000000000000000000000000000000000000000000000000000000000020000,2009-10-20T13:23:57.047162Z,2009-10-20T13:34:45Z,10.799213960224977,837.56,848.71,151.8008266422962,648,unresolved,unresolved,129669,"empirical conditional hypothesis, not scientific promotion",3.725290298461914e-09,1.453399658203125e-07
3df34ea39a6cbdbe15bb0f36,ILVIS0_applanix_55128_Ames_510-24Oct09_24Oct09.013,5e597ef0cd42c391c2fa032a8392300e69bf40dd0420360eea89c30119a85363,13088992,Applanix Group 4,8,200,33,210101e5d08ec07f6abcbdb81e6d40000000000000000000000000000000000000000000000000000000000000000000000000000000000000000000000000020000,2009-10-24T13:25:51.649791Z,2009-10-24T13:36:59.693758Z,11.134066119215762,851.93,858.045,158.28663437907647,668,unresolved,unresolved,133680,"empirical conditional hypothesis, not scientific promotion",3.814697265625e-06,6.103515625e-05
233183f67270980491416678,ILVIS0_applanix_55128_Ames_610-24Oct09_24Oct09.013,dc223d82d68dd667db8bb628fd67546aa793934754c552982d363da54b9380de,13087400,Applanix Group 4,21,200,33,210101cdccccbe85ebd1be295c3f40000000000000000000000000000000000000000000000000000000000000000000000000000000000000000000000000020000,2009-10-24T13:25:59.003646Z,2009-10-24T13:37:05.003101Z,11.099990928931705,851.96,858.12,157.8284724539947,666,unresolved,unresolved,133278,"empirical conditional hypothesis, not scientific promotion",3.725290298461914e-09,1.453399658203125e-07
c16df82d514fc69d11d941d2,ILVIS0_applanix_55129_610-25Oct09_25Oct09.013,3dcdb5ccd9cd16ac5a653663b0352791a8da1eee1af70005894a70d60b99129d,13081448,Applanix Group 4,21,200,33,210101cdccccbe85ebd1be295c3f40000000000000000000000000000000000000000000000000000000000000000000000000000000000000000000000000020000,2009-10-25T14:57:57.272991Z,2009-10-25T15:08:45.272659Z,10.79999446964163,839.75,843.105,151.10563893049505,648,unresolved,unresolved,129679,"empirical conditional hypothesis, not scientific promotion",3.725290298461914e-09,1.453399658203125e-07
fad74da3a09951b31e882472,ILVIS0_applanix_55131_610-27Oct09_27Oct09.013,b3a5cac897123f4c94673c04dc2c48c6379422ea27d40bbdce594abaca14b04f,13079904,Applanix Group 4,21,200,33,210101cdccccbe85ebd1be295c3f40000000000000000000000000000000000000000000000000000000000000000000000000000000000000000000000000020000,2009-10-27T13:28:57.062636Z,2009-10-27T13:34:29.062525Z,5.533331489630897,787.07,790.305,72.36675530710346,332,unresolved,unresolved,66478,"empirical conditional hypothesis, not scientific promotion",3.725290298461914e-09,1.453399658203125e-07
0e73879f98c3b701fd7c42df,ILVIS0_applanix_55133_610-29Oct09_29Oct09.013,be71c81e9150a6e44357974998cb81ef0baf50abe3856bf127aa05cb603d9af6,13090648,Applanix Group 4,21,200,33,210101cdccccbe85ebd1be295c3f40000000000000000000000000000000000000000000000000000000000000000000000000000000000000000000000000020000,2009-10-29T13:26:58.932564Z,2009-10-29T13:38:07.931964Z,11.149990011023085,836.14,837.66,154.79570470440655,669,unresolved,unresolved,133878,"empirical conditional hypothesis, not scientific promotion",3.725290298461914e-09,1.453399658203125e-07
fd7b81e48a4122b149c4925b,ILVIS0_applanix_55140_610-05Nov09_05Nov09.013,146d30ae1fb765aba07f51c15e84b0abfd1aa6167ce99484f41c14e2274657a8,13090104,Applanix Group 4,21,200,33,210101cdccccbe85ebd1be295c3f40000000000000000000000000000000000000000000000000000000000000000000000000000000000000000000000000020000,2009-11-05T14:40:28.063157Z,2009-11-05T14:46:22.062864Z,5.8999951106690185,718.21,737.0799999999999,71.81057294290049,354,unresolved,unresolved,70878,"empirical conditional hypothesis, not scientific promotion",3.725290298461914e-09,1.453399658203125e-07
7024120d59221e8eaf127084,ILVIS0_applanix_55277_20100322_610_AMES_08Dec09.013,058b27e4e68f5f7c0c6d170e300a9cb98d423d93a1bc296f0cab5ef08f61d841,13090576,Applanix Group 4,21,200,33,210101cdccccbe85ebd1be295c3f40000000000000000000000000000000000000000000000000000000000000000000000000000000000000000000000000020000,2010-03-22T07:52:03.263559Z,2010-03-22T07:59:19.264160Z,7.26667667642032,801.81,820.7199999999999,98.94185049890898,436,fully converged,globe,87280,"empirical conditional hypothesis, not scientific promotion",3.725290298461914e-09,1.453399658203125e-07
b4ab6e128de963c2ce69aa51,ILVIS0_applanix_55284_20100329_610_AMES_29Mar100329_103936.013,fd30ec45fa2363e28942975796dd8d1d1f10e10c3de26cf49437afb67dc20fba,13078568,Applanix Group 4,21,200,33,210101cdccccbe85ebd1be295c3f40000000000000000000000000000000000000000000000000000000000000000000000000000000000000000000000000020000,2010-03-29T13:06:37.134207Z,2010-03-29T13:13:30.134487Z,6.883338008954403,862.31,863.24,98.24422632274788,413,unresolved,unresolved,82680,"empirical conditional hypothesis, not scientific promotion",3.725290298461914e-09,1.453399658203125e-07
7df21c836bec5751f83c0cce,ILVIS0_applanix_55295_20100409_610_LVIS_09Apr10.013,b479a9a435e4e89047a18b53ba884364fe487a90b5bad42f8a6a2bb107a72bbd,13084392,Applanix Group 4,21,200,33,210101cdccccbe85ebd1be295c3f40000000000000000000000000000000000000000000000000000000000000000000000000000000000000000000000000020000,2010-04-09T12:56:16.115058Z,2010-04-09T13:00:20.115282Z,4.066670403933191,834.33,841.7449999999999,56.47409292191687,244,unresolved,unresolved,48880,"empirical conditional hypothesis, not scientific promotion",3.725290298461914e-09,1.453399658203125e-07
bb8061a43b4f14b6262ceda1,ILVIS0_applanix_55300_20100414_Ames610_14Apr10.013,9ba34a0ecac0a8512866d4996e8b56848f7a573e36a985fdd5f8e41421221484,13075064,Applanix Group 4,21,200,33,210101cdccccbe85ebd1be295c3f40000000000000000000000000000000000000000000000000000000000000000000000000000000000000000000000000020000,2010-04-14T12:41:33.104523Z,2010-04-14T12:47:57.103723Z,6.3999866651177095,793.66,794.36,84.11104445122862,384,unresolved,unresolved,76878,"empirical conditional hypothesis, not scientific promotion",3.725290298461914e-09,1.453399658203125e-07
48c1bfe2f1aeb31c9386841d,ILVIS0_applanix_55842_610_LVIS.013,e863c1e91f4a1edc2f6962a73fd669d1f5442b088e50286a6efd3a1087406b12,13072188,Applanix Group 4,21,200,2,020101295c0f3e295c0f3d8fc2f5bd7f6afc3e713d0a3fe17a5cc0000000000000000000000000000000000000000000000000000000000000000000000000020000,2011-10-08T15:00:19Z,2011-10-08T15:07:25Z,7.1,891.42,904.53,106.48829402423792,427,unresolved,unresolved,85277,"empirical conditional hypothesis, not scientific promotion",3.725290298461914e-09,1.453399658203125e-07
8bf60391909fe8988c23621a,ILVIS0_applanix_55844_610_LVIS.013,8befd824cf785f055562eaedeb3474406dd5bc346f666091db17c016138918da,13075576,Applanix Group 4,21,200,2,020101295c0f3e295c0f3d8fc2f5bd7f6afc3e713d0a3fe17a5cc0000000000000000000000000000000000000000000000000000000000000000000000000020000,2011-10-10T12:20:04.228661Z,2011-10-10T12:26:21Z,6.279522308732461,788.14,796.38,82.83210480823429,377,unresolved,unresolved,75432,"empirical conditional hypothesis, not scientific promotion",3.725290298461914e-09,1.453399658203125e-07
2791235ca0b11b1ef4386e21,ILVIS0_applanix_55846_610_LVIS.013,02459608f57b1b266e25daefcd9e5190515e1a046c0f633474604d1877a3ac75,13090860,Applanix Group 4,21,200,2,020101295c0f3e295c0f3d8fc2f5bd7f6afc3e713d0a3fe17a5cc0000000000000000000000000000000000000000000000000000000000000000000000000020000,2011-10-12T12:05:40Z,2011-10-12T12:13:02Z,7.366666666666666,809.3,822.45,100.66539483323227,443,unresolved,unresolved,88478,"empirical conditional hypothesis, not scientific promotion",3.725290298461914e-09,1.453399658203125e-07
2f7e37c48f3b4423c55662dd,ILVIS0_applanix_57289_610_DMS_24Sept15DMS.013,967747b4e92fe754a9a449b6196064e1dd46d0a4e1063cab412c5bbb1525ff08,13075912,Applanix Group 4,21,200,17,11010131082cbd68916dbef4fdd4bd0e2d2ac0000000001f85fbbf000000000000000000000000000000000000000000000000000000000000000000000000000000000000000000000000000000,2015-09-24T13:19:15.032273Z,2015-09-24T13:28:40Z,9.416128783317012,741.44,755.57,117.64957516887327,565,fully converged,globe,113073,"empirical conditional hypothesis, not scientific promotion",3.725290298461914e-09,1.453399658203125e-07
d9d91c8edba5721931856fc9,ILVIS0_applanix_57289_610_LVIS_38614965.013,b1b624d9c5d736b411e6faa58b53000f1884d01563615b2681413234fcd48363,13083304,Applanix Group 4,21,200,2,0201016de7bbbed7a3b03e643b9fbe5c8f023f3d0ad73d736809c0000000000000000000000000000000000000000000000000000000000000000000000000020000,2015-09-24T12:47:53Z,2015-09-24T12:55:12Z,7.316666666666666,788.77,793.6099999999999,96.74767948633091,440,unresolved,unresolved,87877,"empirical conditional hypothesis, not scientific promotion",3.725290298461914e-09,1.453399658203125e-07
da346f70a6661ee42cecea19,ILVIS0_applanix_57289_610_loaner_24Sept15LVIS.013,b108983d1e5bc9953aaf9f7f22731ef6aba82d33dc5b1c008e41f53da5189153,13069764,Applanix Group 4,21,200,17,110101a69bc43dc520303d643b9f3e1283403d31082cbd85eb09c0000000000000000000000000000000000000000000000000000000000000000000000000000000000000000000000000000000,2015-09-24T13:06:34Z,2015-09-24T13:15:39Z,9.083333333333334,769.81,784.845,118.20542055622934,546,unresolved,unresolved,109079,"empirical conditional hypothesis, not scientific promotion",3.725290298461914e-09,1.453399658203125e-07
e6629f14d2e03e471a446e06,ILVIS0_applanix_57291_610_DMS_26Sept15DMS.013,b06fcc78e20fd60cd586257e27e63cd14185f71a02c53cc17c1ab5d665ef6c74,13068040,Applanix Group 4,21,200,17,11010131082cbd68916dbef4fdd4bd0e2d2ac0000000001f85fbbf000000000000000000000000000000000000000000000000000000000000000000000000000000000000000000000000000000,2015-09-26T14:02:21.171782Z,2015-09-26T14:11:32.973698Z,9.196698599949013,791.93,798.32,121.56216684911783,551,unresolved,unresolved,110440,"empirical conditional hypothesis, not scientific promotion",3.725290298461914e-09,1.453399658203125e-07
f7677e15295077fd8cfd3089,ILVIS0_applanix_57291_610_LVIS_38614965.013,aed33e93397d83185507cdf213cdde9592b6b17acd10545f17c7ba19c6fcf1e5,13074408,Applanix Group 4,21,200,2,0201016de7bbbed7a3b03e643b9fbe5c8f023f3d0ad73d736809c0000000000000000000000000000000000000000000000000000000000000000000000000020000,2015-09-26T13:25:00Z,2015-09-26T13:32:19Z,7.316666666666666,819.96,825.25,100.37549586672375,440,fully converged,globe,87877,"empirical conditional hypothesis, not scientific promotion",3.725290298461914e-09,1.453399658203125e-07
abe881b5c87cc878226a9aef,ILVIS0_applanix_57291_610_loaner_26Sept15LVIS.013,46db5ba4fa7fd9c25529e5eadd241aa32ca8c21e176af51cf9b0c147b6cdee71,13073240,Applanix Group 4,21,200,17,110101a69bc43dc520303d643b9f3e1283403d31082cbd85eb09c0000000000000000000000000000000000000000000000000000000000000000000000000000000000000000000000000000000,2015-09-26T14:01:50Z,2015-09-26T14:10:47Z,8.95,791.91,797.815,118.54627598091398,538,fully converged,globe,107478,"empirical conditional hypothesis, not scientific promotion",3.725290298461914e-09,1.453399658203125e-07
01177d345ecb28bcfdcc6a4f,ILVIS0_applanix_57294_610_DMS_29Sept15DMS.013,884f24fa9166c495220096d674c20a7532e7c2a1e06fb3fe471fa91eb1085cfa,13073160,Applanix Group 4,21,200,17,11010131082cbd68916dbef4fdd4bd0e2d2ac0000000001f85fbbf000000000000000000000000000000000000000000000000000000000000000000000000000000000000000000000000000000,2015-09-29T12:48:57.087609Z,2015-09-29T12:57:28.988956Z,8.53168911729784,884.65,887.95,125.37088963653736,511,unresolved,unresolved,102460,"empirical conditional hypothesis, not scientific promotion",3.725290298461914e-09,1.453399658203125e-07
dac266ab5c198050d25b17f6,ILVIS0_applanix_57294_610_loaner_29Sept15LVIS.013,ec9574fb40204363ffb03ad9d1d6af39fcffefeb65bc0ba67ef41bc08a0c3751,13068436,Applanix Group 4,21,200,17,110101a69bc43dc520303d643b9f3e1283403d31082cbd85eb09c0000000000000000000000000000000000000000000000000000000000000000000000000000000000000000000000000000000,2015-09-29T12:47:39Z,2015-09-29T12:56:32Z,8.883333333333333,884.63,887.9,130.9867904768368,534,unresolved,unresolved,106678,"empirical conditional hypothesis, not scientific promotion",3.725290298461914e-09,1.453399658203125e-07
f50ff54d2e6175d2e8277823,ILVIS0_applanix_57298_610_DMS_03Oct15DMS.013,7a4550b7b11885f70f79ee1fbec915536759e25f0b4e9978e25760fbb4aecc22,13072720,Applanix Group 4,21,200,17,11010131082cbd68916dbef4fdd4bd0e2d2ac0000000001f85fbbf000000000000000000000000000000000000000000000000000000000000000000000000000000000000000000000000000000,2015-10-03T14:18:43.047077Z,2015-10-03T14:27:51Z,9.132548716668195,881.38,894.025,135.02100695010364,548,unresolved,unresolved,109670,"empirical conditional hypothesis, not scientific promotion",3.725290298461914e-09,1.453399658203125e-07
4fad619380ea429cbf6cbcc9,ILVIS0_applanix_57298_610_LVIS_38614965.013,f87065a4678b2bcfe2134838327b3a4f2caf56eaa1ebb9908573968eb2dd38b5,13075080,Applanix Group 4,21,200,2,0201018941a0be23dbb93e6666a6befca9113f6de7fb3dfa7e0ac0000000000000000000000000000000000000000000000000000000000000000000000000020000,2015-10-03T14:01:56.618753Z,2015-10-03T14:06:39Z,4.706354118646899,905.54,915.78,71.35570147606222,283,unresolved,unresolved,56555,"empirical conditional hypothesis, not scientific promotion",3.725290298461914e-09,1.453399658203125e-07
d4e793dd58b79bf4d95c692b,ILVIS0_applanix_57298_610_loaner_03Oct15LVIS.013,0f0fdad9b4849b54c6e839aa4824648f3932b84363d90ba68785787ff52d9295,13055952,Applanix Group 4,21,200,17,110101a69bc43dc520303d643b9f3e1283403d31082cbd85eb09c0000000000000000000000000000000000000000000000000000000000000000000000000000000000000000000000000000000,2015-10-03T14:18:15Z,2015-10-03T14:27:08Z,8.883333333333333,881.38,895.59,131.6397668887123,534,unresolved,unresolved,106679,"empirical conditional hypothesis, not scientific promotion",3.725290298461914e-09,1.453399658203125e-07
570b37d23af5e245dd461051,ILVIS0_applanix_57300_610_LVIS_38614965.013,62516a0d2c5c33e9e55b7db7a0f4f3649252bc8257c8dab9ae2dd48212c1faa8,13070944,Applanix Group 4,21,200,2,0201018941a0be23dbb93e6666a6befca9113f6de7fb3dfa7e0ac0000000000000000000000000000000000000000000000000000000000000000000000000020000,2015-10-05T12:45:50Z,2015-10-05T12:53:08Z,7.3,859.55,878.06,106.63966816095368,439,fully converged,globe,87677,"empirical conditional hypothesis, not scientific promotion",3.725290298461914e-09,1.453399658203125e-07
8dacbcf9f1e2774318723460,ILVIS0_applanix_57300_610_loaner_05Oct15LVIS.013,3ab10969062fe380b142906ff982299364b3b0f8741802828e02b1c756833ef1,13062332,Applanix Group 4,21,200,17,110101a69bc43dc520303d643b9f3e1283403d31082cbd85eb09c0000000000000000000000000000000000000000000000000000000000000000000000000000000000000000000000000000000,2015-10-05T13:08:08Z,2015-10-05T13:14:34.584286Z,6.443071434787513,828.84,847.79,90.26142456841771,387,fully converged,globe,77396,"empirical conditional hypothesis, not scientific promotion",3.725290298461914e-09,1.453399658203125e-07
a953c8ddf4fae255674de128,ILVIS0_applanix_57302_610_DMS_07Oct15DMS.013,7667d95837b5dcea4ffd8df52d9ee4ef586219ba56aa1032d04b515327669578,13065992,Applanix Group 4,21,200,17,11010131082cbd68916dbef4fdd4bd0e2d2ac0000000001f85fbbf000000000000000000000000000000000000000000000000000000000000000000000000000000000000000000000000000000,2015-10-07T13:27:51.097754Z,2015-10-07T13:36:56Z,9.081704099941998,837.65,854.59,128.44975101366697,545,unresolved,unresolved,109060,"empirical conditional hypothesis, not scientific promotion",3.725290298461914e-09,1.453399658203125e-07
711e7aade97a54f71ac5d9c5,ILVIS0_applanix_57302_610_LVIS_38614965.013,4d0f2527e5b1c11a6848528ec7def5a791f53ab84575c880eeda18cf7c98ae20,13079916,Applanix Group 4,21,200,2,0201018941a0be23dbb93e6666a6befca9113f6de7fb3dfa7e0ac0000000000000000000000000000000000000000000000000000000000000000000000000020000,2015-10-07T12:54:45.006409Z,2015-10-07T13:00:18.054208Z,5.550796642256318,755.07,772.62,70.84616945144188,333,fully converged,globe,66688,"empirical conditional hypothesis, not scientific promotion",3.725290298461914e-09,1.453399658203125e-07
31d7e5019dfdc9e2e6387206,ILVIS0_applanix_57302_610_loaner_07Oct15LVIS.013,e7d8d3bbf06a3f1b5125b231c220fc9c30623a194ad2886fef576376daac43bc,13059960,Applanix Group 4,21,200,17,110101a69bc43dc520303d643b9f3e1283403d31082cbd85eb09c0000000000000000000000000000000000000000000000000000000000000000000000000000000000000000000000000000000,2015-10-07T13:27:38Z,2015-10-07T13:36:31Z,8.883333333333333,837.73,854.2,125.72836432564458,534,fully converged,globe,106678,"empirical conditional hypothesis, not scientific promotion",3.725290298461914e-09,1.453399658203125e-07
f66ab49757292bc3c396aba2,ILVIS0_applanix_57305_610_DMS_10Oct15DMS.013,80a8797531e4b3f681125266cf61047ce16334f61a25a4b8e6f2764b47878b3f,13074048,Applanix Group 4,21,200,17,11010131082cbd68916dbef4fdd4bd0e2d2ac0000000001f85fbbf000000000000000000000000000000000000000000000000000000000000000000000000000000000000000000000000000000,2015-10-10T14:14:55Z,2015-10-10T14:24:15Z,9.333333333333334,900.71,913.9,141.38942814462612,561,unresolved,unresolved,112079,"empirical conditional hypothesis, not scientific promotion",3.725290298461914e-09,1.453399658203125e-07
e543e7b6e878b96a1966dbb6,ILVIS0_applanix_57305_610_LVIS_38614965.013,b348ff5526a3352a50d02bc0dab03e91a81b25016a39b597eeae81c0cd3f3f45,13076356,Applanix Group 4,21,200,2,0201018941a0be23dbb93e6666a6befca9113f6de7fb3dfa7e0ac0000000000000000000000000000000000000000000000000000000000000000000000000020000,2015-10-10T13:51:59Z,2015-10-10T13:59:04Z,7.083333333333333,816.62,823.42,96.76181393885109,426,unresolved,unresolved,85078,"empirical conditional hypothesis, not scientific promotion",3.725290298461914e-09,1.453399658203125e-07
9f4d888995ab94bb8eff4df6,ILVIS0_applanix_57305_610_loaner_10Oct15LVIS.013,826aa8821e1555e33a1abe938b76dd2012f0e081c1e968049ede3141bb74647f,13066444,Applanix Group 4,21,200,17,110101a69bc43dc520303d643b9f3e1283403d31082cbd85eb09c0000000000000000000000000000000000000000000000000000000000000000000000000000000000000000000000000000000,2015-10-10T14:12:28Z,2015-10-10T14:21:40Z,9.2,900.7,914.24,139.351511422902,553,unresolved,unresolved,110479,"empirical conditional hypothesis, not scientific promotion",3.725290298461914e-09,1.453399658203125e-07
705de394963c8be15c580512,ILVIS0_applanix_57307_610_DMS_12Oct15DMS.013,ccaeeeedb894493a44a900093e5c5c4cb573920b6f66ed3bd361c13bdeb1438d,13062292,Applanix Group 4,21,200,17,11010131082cbd68916dbef4fdd4bd0e2d2ac0000000001f85fbbf000000000000000000000000000000000000000000000000000000000000000000000000000000000000000000000000000000,2015-10-12T13:26:58.778403Z,2015-10-12T13:30:59Z,4.003693282884584,786.5,795.93,52.73902924964797,241,unresolved,unresolved,48123,"empirical conditional hypothesis, not scientific promotion",3.725290298461914e-09,1.453399658203125e-07
74ec8f62cb621604ddcdde9c,ILVIS0_applanix_57307_610_loaner_12Oct15LVIS.013,65d13de163bd842cf1bf936ca5ec033aa8b952e5d21194a0557d68238f0b8655,13060876,Applanix Group 4,21,200,17,110101a69bc43dc520303d643b9f3e1283403d31082cbd85eb09c0000000000000000000000000000000000000000000000000000000000000000000000000000000000000000000000000000000,2015-10-12T13:15:12Z,2015-10-12T13:23:47Z,8.583333333333334,820.44,828.44,118.01973262249047,516,unresolved,unresolved,103079,"empirical conditional hypothesis, not scientific promotion",3.725290298461914e-09,1.453399658203125e-07
a6e658d1550299e4eb9f00a3,ILVIS0_applanix_57312_610_DMS_17Oct15DMS.013,fa2c63653bc2b67150fb21a9cc68a0d1f35eb634f077c2924c402f725639b389,13054460,Applanix Group 4,21,200,17,11010131082cbd68916dbef4fdd4bd0e2d2ac0000000001f85fbbf000000000000000000000000000000000000000000000000000000000000000000000000000000000000000000000000000000,2015-10-17T13:17:44Z,2015-10-17T13:26:46Z,9.033333333333333,775.55,779.11,116.98955544192152,543,unresolved,unresolved,108479,"empirical conditional hypothesis, not scientific promotion",3.725290298461914e-09,1.453399658203125e-07
8f2a00e9f13b367202e4d46a,ILVIS0_applanix_57312_610_LVIS_38614965.013,a8c4fdb754e5d3ac4bd4027c47ec5d67a3d4fc6877521c830ea63e1c6f7304a7,13078836,Applanix Group 4,21,200,2,0201018941a0be23dbb93e6666a6befca9113f6de7fb3dfa7e0ac0000000000000000000000000000000000000000000000000000000000000000000000000020000,2015-10-17T12:54:03Z,2015-10-17T13:01:19Z,7.266666666666667,748.88,755.46,91.17584685021717,437,fully converged,globe,87277,"empirical conditional hypothesis, not scientific promotion",3.725290298461914e-09,1.453399658203125e-07
8cc288f5de7e88878c04b7f1,ILVIS0_applanix_57312_610_loaner_17Oct15LVIS.013,32cda674a76d0ce493f5abd9209b3649ab6b20c7777a4e2c9b733cc3695bc49b,13059536,Applanix Group 4,21,200,17,110101a69bc43dc520303d643b9f3e1283403d31082cbd85eb09c0000000000000000000000000000000000000000000000000000000000000000000000000000000000000000000000000000000,2015-10-17T13:17:05Z,2015-10-17T13:25:56Z,8.85,775.64,779.105,114.52702803277201,532,unresolved,unresolved,106278,"empirical conditional hypothesis, not scientific promotion",3.725290298461914e-09,1.453399658203125e-07
50f24131843071ae9312c082,ILVIS0_applanix_57315_610_DMS_20Oct15DMS.013,2362a0849b4bbed6628fc29728608329ff7759b164f5db14b8ced5db650044fd,13068984,Applanix Group 4,21,200,17,11010131082cbd68916dbef4fdd4bd0e2d2ac0000000001f85fbbf000000000000000000000000000000000000000000000000000000000000000000000000000000000000000000000000000000,2015-10-20T13:17:24Z,2015-10-20T13:26:38Z,9.233333333333333,749.71,753.84,115.48357319680478,555,unresolved,unresolved,110879,"empirical conditional hypothesis, not scientific promotion",3.725290298461914e-09,1.453399658203125e-07
be1d75a0e47ff1c972865ba7,ILVIS0_applanix_57315_610_LVIS_38614965.013,3d9d56ad3523899faab65133c2ddd7edb4bc264cbeb22ff232a3abaac4a684c6,13084644,Applanix Group 4,21,200,2,0201018941a0be23dbb93e6666a6befca9113f6de7fb3dfa7e0ac0000000000000000000000000000000000000000000000000000000000000000000000000020000,2015-10-20T12:54:29Z,2015-10-20T13:01:44Z,7.25,752.01,761.1450000000001,91.77353752175026,436,unresolved,unresolved,87078,"empirical conditional hypothesis, not scientific promotion",3.725290298461914e-09,1.453399658203125e-07
61e1b08da0912019eb521cd9,ILVIS0_applanix_57315_610_loaner_20Oct15LVIS.013,35faa064064ac2da8777bcf47bb779a08d8a96c1a3894afc9aac56050845c4a0,13054516,Applanix Group 4,21,200,17,110101a69bc43dc520303d643b9f3e1283403d31082cbd85eb09c0000000000000000000000000000000000000000000000000000000000000000000000000000000000000000000000000000000,2015-10-20T13:15:17Z,2015-10-20T13:24:12Z,8.916666666666666,746.7,754.095,111.48243866590111,536,unresolved,unresolved,107079,"empirical conditional hypothesis, not scientific promotion",3.725290298461914e-09,1.453399658203125e-07
ec6effbf9b2172b1389afc96,ILVIS0_applanix_57317_610_DMS_21Oct15DMS.013,747af0052ad00f391faba70a8fda149e5d2fb521d7cd59d0f89c93c994f90847,13071212,Applanix Group 4,21,200,17,11010131082cbd68916dbef4fdd4bd0e2d2ac0000000001f85fbbf000000000000000000000000000000000000000000000000000000000000000000000000000000000000000000000000000000,2015-10-22T13:14:24Z,2015-10-22T13:20:34.617838Z,6.1769639671217496,807.7,824.99,84.65980689510819,371,fully converged,globe,74203,"empirical conditional hypothesis, not scientific promotion",3.725290298461914e-09,1.453399658203125e-07
c69d0a93113d86b5264f92eb,ILVIS0_applanix_57317_610_LVIS_38614965.013,dc32b2cb80a2e3f8d2919455ec693d1e2fec7de507016bb7e5fbbf095a11cf3f,13077864,Applanix Group 4,21,200,2,0201018941a0be23dbb93e6666a6befca9113f6de7fb3dfa7e0ac0000000000000000000000000000000000000000000000000000000000000000000000000020000,2015-10-22T12:53:27Z,2015-10-22T13:00:38Z,7.183333333333334,711.97,726.545,86.66880068301295,432,fully converged,globe,86277,"empirical conditional hypothesis, not scientific promotion",3.725290298461914e-09,1.453399658203125e-07
370cec66878c4c1cf84b4ceb,ILVIS0_applanix_57320_610_DMS_25Oct15DMS.013,eb428ae333f73e1c2faf9355197e254ddffb7bc9572e3c086534782911f79991,13074968,Applanix Group 4,21,200,17,11010131082cbd68916dbef4fdd4bd0e2d2ac0000000001f85fbbf000000000000000000000000000000000000000000000000000000000000000000000000000000000000000000000000000000,2015-10-25T13:14:25Z,2015-10-25T13:23:38Z,9.216666666666667,811.8,816.905,124.9272666960015,554,unresolved,unresolved,110679,"empirical conditional hypothesis, not scientific promotion",3.725290298461914e-09,1.453399658203125e-07
b4e44ddc0f130ecd45674c78,ILVIS0_applanix_57320_610_LVIS_38614965.013,ffb1b6b76c3b2bb3daf03e1c261d47b4f365fd5d5a68be087bcc4717779130c8,13076128,Applanix Group 4,21,200,2,0201018941a0be23dbb93e6666a6befca9113f6de7fb3dfa7e0ac0000000000000000000000000000000000000000000000000000000000000000000000000020000,2015-10-25T12:52:41Z,2015-10-25T12:59:54Z,7.216666666666667,822.02,824.94,98.83878306436581,434,unresolved,unresolved,86677,"empirical conditional hypothesis, not scientific promotion",3.725290298461914e-09,1.453399658203125e-07
2eb8727803b318a39937e7ec,ILVIS0_applanix_57320_610_loaner_25Oct15LVIS.013,decf7c0e39ab952b03f71b5aad98b8b9926dfab317dbd897ad5047de55d6a414,13066440,Applanix Group 4,21,200,17,110101a69bc43dc520303d643b9f3e1283403d31082cbd85eb09c0000000000000000000000000000000000000000000000000000000000000000000000000000000000000000000000000000000,2015-10-25T13:09:19Z,2015-10-25T13:18:17Z,8.966666666666667,811.82,823.61,122.2254307523758,539,unresolved,unresolved,107678,"empirical conditional hypothesis, not scientific promotion",3.725290298461914e-09,1.453399658203125e-07
2a56eb8fa7d4e10c9a867bb0,ILVIS0_applanix_57322_610_DMS_27Oct15bDMS.013,04bf5f3431e1e10c11f457c2326468c7863f92b5c92ade542304d073b3f61794,13065932,Applanix Group 4,21,200,17,11010131082cbd68916dbef4fdd4bd0e2d2ac0000000001f85fbbf000000000000000000000000000000000000000000000000000000000000000000000000000000000000000000000000000000,2015-10-27T14:27:23Z,2015-10-27T14:36:31Z,9.133333333333333,829.82,834.67,126.56580532162185,549,unresolved,unresolved,109679,"empirical conditional hypothesis, not scientific promotion",3.725290298461914e-09,1.453399658203125e-07
f5c1fca513b9b40dffba93eb,ILVIS0_applanix_57322_610_LVIS_38614965.013,12abb28abbbb1d1d41973f7a23973381a8f54f1fdea957a4fd1ac20f5ef32ee1,13076480,Applanix Group 4,21,200,2,0201018941a0be23dbb93e6666a6befca9113f6de7fb3dfa7e0ac0000000000000000000000000000000000000000000000000000000000000000000000000020000,2015-10-27T14:02:23Z,2015-10-27T14:06:53.480000Z,4.507999993172901,833.77,842.84,62.94227436940104,271,unresolved,unresolved,54174,"empirical conditional hypothesis, not scientific promotion",3.725290298461914e-09,1.453399658203125e-07
013fdb894ff28509889a8896,ILVIS0_applanix_57322_610_loaner_27Oct15bLVIS.013,80f5fb611eea76b910a45a514b83de842bf075bae82d55e1796e52fabd33852d,13066704,Applanix Group 4,21,200,17,110101a69bc43dc520303d643b9f3e1283403d31082cbd85eb09c0000000000000000000000000000000000000000000000000000000000000000000000000000000000000000000000000000000,2015-10-27T14:25:35Z,2015-10-27T14:34:30Z,8.916666666666666,829.87,834.495,123.53320170738276,536,unresolved,unresolved,107078,"empirical conditional hypothesis, not scientific promotion",3.725290298461914e-09,1.453399658203125e-07
5a642167dfb523f6c9cc284c,ILVIS0_applanix_57324_610_DMS_29Oct15DMS.013,dbfc28541f9db07034e3d23a677ff01acd5dd7bd77c663168fa057089c988471,13072324,Applanix Group 4,21,200,17,11010131082cbd68916dbef4fdd4bd0e2d2ac0000000001f85fbbf000000000000000000000000000000000000000000000000000000000000000000000000000000000000000000000000000000,2015-10-29T13:16:56Z,2015-10-29T13:26:08Z,9.2,868.42,879.91,134.41693117462262,553,unresolved,unresolved,110479,"empirical conditional hypothesis, not scientific promotion",3.725290298461914e-09,1.453399658203125e-07
c028fde63f91c3f1067df4ad,ILVIS0_applanix_57324_610_LVIS_38614965.013,6bb4767c8ba1d9ddb88e8248be3389fd44164c800af717de99df0e156d4d9fc1,13077760,Applanix Group 4,21,200,2,0201018941a0be23dbb93e6666a6befca9113f6de7fb3dfa7e0ac0000000000000000000000000000000000000000000000000000000000000000000000000020000,2015-10-29T12:57:46Z,2015-10-29T13:03:39.531728Z,5.892195471146261,828.27,835.035,81.61381975031053,354,fully converged,globe,70784,"empirical conditional hypothesis, not scientific promotion",3.725290298461914e-09,1.453399658203125e-07
7ee5e21c025360c970124eeb,ILVIS0_applanix_57324_610_loaner_29Oct15LVIS.013,1791729cbe1e001c95c16eeb7e555f5c59b36d18faa988bcb4cea1e912aff2ab,13069780,Applanix Group 4,21,200,17,110101a69bc43dc520303d643b9f3e1283403d31082cbd85eb09c0000000000000000000000000000000000000000000000000000000000000000000000000000000000000000000000000000000,2015-10-29T13:11:09.888451Z,2015-10-29T13:20:04Z,8.901859147763268,883.56,892.43,131.69157891039285,535,unresolved,unresolved,106901,"empirical conditional hypothesis, not scientific promotion",3.725290298461914e-09,1.453399658203125e-07
